object={
	name="oak_tree_generator_2_0"
	clamp_to_water_level=no
	render_under_water=no
	generated_content=yes
	layer="oak_tree_layer"
	pdxmesh="tree_oak_2_mesh"
	count=820
	transform="1953.090942 0.000000 1400.559814 0.000000 0.867714 0.000000 -0.497063 1.000000 1.000000 1.000000
1958.651123 0.000000 1399.720093 0.000000 0.304015 0.000000 0.952667 1.000000 1.000000 1.000000
2015.583740 0.000000 1521.039917 0.000000 0.305411 0.000000 0.952221 1.000000 1.000000 1.000000
2012.580200 0.000000 1520.779419 0.000000 0.330511 0.000000 -0.943802 1.000000 1.000000 1.000000
2014.951904 0.000000 1523.686768 0.000000 0.757405 0.000000 -0.652946 1.090587 1.090587 1.090587
2014.125244 0.000000 1520.484131 0.000000 0.999925 0.000000 0.012268 1.000000 1.000000 1.000000
2014.596436 0.000000 1515.153931 0.000000 0.661573 0.000000 0.749881 1.000000 1.000000 1.000000
2015.042480 0.000000 1522.228882 0.000000 0.433819 0.000000 0.901000 0.857134 0.857134 0.857134
2026.237061 0.000000 1533.156006 0.000000 0.820456 0.000000 0.571709 1.000000 1.000000 1.000000
2027.240723 0.000000 1519.348755 0.000000 0.578192 0.000000 0.815901 0.878497 0.878497 0.878497
2041.745117 0.000000 1522.111816 0.000000 0.746110 0.000000 0.665822 1.000000 1.000000 1.000000
2045.251953 0.000000 1517.357788 0.000000 0.996052 0.000000 -0.088774 1.000000 1.000000 1.000000
2038.739380 0.000000 1529.589233 0.000000 0.137303 0.000000 -0.990529 1.000000 1.000000 1.000000
2031.013672 0.000000 1530.890625 0.000000 0.755548 0.000000 -0.655093 1.000000 1.000000 1.000000
2016.883179 0.000000 1521.418335 0.000000 0.999922 0.000000 0.012462 0.998413 0.998413 0.998413
2043.334595 0.000000 1514.015869 0.000000 0.749794 0.000000 -0.661672 1.092061 1.092061 1.092061
2019.616577 0.000000 1523.393311 0.000000 0.457504 0.000000 -0.889208 1.000000 1.000000 1.000000
2042.141479 0.000000 1516.945923 0.000000 0.141084 0.000000 -0.989998 1.181976 1.181976 1.181976
2046.818359 0.000000 1513.798096 0.000000 0.983707 0.000000 -0.179779 1.000000 1.000000 1.000000
2036.137573 0.000000 1524.127686 0.000000 0.910624 0.000000 0.413236 0.945759 0.945759 0.945759
2028.886108 0.000000 1517.309692 0.000000 0.506785 0.000000 0.862072 1.000000 1.000000 1.000000
2032.581177 0.000000 1528.781860 0.000000 0.361670 0.000000 -0.932306 1.152883 1.152883 1.152883
2042.570801 0.000000 1510.997559 0.000000 0.756729 0.000000 -0.653729 1.000000 1.000000 1.000000
2021.661865 0.000000 1519.155640 0.000000 0.323671 0.000000 0.946170 0.841967 0.841967 0.841967
2028.612671 0.000000 1531.950317 0.000000 0.755416 0.000000 -0.655245 1.000000 1.000000 1.000000
2028.515259 0.000000 1521.895874 0.000000 0.050881 0.000000 -0.998705 1.000000 1.000000 1.000000
2023.752808 0.000000 1532.761230 0.000000 0.732440 0.000000 0.680831 1.000000 1.000000 1.000000
2022.176758 0.000000 1514.516968 0.000000 0.907708 0.000000 0.419602 1.000000 1.000000 1.000000
2025.338501 0.000000 1530.942017 0.000000 0.530623 0.000000 -0.847608 1.000000 1.000000 1.000000
2024.669189 0.000000 1514.826782 0.000000 0.885075 0.000000 -0.465448 1.000000 1.000000 1.000000
2041.309937 0.000000 1512.940063 0.000000 0.170744 0.000000 -0.985315 1.000000 1.000000 1.000000
2018.672852 0.000000 1512.067871 0.000000 0.994608 0.000000 -0.103711 1.000000 1.000000 1.000000
2025.953491 0.000000 1520.917358 0.000000 0.224802 0.000000 0.974404 0.828869 0.828869 0.828869
2041.732422 0.000000 1515.052612 0.000000 0.695940 0.000000 -0.718100 1.101995 1.101995 1.101995
2017.547363 0.000000 1519.726074 0.000000 0.827681 0.000000 -0.561199 1.075864 1.075864 1.075864
2032.933105 0.000000 1530.564087 0.000000 0.737164 0.000000 0.675713 1.000000 1.000000 1.000000
2035.423828 0.000000 1528.314331 0.000000 0.888186 0.000000 -0.459484 1.060786 1.060786 1.060786
2043.478149 0.000000 1515.774536 0.000000 0.426815 0.000000 0.904339 0.856146 0.856146 0.856146
2037.115723 0.000000 1525.635254 0.000000 0.338632 0.000000 0.940919 0.843986 0.843986 0.843986
2025.747681 0.000000 1518.474976 0.000000 0.257767 0.000000 -0.966207 1.166805 1.166805 1.166805
2032.708374 0.000000 1527.161499 0.000000 0.962230 0.000000 -0.272237 1.035105 1.035105 1.035105
2043.512573 0.000000 1512.326172 0.000000 0.764945 0.000000 -0.644095 1.089106 1.089106 1.089106
2027.349976 0.000000 1517.723267 0.000000 0.707853 0.000000 -0.706360 1.099866 1.099866 1.099866
2030.954834 0.000000 1528.995728 0.000000 0.620799 0.000000 -0.783970 1.000000 1.000000 1.000000
2033.112305 0.000000 1518.373535 0.000000 0.809911 0.000000 0.586552 1.000000 1.000000 1.000000
2024.314209 0.000000 1517.889526 0.000000 0.994890 0.000000 -0.100964 1.012877 1.012877 1.012877
2035.562744 0.000000 1525.593872 0.000000 0.231974 0.000000 -0.972722 1.170193 1.170193 1.170193
2027.533691 0.000000 1516.167969 0.000000 0.907070 0.000000 0.420980 0.944674 0.944674 0.944674
2021.748169 0.000000 1517.608765 0.000000 0.029217 0.000000 -0.999573 1.196279 1.196279 1.196279
2033.947144 0.000000 1528.177734 0.000000 0.129387 0.000000 0.991594 0.816520 0.816520 0.816520
2032.399414 0.000000 1524.230347 0.000000 0.996134 0.000000 -0.087851 1.011200 1.011200 1.011200
2019.255249 0.000000 1517.019409 0.000000 0.520961 0.000000 0.853581 0.869770 0.869770 0.869770
2015.964844 0.000000 1517.380859 0.000000 0.524585 0.000000 0.851358 0.870312 0.870312 0.870312
2015.925415 0.000000 1514.406250 0.000000 0.929566 0.000000 -0.368656 1.000000 1.000000 1.000000
2029.669067 0.000000 1531.122559 0.000000 0.427776 0.000000 -0.903885 1.000000 1.000000 1.000000
2016.221802 0.000000 1520.187012 0.000000 0.608275 0.000000 0.793726 0.883255 0.883255 0.883255
2018.408081 0.000000 1514.754761 0.000000 0.817782 0.000000 -0.575528 1.078081 1.078081 1.078081
2030.007812 0.000000 1518.157593 0.000000 0.928301 0.000000 -0.371829 1.000000 1.000000 1.000000
2019.417358 0.000000 1515.637451 0.000000 0.149055 0.000000 -0.988829 1.180951 1.180951 1.180951
2044.575684 0.000000 1522.798828 0.000000 0.764832 0.000000 -0.644230 1.000000 1.000000 1.000000
2018.832764 0.000000 1519.997437 0.000000 0.530282 0.000000 -0.847821 1.128834 1.128834 1.128834
2016.909058 0.000000 1523.930664 0.000000 0.265927 0.000000 -0.963993 1.165729 1.165729 1.165729
2016.979736 0.000000 1516.623291 0.000000 0.977621 0.000000 -0.210374 1.026987 1.026987 1.026987
2042.541626 0.000000 1513.125488 0.000000 0.817470 0.000000 -0.575971 1.078150 1.078150 1.078150
2037.263184 0.000000 1524.503662 0.000000 0.527233 0.000000 -0.849720 1.129292 1.129292 1.129292
2034.627808 0.000000 1522.838257 0.000000 0.577210 0.000000 0.816595 0.878343 0.878343 0.878343
2042.438721 0.000000 1515.930298 0.000000 0.590117 0.000000 0.807318 0.880367 0.880367 0.880367
2034.640381 0.000000 1525.103638 0.000000 0.824207 0.000000 -0.566289 1.076649 1.076649 1.076649
2042.770630 0.000000 1514.910889 0.000000 0.999865 0.000000 0.016414 0.997910 0.997910 0.997910
2017.842285 0.000000 1520.715942 0.000000 0.999981 0.000000 -0.006092 1.000776 1.000776 1.000776
2030.282837 0.000000 1520.229614 0.000000 0.583264 0.000000 0.812283 0.879290 0.879290 0.879290
2034.811157 0.000000 1527.511841 0.000000 0.428199 0.000000 -0.903685 1.143659 1.143659 1.143659
2042.019043 0.000000 1514.084839 0.000000 0.959990 0.000000 -0.280035 1.036138 1.036138 1.036138
2012.078003 0.000000 1657.778687 0.000000 0.955672 0.000000 -0.294435 1.000000 1.000000 1.000000
2006.743286 0.000000 1657.557983 0.000000 0.340188 0.000000 0.940358 1.000000 1.000000 1.000000
2009.199341 0.000000 1652.332031 0.000000 0.137144 0.000000 -0.990551 1.000000 1.000000 1.000000
2010.044800 0.000000 1656.626953 0.000000 0.351575 0.000000 -0.936160 1.000000 1.000000 1.000000
2008.524902 0.000000 1657.419067 0.000000 0.429359 0.000000 0.903134 0.856504 0.856504 0.856504
1990.041260 0.000000 1653.997192 0.000000 0.739886 0.000000 0.672733 1.000000 1.000000 1.000000
1990.720581 0.000000 1651.037598 0.000000 0.979889 0.000000 -0.199543 1.000000 1.000000 1.000000
1972.473633 0.000000 1671.950073 0.000000 0.056814 0.000000 -0.998385 1.000000 1.000000 1.000000
1970.029419 0.000000 1671.933716 0.000000 0.519777 0.000000 -0.854302 1.130406 1.130406 1.130406
1971.514771 0.000000 1669.719604 0.000000 0.985088 0.000000 -0.172053 1.000000 1.000000 1.000000
1973.535767 0.000000 1670.083618 0.000000 0.960991 0.000000 -0.276579 1.000000 1.000000 1.000000
1970.328247 0.000000 1670.536499 0.000000 0.828161 0.000000 -0.560490 1.075755 1.075755 1.075755
1984.509033 0.000000 1671.521973 0.000000 0.985527 0.000000 -0.169518 1.000000 1.000000 1.000000
1995.983276 0.000000 1674.677002 0.000000 0.748446 0.000000 -0.663196 1.000000 1.000000 1.000000
2002.060669 0.000000 1666.807861 0.000000 0.979240 0.000000 0.202703 1.000000 1.000000 1.000000
1996.890015 0.000000 1677.270630 0.000000 0.577126 0.000000 0.816655 1.000000 1.000000 1.000000
2002.025513 0.000000 1671.933716 0.000000 0.457215 0.000000 -0.889356 1.000000 1.000000 1.000000
1985.291870 0.000000 1673.844238 0.000000 0.742222 0.000000 0.670155 1.000000 1.000000 1.000000
2007.200806 0.000000 1668.954956 0.000000 0.325655 0.000000 0.945489 1.000000 1.000000 1.000000
1994.374634 0.000000 1675.128906 0.000000 0.200974 0.000000 0.979596 1.000000 1.000000 1.000000
2002.296631 0.000000 1669.063354 0.000000 0.922590 0.000000 -0.385782 1.050427 1.050427 1.050427
2005.911865 0.000000 1668.933960 0.000000 0.880446 0.000000 -0.474146 1.062897 1.062897 1.062897
2059.236816 0.000000 1519.348755 0.000000 0.963242 0.000000 -0.268636 1.034629 1.034629 1.034629
2051.045654 0.000000 1518.425781 0.000000 0.991242 0.000000 0.132061 0.983136 0.983136 0.983136
2050.432129 0.000000 1531.432007 0.000000 0.977179 0.000000 0.212415 1.000000 1.000000 1.000000
2055.139648 0.000000 1516.852417 0.000000 0.488357 0.000000 0.872644 0.864961 0.864961 0.864961
2051.715820 0.000000 1514.332764 0.000000 0.605792 0.000000 -0.795623 1.117143 1.117143 1.117143
2048.879395 0.000000 1521.418335 0.000000 0.664419 0.000000 0.747360 1.000000 1.000000 1.000000
2062.980469 0.000000 1521.233154 0.000000 0.126178 0.000000 0.992008 1.000000 1.000000 1.000000
2059.512451 0.000000 1525.986938 0.000000 0.516305 0.000000 0.856405 1.000000 1.000000 1.000000
2054.301758 0.000000 1524.413086 0.000000 0.997128 0.000000 -0.075734 1.000000 1.000000 1.000000
2060.511475 0.000000 1521.895874 0.000000 0.909026 0.000000 0.416740 1.000000 1.000000 1.000000
2051.755615 0.000000 1520.853638 0.000000 0.888435 0.000000 -0.459003 1.060717 1.060717 1.060717
2054.172852 0.000000 1514.516968 0.000000 0.686111 0.000000 0.727497 0.896273 0.896273 0.896273
2052.552246 0.000000 1516.518799 0.000000 0.405879 0.000000 0.913927 0.853214 0.853214 0.853214
2061.558105 0.000000 1519.430176 0.000000 0.959543 0.000000 -0.281561 1.000000 1.000000 1.000000
2057.949707 0.000000 1520.917358 0.000000 0.999966 0.000000 0.008298 0.998943 0.998943 0.998943
2053.531250 0.000000 1512.625000 0.000000 0.816696 0.000000 -0.577069 1.078321 1.078321 1.078321
2056.189453 0.000000 1521.255737 0.000000 0.134215 0.000000 -0.990952 1.182860 1.182860 1.182860
2053.288086 0.000000 1522.982300 0.000000 0.544074 0.000000 -0.839037 1.126752 1.126752 1.126752
2053.604736 0.000000 1528.888184 0.000000 0.350571 0.000000 -0.936536 1.000000 1.000000 1.000000
2059.529785 0.000000 1516.167969 0.000000 0.869497 0.000000 0.493938 1.000000 1.000000 1.000000
2060.375732 0.000000 1520.397705 0.000000 0.955751 0.000000 -0.294175 1.000000 1.000000 1.000000
2053.991943 0.000000 1516.009399 0.000000 0.908138 0.000000 0.418672 0.944998 0.944998 0.944998
2055.349854 0.000000 1515.439453 0.000000 0.343007 0.000000 -0.939333 1.155422 1.155422 1.155422
2056.908691 0.000000 1513.351440 0.000000 0.693917 0.000000 -0.720055 1.000000 1.000000 1.000000
2054.712646 0.000000 1523.068848 0.000000 0.925260 0.000000 -0.379334 1.049539 1.049539 1.049539
2051.251221 0.000000 1517.019409 0.000000 0.999774 0.000000 0.021276 1.000000 1.000000 1.000000
2050.597168 0.000000 1513.430664 0.000000 0.166669 0.000000 -0.986013 1.178680 1.178680 1.178680
2051.413574 0.000000 1515.637451 0.000000 0.868380 0.000000 0.495899 0.933935 0.933935 0.933935
2057.138916 0.000000 1522.244507 0.000000 0.999851 0.000000 0.017290 0.997798 0.997798 0.997798
2050.828857 0.000000 1519.997437 0.000000 0.515116 0.000000 -0.857121 1.131100 1.131100 1.131100
2057.172119 0.000000 1523.927124 0.000000 0.019315 0.000000 0.999813 0.802459 0.802459 0.802459
2051.427002 0.000000 1522.185181 0.000000 0.599892 0.000000 -0.800081 1.118084 1.118084 1.118084
2050.061523 0.000000 1529.107056 0.000000 0.807313 0.000000 0.590124 0.919632 0.919632 0.919632
2055.533936 0.000000 1522.269409 0.000000 0.445537 0.000000 -0.895263 1.141205 1.141205 1.141205
2057.758301 0.000000 1514.156982 0.000000 0.011461 0.000000 0.999934 0.801459 0.801459 0.801459
2056.873779 0.000000 1520.451660 0.000000 0.156318 0.000000 -0.987707 1.180015 1.180015 1.180015
2058.468994 0.000000 1520.002808 0.000000 0.596200 0.000000 0.802836 0.881329 0.881329 0.881329
2055.306396 0.000000 1523.860718 0.000000 0.995259 0.000000 -0.097262 1.012403 1.012403 1.012403
2053.533936 0.000000 1521.868408 0.000000 0.979294 0.000000 0.202442 0.974045 0.974045 0.974045
2054.037109 0.000000 1520.041016 0.000000 0.704689 0.000000 -0.709516 1.100435 1.100435 1.100435
2055.893066 0.000000 1520.331787 0.000000 0.960212 0.000000 -0.279273 1.036037 1.036037 1.036037
2052.560547 0.000000 1523.568726 0.000000 0.133377 0.000000 -0.991065 1.182967 1.182967 1.182967
2056.862549 0.000000 1518.728760 0.000000 0.136974 0.000000 0.990575 0.817495 0.817495 0.817495
2054.550293 0.000000 1519.248535 0.000000 0.993417 0.000000 0.114557 0.985382 0.985382 0.985382
2055.461426 0.000000 1519.209595 0.000000 0.996929 0.000000 -0.078305 1.009980 1.009980 1.009980
2053.720215 0.000000 1523.749512 0.000000 0.415292 0.000000 0.909688 0.854528 0.854528 0.854528
2052.436768 0.000000 1520.413208 0.000000 0.007059 0.000000 0.999975 0.800899 0.800899 0.800899
2054.493652 0.000000 1520.770630 0.000000 0.830096 0.000000 -0.557621 1.075314 1.075314 1.075314
2131.551270 0.000000 1493.601685 0.000000 0.144910 0.000000 0.989445 1.000000 1.000000 1.000000
2132.771240 0.000000 1490.781860 0.000000 0.609533 0.000000 -0.792761 1.000000 1.000000 1.000000
2130.718018 0.000000 1491.949463 0.000000 0.990524 0.000000 0.137342 1.000000 1.000000 1.000000
2127.172119 0.000000 1477.279541 0.000000 0.524534 0.000000 -0.851390 1.129696 1.129696 1.129696
2145.500732 0.000000 1480.652832 0.000000 0.926234 0.000000 -0.376949 1.000000 1.000000 1.000000
2173.376709 0.000000 1511.110718 0.000000 0.995076 0.000000 0.099114 1.000000 1.000000 1.000000
2170.555176 0.000000 1510.997559 0.000000 0.945859 0.000000 0.324578 1.000000 1.000000 1.000000
2156.597168 0.000000 1531.950317 0.000000 0.997395 0.000000 -0.072134 1.000000 1.000000 1.000000
2157.399902 0.000000 1529.533691 0.000000 0.916095 0.000000 0.400962 1.000000 1.000000 1.000000
2172.045166 0.000000 1510.413940 0.000000 0.099702 0.000000 0.995017 1.000000 1.000000 1.000000
2157.653564 0.000000 1531.122559 0.000000 0.448791 0.000000 -0.893637 1.000000 1.000000 1.000000
2214.282471 0.000000 1492.420898 0.000000 0.999998 0.000000 -0.001828 1.000233 1.000233 1.000233
2215.781494 0.000000 1492.714355 0.000000 0.957363 0.000000 -0.288887 1.037314 1.037314 1.037314
2214.874512 0.000000 1493.324097 0.000000 0.880922 0.000000 -0.473261 1.062769 1.062769 1.062769
2183.759521 0.000000 1512.530029 0.000000 0.698696 0.000000 -0.715419 1.000000 1.000000 1.000000
2175.859863 0.000000 1515.886597 0.000000 0.777724 0.000000 -0.628606 1.000000 1.000000 1.000000
2182.157471 0.000000 1514.516968 0.000000 0.509259 0.000000 0.860613 1.000000 1.000000 1.000000
2183.334229 0.000000 1515.439453 0.000000 0.505025 0.000000 0.863105 1.000000 1.000000 1.000000
2233.779785 0.000000 1505.992188 0.000000 0.956305 0.000000 -0.292370 1.000000 1.000000 1.000000
2232.123291 0.000000 1505.116455 0.000000 0.962084 0.000000 -0.272752 1.000000 1.000000 1.000000
2109.384521 0.000000 1575.095093 0.000000 0.585472 0.000000 0.810693 1.000000 1.000000 1.000000
2106.133789 0.000000 1580.930298 0.000000 0.751948 0.000000 -0.659222 1.000000 1.000000 1.000000
2109.162109 0.000000 1579.205078 0.000000 0.979105 0.000000 0.203357 0.973926 0.973926 0.973926
2111.030518 0.000000 1580.441895 0.000000 0.754075 0.000000 0.656788 1.000000 1.000000 1.000000
2107.470459 0.000000 1579.758911 0.000000 0.915965 0.000000 0.401258 0.947429 0.947429 0.947429
2110.584961 0.000000 1579.138306 0.000000 0.980709 0.000000 -0.195475 1.025050 1.025050 1.025050
2110.685303 0.000000 1581.716553 0.000000 0.956588 0.000000 -0.291445 1.000000 1.000000 1.000000
2109.823975 0.000000 1580.213501 0.000000 0.910635 0.000000 0.413211 0.945763 0.945763 0.945763
2109.956543 0.000000 1576.148071 0.000000 0.160789 0.000000 -0.986989 1.179438 1.179438 1.179438
2106.533936 0.000000 1577.109863 0.000000 0.524836 0.000000 0.851203 0.870349 0.870349 0.870349
2106.208496 0.000000 1576.058716 0.000000 0.341682 0.000000 -0.939816 1.155601 1.155601 1.155601
2106.431152 0.000000 1579.914673 0.000000 0.963528 0.000000 -0.267607 1.034493 1.034493 1.034493
2106.762939 0.000000 1578.895264 0.000000 0.994853 0.000000 -0.101327 1.012923 1.012923 1.012923
2108.011719 0.000000 1577.231445 0.000000 0.522668 0.000000 -0.852537 1.129975 1.129975 1.129975
2107.763672 0.000000 1578.845093 0.000000 0.970778 0.000000 0.239978 0.969144 0.969144 0.969144
2157.922119 0.000000 1539.457397 0.000000 0.537487 0.000000 -0.843272 1.127750 1.127750 1.127750
2158.998047 0.000000 1562.882812 0.000000 0.624007 0.000000 -0.781419 1.000000 1.000000 1.000000
2156.584961 0.000000 1540.964478 0.000000 0.765454 0.000000 -0.643491 1.089006 1.089006 1.089006
2158.021484 0.000000 1565.301392 0.000000 0.951893 0.000000 0.306430 1.000000 1.000000 1.000000
2156.685547 0.000000 1539.721924 0.000000 0.822777 0.000000 -0.568364 1.076969 1.076969 1.076969
2157.446045 0.000000 1540.310059 0.000000 0.952936 0.000000 0.303170 0.960782 0.960782 0.960782
2135.881592 0.000000 1578.588867 0.000000 0.685239 0.000000 0.728318 1.000000 1.000000 1.000000
2123.229248 0.000000 1583.333130 0.000000 0.575185 0.000000 0.818024 1.000000 1.000000 1.000000
2112.730225 0.000000 1589.122925 0.000000 0.259126 0.000000 -0.965844 1.000000 1.000000 1.000000
2130.344727 0.000000 1590.576050 0.000000 0.691314 0.000000 -0.722554 1.102813 1.102813 1.102813
2137.733643 0.000000 1586.096191 0.000000 0.954695 0.000000 0.297586 0.961527 0.961527 0.961527
2128.699707 0.000000 1578.102539 0.000000 0.971639 0.000000 0.236471 1.000000 1.000000 1.000000
2120.420166 0.000000 1590.093506 0.000000 0.611327 0.000000 -0.791378 1.000000 1.000000 1.000000
2134.727783 0.000000 1593.573608 0.000000 0.874501 0.000000 0.485024 1.000000 1.000000 1.000000
2127.001953 0.000000 1594.875000 0.000000 0.980954 0.000000 -0.194241 1.024890 1.024890 1.024890
2116.114990 0.000000 1571.574341 0.000000 0.994305 0.000000 -0.106572 1.013595 1.013595 1.013595
2125.901611 0.000000 1588.084106 0.000000 0.444335 0.000000 -0.895861 1.141376 1.141376 1.141376
2123.967773 0.000000 1578.700439 0.000000 0.335444 0.000000 -0.942060 1.000000 1.000000 1.000000
2118.474609 0.000000 1585.601074 0.000000 0.430243 0.000000 -0.902713 1.143371 1.143371 1.143371
2142.121826 0.000000 1589.011230 0.000000 0.409477 0.000000 0.912321 0.853715 0.853715 0.853715
2134.765381 0.000000 1589.237671 0.000000 0.769578 0.000000 -0.638552 1.088187 1.088187 1.088187
2119.131836 0.000000 1580.836792 0.000000 0.545722 0.000000 -0.837967 1.000000 1.000000 1.000000
2135.328369 0.000000 1582.653320 0.000000 0.918187 0.000000 0.396148 1.000000 1.000000 1.000000
2116.474609 0.000000 1590.862671 0.000000 0.980146 0.000000 0.198277 1.000000 1.000000 1.000000
2123.782959 0.000000 1574.809570 0.000000 0.824178 0.000000 -0.566331 1.000000 1.000000 1.000000
2129.563965 0.000000 1587.141479 0.000000 0.272266 0.000000 -0.962222 1.164891 1.164891 1.164891
2139.322998 0.000000 1578.000244 0.000000 0.830652 0.000000 -0.556792 1.000000 1.000000 1.000000
2116.580566 0.000000 1574.885498 0.000000 0.911229 0.000000 0.411900 1.000000 1.000000 1.000000
2134.056885 0.000000 1585.945557 0.000000 0.995048 0.000000 0.099392 0.987324 0.987324 0.987324
2116.816162 0.000000 1568.574219 0.000000 0.660701 0.000000 0.750649 1.000000 1.000000 1.000000
2139.910156 0.000000 1596.691772 0.000000 0.953107 0.000000 -0.302635 1.000000 1.000000 1.000000
2142.806641 0.000000 1577.782471 0.000000 0.946356 0.000000 0.323127 1.000000 1.000000 1.000000
2120.328369 0.000000 1583.441406 0.000000 0.670583 0.000000 0.741834 1.000000 1.000000 1.000000
2132.950195 0.000000 1591.331299 0.000000 0.343353 0.000000 -0.939206 1.155375 1.155375 1.155375
2139.707031 0.000000 1587.850586 0.000000 0.266387 0.000000 -0.963866 1.165668 1.165668 1.165668
2124.503662 0.000000 1585.880249 0.000000 0.755248 0.000000 0.655439 0.908993 0.908993 0.908993
2127.911621 0.000000 1589.595703 0.000000 0.137742 0.000000 0.990468 0.817594 0.817594 0.817594
2113.276367 0.000000 1577.867676 0.000000 0.750708 0.000000 0.660635 1.000000 1.000000 1.000000
2141.819580 0.000000 1586.651245 0.000000 0.676476 0.000000 -0.736465 1.105402 1.105402 1.105402
2134.692383 0.000000 1580.474854 0.000000 0.951492 0.000000 -0.307672 1.000000 1.000000 1.000000
2125.550293 0.000000 1583.414551 0.000000 0.520252 0.000000 -0.854013 1.000000 1.000000 1.000000
2138.029297 0.000000 1592.642578 0.000000 0.818224 0.000000 0.574900 0.922016 0.922016 0.922016
2139.545898 0.000000 1598.715820 0.000000 0.148353 0.000000 -0.988934 1.181041 1.181041 1.181041
2131.475098 0.000000 1586.095093 0.000000 0.773315 0.000000 -0.634021 1.087439 1.087439 1.087439
2132.186768 0.000000 1595.859009 0.000000 0.961644 0.000000 -0.274299 1.035378 1.035378 1.035378
2121.941895 0.000000 1584.901733 0.000000 0.105310 0.000000 0.994439 0.813433 0.813433 0.813433
2124.106934 0.000000 1597.859375 0.000000 0.881285 0.000000 -0.472585 1.062672 1.062672 1.062672
2123.810059 0.000000 1588.028320 0.000000 0.003929 0.000000 0.999992 0.800500 0.800500 0.800500
2121.933594 0.000000 1588.847046 0.000000 0.945674 0.000000 0.325117 1.000000 1.000000 1.000000
2140.277100 0.000000 1589.720825 0.000000 0.605797 0.000000 0.795619 0.882858 0.882858 0.882858
2127.646484 0.000000 1587.029907 0.000000 0.871188 0.000000 -0.490949 1.065340 1.065340 1.065340
2117.959961 0.000000 1572.289429 0.000000 0.020008 0.000000 0.999800 0.802548 0.802548 0.802548
2124.239990 0.000000 1576.648804 0.000000 0.996313 0.000000 -0.085787 1.000000 1.000000 1.000000
2132.858398 0.000000 1593.396484 0.000000 0.928013 0.000000 -0.372547 1.000000 1.000000 1.000000
2122.667236 0.000000 1573.209473 0.000000 0.520962 0.000000 -0.853580 1.000000 1.000000 1.000000
2124.409912 0.000000 1591.748169 0.000000 0.253069 0.000000 -0.967448 1.167424 1.167424 1.167424
2133.104004 0.000000 1589.619629 0.000000 0.609548 0.000000 0.792749 0.883460 0.883460 0.883460
2129.896973 0.000000 1585.374634 0.000000 0.360823 0.000000 -0.932634 1.000000 1.000000 1.000000
2139.496338 0.000000 1586.064453 0.000000 0.756460 0.000000 0.654039 0.909229 0.909229 0.909229
2139.016357 0.000000 1595.103149 0.000000 0.809857 0.000000 0.586628 1.000000 1.000000 1.000000
2111.756836 0.000000 1576.971680 0.000000 0.531135 0.000000 -0.847287 1.128706 1.128706 1.128706
2132.648682 0.000000 1584.971680 0.000000 0.487761 0.000000 0.872977 0.864874 0.864874 0.864874
2123.338379 0.000000 1581.707642 0.000000 0.991622 0.000000 0.129171 1.000000 1.000000 1.000000
2125.963135 0.000000 1586.425171 0.000000 0.992447 0.000000 0.122670 0.984342 0.984342 0.984342
2120.302734 0.000000 1581.873901 0.000000 0.999998 0.000000 -0.001977 1.000000 1.000000 1.000000
2131.551270 0.000000 1589.578247 0.000000 0.994835 0.000000 0.101507 0.987053 0.987053 0.987053
2142.936279 0.000000 1587.671143 0.000000 0.622719 0.000000 -0.782445 1.114411 1.114411 1.114411
2143.089844 0.000000 1596.505371 0.000000 0.815305 0.000000 0.579031 0.921372 0.921372 0.921372
2119.793213 0.000000 1588.690918 0.000000 0.735401 0.000000 0.677632 1.000000 1.000000 1.000000
2129.935547 0.000000 1592.162109 0.000000 0.265561 0.000000 -0.964094 1.165777 1.165777 1.165777
2142.109619 0.000000 1584.468506 0.000000 0.886035 0.000000 -0.463618 1.000000 1.000000 1.000000
2138.548340 0.000000 1588.868530 0.000000 0.828450 0.000000 -0.560063 1.075689 1.075689 1.075689
2117.641602 0.000000 1573.708618 0.000000 0.118400 0.000000 0.992966 0.815111 0.815111 0.815111
2132.771240 0.000000 1586.758423 0.000000 0.973791 0.000000 0.227444 0.970785 0.970785 0.970785
2117.284180 0.000000 1584.654541 0.000000 0.872749 0.000000 0.488170 1.000000 1.000000 1.000000
2134.188232 0.000000 1590.544067 0.000000 0.675832 0.000000 0.737056 0.894486 0.894486 0.894486
2128.387695 0.000000 1588.214722 0.000000 0.929000 0.000000 -0.370080 1.048268 1.048268 1.048268
2130.718018 0.000000 1587.926025 0.000000 0.398718 0.000000 0.917074 0.852218 0.852218 0.852218
2138.314697 0.000000 1587.470093 0.000000 0.915020 0.000000 0.403409 0.947130 0.947130 0.947130
2133.377930 0.000000 1581.024048 0.000000 0.999682 0.000000 0.025212 1.000000 1.000000 1.000000
2124.285645 0.000000 1594.301636 0.000000 0.999431 0.000000 0.033722 1.000000 1.000000 1.000000
2126.720215 0.000000 1590.270264 0.000000 0.256405 0.000000 -0.966570 1.166985 1.166985 1.166985
2135.874756 0.000000 1588.526001 0.000000 0.767101 0.000000 -0.641527 1.088679 1.088679 1.088679
2129.799805 0.000000 1593.505737 0.000000 0.942374 0.000000 0.334560 0.956565 0.956565 0.956565
2131.698486 0.000000 1591.007568 0.000000 0.687035 0.000000 -0.726624 1.103565 1.103565 1.103565
2141.817383 0.000000 1590.305908 0.000000 0.910521 0.000000 0.413462 0.945728 0.945728 0.945728
2142.964111 0.000000 1594.085938 0.000000 0.960658 0.000000 -0.277733 1.035833 1.035833 1.035833
2132.243164 0.000000 1594.539673 0.000000 0.747034 0.000000 0.664786 0.907409 0.907409 0.907409
2139.267334 0.000000 1592.871094 0.000000 0.235030 0.000000 -0.971988 1.169793 1.169793 1.169793
2116.793213 0.000000 1572.695068 0.000000 0.031748 0.000000 -0.999496 1.195957 1.195957 1.195957
2136.982666 0.000000 1587.171021 0.000000 0.745253 0.000000 0.666782 0.907068 0.907068 0.907068
2116.682373 0.000000 1589.686523 0.000000 0.520100 0.000000 -0.854106 1.130358 1.130358 1.130358
2133.251465 0.000000 1588.488037 0.000000 0.994888 0.000000 -0.100987 1.012880 1.012880 1.012880
2139.489502 0.000000 1590.532837 0.000000 0.817703 0.000000 -0.575640 1.078099 1.078099 1.078099
2125.196777 0.000000 1598.173340 0.000000 0.240729 0.000000 -0.970592 1.169045 1.169045 1.169045
2141.117188 0.000000 1594.280151 0.000000 0.625497 0.000000 -0.780227 1.113958 1.113958 1.113958
2117.230957 0.000000 1571.438110 0.000000 0.735870 0.000000 0.677123 0.905291 0.905291 0.905291
2125.381592 0.000000 1592.249268 0.000000 0.977907 0.000000 0.209043 0.973186 0.973186 0.973186
2124.430420 0.000000 1590.631958 0.000000 0.429887 0.000000 0.902882 0.856579 0.856579 0.856579
2122.695068 0.000000 1587.946777 0.000000 0.746283 0.000000 0.665628 0.907265 0.907265 0.907265
2126.141357 0.000000 1589.202148 0.000000 0.980161 0.000000 0.198201 0.974596 0.974596 0.974596
2136.813232 0.000000 1592.351318 0.000000 0.213595 0.000000 0.976922 0.827407 0.827407 0.827407
2130.995605 0.000000 1585.083618 0.000000 0.676783 0.000000 -0.736183 1.105350 1.105350 1.105350
2126.319092 0.000000 1594.060547 0.000000 0.610838 0.000000 -0.791755 1.116333 1.116333 1.116333
2116.596924 0.000000 1573.835449 0.000000 0.931160 0.000000 -0.364611 1.047519 1.047519 1.047519
2124.445312 0.000000 1599.023071 0.000000 0.618485 0.000000 -0.785796 1.115099 1.115099 1.115099
2130.628906 0.000000 1589.088013 0.000000 0.917344 0.000000 0.398095 0.947869 0.947869 0.947869
2127.735352 0.000000 1590.776489 0.000000 0.203668 0.000000 0.979040 0.826115 0.826115 0.826115
2126.649414 0.000000 1587.368530 0.000000 0.977683 0.000000 -0.210088 1.026950 1.026950 1.026950
2118.804688 0.000000 1572.913452 0.000000 0.907679 0.000000 0.419666 0.944859 0.944859 0.944859
2118.540283 0.000000 1571.511108 0.000000 0.323139 0.000000 0.946351 0.841895 0.841895 0.841895
2137.328613 0.000000 1590.375366 0.000000 0.248776 0.000000 -0.968561 1.167989 1.167989 1.167989
2141.215088 0.000000 1589.408203 0.000000 0.537651 0.000000 -0.843167 1.127725 1.127725 1.127725
2142.733154 0.000000 1589.967651 0.000000 0.521100 0.000000 -0.853495 1.130209 1.130209 1.130209
2139.209961 0.000000 1586.973633 0.000000 0.319514 0.000000 0.947582 0.841408 0.841408 0.841408
2129.384766 0.000000 1586.208252 0.000000 0.682856 0.000000 0.730553 0.895705 0.895705 0.895705
2141.401855 0.000000 1595.771851 0.000000 0.999728 0.000000 0.023324 0.997030 0.997030 0.997030
2132.478516 0.000000 1590.402710 0.000000 0.351969 0.000000 -0.936012 1.154205 1.154205 1.154205
2134.637451 0.000000 1594.528687 0.000000 0.519146 0.000000 -0.854685 1.130500 1.130500 1.130500
2133.119385 0.000000 1595.597900 0.000000 0.978330 0.000000 -0.207052 1.026555 1.026555 1.026555
2129.642822 0.000000 1591.200928 0.000000 0.493768 0.000000 0.869594 0.865752 0.865752 0.865752
2142.079590 0.000000 1594.343262 0.000000 0.868654 0.000000 -0.495419 1.065994 1.065994 1.065994
2135.628174 0.000000 1589.487549 0.000000 0.753507 0.000000 0.657439 0.908656 0.908656 0.908656
2117.863281 0.000000 1570.804565 0.000000 0.977757 0.000000 0.209740 0.973095 0.973095 0.973095
2142.043457 0.000000 1587.516724 0.000000 0.866743 0.000000 0.498755 0.933516 0.933516 0.933516
2135.221924 0.000000 1591.309082 0.000000 0.829201 0.000000 -0.558950 1.075518 1.075518 1.075518
2133.620850 0.000000 1591.943848 0.000000 0.921854 0.000000 -0.387538 1.050670 1.050670 1.050670
2143.003418 0.000000 1588.561523 0.000000 0.955006 0.000000 -0.296586 1.038339 1.038339 1.038339
2133.067383 0.000000 1587.614258 0.000000 0.218054 0.000000 0.975937 0.827988 0.827988 0.827988
2128.876953 0.000000 1593.614624 0.000000 0.927624 0.000000 -0.373516 1.048739 1.048739 1.048739
2126.023926 0.000000 1592.859863 0.000000 0.513104 0.000000 0.858327 0.868602 0.868602 0.868602
2142.244873 0.000000 1596.163086 0.000000 0.915623 0.000000 0.402038 0.947321 0.947321 0.947321
2134.221680 0.000000 1588.551758 0.000000 0.824285 0.000000 -0.566175 1.076631 1.076631 1.076631
2129.003662 0.000000 1591.997681 0.000000 0.011316 0.000000 0.999936 0.801441 0.801441 0.801441
2131.172363 0.000000 1590.333374 0.000000 0.630861 0.000000 -0.775896 1.113081 1.113081 1.113081
2126.938721 0.000000 1591.104248 0.000000 0.661295 0.000000 0.750126 0.891997 0.891997 0.891997
2126.937500 0.000000 1589.436035 0.000000 0.040260 0.000000 -0.999189 1.194872 1.194872 1.194872
2133.381836 0.000000 1590.632324 0.000000 0.999982 0.000000 -0.005962 1.000759 1.000759 1.000759
2147.033936 0.000000 1582.410156 0.000000 0.231688 0.000000 0.972790 1.000000 1.000000 1.000000
2143.863770 0.000000 1579.870972 0.000000 0.978393 0.000000 0.206754 1.000000 1.000000 1.000000
2143.802246 0.000000 1597.778076 0.000000 0.943971 0.000000 0.330029 0.957177 0.957177 0.957177
2145.067627 0.000000 1592.512939 0.000000 0.252263 0.000000 -0.967659 1.000000 1.000000 1.000000
2145.272461 0.000000 1577.867676 0.000000 0.914007 0.000000 0.405698 1.000000 1.000000 1.000000
2148.540527 0.000000 1580.503174 0.000000 0.042785 0.000000 -0.999084 1.000000 1.000000 1.000000
2146.336182 0.000000 1590.480591 0.000000 0.885606 0.000000 -0.464437 1.000000 1.000000 1.000000
2143.791504 0.000000 1587.234985 0.000000 0.243854 0.000000 -0.969812 1.168635 1.168635 1.168635
2145.531982 0.000000 1583.710449 0.000000 0.204352 0.000000 0.978897 1.000000 1.000000 1.000000
2145.729736 0.000000 1587.004150 0.000000 0.904403 0.000000 0.426679 0.943873 0.943873 0.943873
2149.276611 0.000000 1586.966675 0.000000 0.981282 0.000000 -0.192576 1.000000 1.000000 1.000000
2146.156250 0.000000 1588.541016 0.000000 0.626814 0.000000 -0.779169 1.113744 1.113744 1.113744
2147.239746 0.000000 1581.003784 0.000000 0.994495 0.000000 -0.104784 1.000000 1.000000 1.000000
2144.206299 0.000000 1584.171387 0.000000 0.260410 0.000000 -0.965498 1.000000 1.000000 1.000000
2146.392578 0.000000 1578.739136 0.000000 0.259720 0.000000 -0.965684 1.000000 1.000000 1.000000
2145.092285 0.000000 1579.340942 0.000000 0.978756 0.000000 0.205029 0.973708 0.973708 0.973708
2144.964111 0.000000 1580.607666 0.000000 0.610113 0.000000 -0.792315 1.000000 1.000000 1.000000
2144.700195 0.000000 1586.562256 0.000000 0.944894 0.000000 0.327375 0.957534 0.957534 0.957534
2143.751465 0.000000 1589.527710 0.000000 0.999556 0.000000 0.029794 0.996206 0.996206 0.996206
2129.604248 0.000000 1599.732178 0.000000 0.859049 0.000000 0.511894 1.000000 1.000000 1.000000
2137.528320 0.000000 1604.436768 0.000000 0.995950 0.000000 -0.089910 1.011463 1.011463 1.011463
2132.454346 0.000000 1607.965698 0.000000 0.136958 0.000000 0.990577 1.000000 1.000000 1.000000
2143.551025 0.000000 1603.513672 0.000000 0.978047 0.000000 -0.208385 1.026728 1.026728 1.026728
2126.519531 0.000000 1600.443970 0.000000 0.141895 0.000000 0.989882 0.818128 0.818128 0.818128
2126.120850 0.000000 1608.525391 0.000000 0.926702 0.000000 -0.375797 1.000000 1.000000 1.000000
2138.559082 0.000000 1606.974121 0.000000 0.067134 0.000000 -0.997744 1.000000 1.000000 1.000000
2126.481689 0.000000 1606.081787 0.000000 0.923311 0.000000 -0.384053 1.050189 1.050189 1.050189
2135.185303 0.000000 1604.970581 0.000000 0.261962 0.000000 -0.965078 1.166252 1.166252 1.166252
2137.791504 0.000000 1601.968750 0.000000 0.487949 0.000000 0.872872 1.000000 1.000000 1.000000
2142.157959 0.000000 1601.858276 0.000000 0.238992 0.000000 -0.971021 1.000000 1.000000 1.000000
2136.944580 0.000000 1599.662476 0.000000 0.999996 0.000000 0.002816 1.000000 1.000000 1.000000
2124.701904 0.000000 1599.651001 0.000000 0.531416 0.000000 -0.847111 1.128664 1.128664 1.128664
2138.838867 0.000000 1603.404419 0.000000 0.993558 0.000000 0.113323 1.000000 1.000000 1.000000
2128.149658 0.000000 1600.607422 0.000000 0.433975 0.000000 0.900925 0.857156 0.857156 0.857156
2139.557861 0.000000 1601.596069 0.000000 0.948729 0.000000 0.316091 0.959052 0.959052 0.959052
2126.473633 0.000000 1602.064209 0.000000 0.997694 0.000000 -0.067869 1.008648 1.008648 1.008648
2143.731445 0.000000 1601.742188 0.000000 0.999991 0.000000 0.004273 1.000000 1.000000 1.000000
2138.434082 0.000000 1605.589233 0.000000 0.029350 0.000000 0.999569 0.803738 0.803738 0.803738
2127.816162 0.000000 1606.005615 0.000000 0.799989 0.000000 0.600015 0.918065 0.918065 0.918065
2126.764404 0.000000 1607.426147 0.000000 0.577178 0.000000 0.816618 0.878338 0.878338 0.878338
2136.238037 0.000000 1604.240967 0.000000 0.929027 0.000000 -0.370012 1.048259 1.048259 1.048259
2140.407959 0.000000 1604.131470 0.000000 0.335721 0.000000 0.941961 0.843592 0.843592 0.843592
2125.447510 0.000000 1600.670166 0.000000 0.459920 0.000000 -0.887960 1.139151 1.139151 1.139151
2125.829834 0.000000 1599.619873 0.000000 0.952229 0.000000 -0.305384 1.039514 1.039514 1.039514
2136.387939 0.000000 1605.282837 0.000000 0.979706 0.000000 0.200438 0.974305 0.974305 0.974305
2134.599121 0.000000 1605.886230 0.000000 0.587762 0.000000 0.809034 0.879996 0.879996 0.879996
2136.493652 0.000000 1602.098633 0.000000 0.234629 0.000000 0.972085 0.830155 0.830155 0.830155
2137.870605 0.000000 1603.021851 0.000000 0.961675 0.000000 -0.274191 1.035364 1.035364 1.035364
2128.321533 0.000000 1601.609619 0.000000 0.533389 0.000000 -0.845870 1.128367 1.128367 1.128367
2143.912354 0.000000 1600.403076 0.000000 0.528723 0.000000 -0.848795 1.000000 1.000000 1.000000
2143.899658 0.000000 1604.608398 0.000000 0.945679 0.000000 0.325102 1.000000 1.000000 1.000000
2145.324463 0.000000 1601.203613 0.000000 0.124516 0.000000 0.992218 0.815895 0.815895 0.815895
2144.134033 0.000000 1601.610352 0.000000 0.871897 0.000000 0.489690 0.934844 0.934844 0.934844
2143.815186 0.000000 1603.388184 0.000000 0.141738 0.000000 0.989904 0.818108 0.818108 0.818108
2297.112305 0.000000 1565.954590 0.000000 0.006556 0.000000 0.999978 1.000000 1.000000 1.000000
2551.830811 0.000000 1706.557617 0.000000 0.680327 0.000000 -0.732909 1.000000 1.000000 1.000000
2550.119629 0.000000 1724.416260 0.000000 0.682562 0.000000 0.730827 1.000000 1.000000 1.000000
2551.884033 0.000000 1709.439697 0.000000 0.668880 0.000000 0.743370 0.893290 0.893290 0.893290
2550.253174 0.000000 1709.868164 0.000000 0.867631 0.000000 -0.497208 1.066257 1.066257 1.066257
2550.696533 0.000000 1723.446777 0.000000 0.978836 0.000000 -0.204648 1.026242 1.026242 1.026242
2783.602783 0.000000 1656.952881 0.000000 0.818494 0.000000 0.574515 1.000000 1.000000 1.000000
2782.184814 0.000000 1659.216187 0.000000 0.683428 0.000000 -0.730018 1.000000 1.000000 1.000000
2783.724121 0.000000 1661.762451 0.000000 0.962671 0.000000 -0.270674 1.000000 1.000000 1.000000
2783.921143 0.000000 1659.240356 0.000000 0.915154 0.000000 -0.403103 1.000000 1.000000 1.000000
2785.509766 0.000000 1661.046265 0.000000 0.309064 0.000000 0.951041 1.000000 1.000000 1.000000
2785.269531 0.000000 1658.123169 0.000000 0.225341 0.000000 0.974280 1.000000 1.000000 1.000000
2562.246582 0.000000 1699.437134 0.000000 0.103538 0.000000 0.994625 1.000000 1.000000 1.000000
2652.000000 0.000000 1721.763062 0.000000 0.161442 0.000000 -0.986882 1.000000 1.000000 1.000000
2654.437744 0.000000 1725.959717 0.000000 0.611385 0.000000 -0.791333 1.000000 1.000000 1.000000
2646.107910 0.000000 1724.416260 0.000000 0.999743 0.000000 0.022658 1.000000 1.000000 1.000000
2654.200439 0.000000 1723.200562 0.000000 0.601010 0.000000 0.799242 1.000000 1.000000 1.000000
2653.221924 0.000000 1719.432007 0.000000 0.118740 0.000000 0.992925 1.000000 1.000000 1.000000
2655.301758 0.000000 1718.792236 0.000000 0.999838 0.000000 0.018002 1.000000 1.000000 1.000000
2644.965332 0.000000 1727.261841 0.000000 0.664279 0.000000 0.747485 1.000000 1.000000 1.000000
2655.739746 0.000000 1725.746826 0.000000 0.109478 0.000000 0.993989 1.000000 1.000000 1.000000
2655.936768 0.000000 1723.224731 0.000000 0.428724 0.000000 -0.903436 1.000000 1.000000 1.000000
2655.749023 0.000000 1718.753052 0.000000 0.750568 0.000000 -0.660793 1.000000 1.000000 1.000000
2649.671143 0.000000 1746.057129 0.000000 0.039510 0.000000 -0.999219 1.000000 1.000000 1.000000
2640.637207 0.000000 1738.063477 0.000000 0.267918 0.000000 -0.963442 1.000000 1.000000 1.000000
2644.870850 0.000000 1731.717163 0.000000 0.908781 0.000000 0.417273 0.945194 0.945194 0.945194
2653.318115 0.000000 1735.056030 0.000000 0.979274 0.000000 0.202541 1.000000 1.000000 1.000000
2644.391846 0.000000 1735.934448 0.000000 0.774942 0.000000 -0.632032 1.087111 1.087111 1.087111
2647.265869 0.000000 1742.614258 0.000000 0.027652 0.000000 -0.999618 1.000000 1.000000 1.000000
2646.926270 0.000000 1727.833862 0.000000 0.129666 0.000000 -0.991558 1.000000 1.000000 1.000000
2645.994385 0.000000 1745.906494 0.000000 0.263187 0.000000 -0.964745 1.166091 1.166091 1.166091
2654.678955 0.000000 1727.832764 0.000000 0.215664 0.000000 0.976468 1.000000 1.000000 1.000000
2641.612793 0.000000 1740.837158 0.000000 0.978410 0.000000 0.206673 1.000000 1.000000 1.000000
2650.496582 0.000000 1734.942871 0.000000 0.660179 0.000000 0.751108 0.891808 0.891808 0.891808
2643.047852 0.000000 1738.045776 0.000000 0.398189 0.000000 0.917303 1.000000 1.000000 1.000000
2646.629883 0.000000 1740.435791 0.000000 0.624820 0.000000 -0.780769 1.000000 1.000000 1.000000
2647.952148 0.000000 1744.680786 0.000000 0.748255 0.000000 -0.663411 1.000000 1.000000 1.000000
2655.087402 0.000000 1733.730591 0.000000 0.812208 0.000000 0.583368 1.000000 1.000000 1.000000
2653.095703 0.000000 1739.166016 0.000000 0.673283 0.000000 0.739385 1.000000 1.000000 1.000000
2643.412598 0.000000 1746.056030 0.000000 0.749523 0.000000 -0.661978 1.000000 1.000000 1.000000
2643.099121 0.000000 1742.094727 0.000000 0.977559 0.000000 -0.210661 1.027025 1.027025 1.027025
2652.988525 0.000000 1736.940918 0.000000 0.997766 0.000000 -0.066799 1.000000 1.000000 1.000000
2646.184814 0.000000 1736.240967 0.000000 0.921490 0.000000 -0.388402 1.050789 1.050789 1.050789
2655.062500 0.000000 1735.938599 0.000000 0.866064 0.000000 0.499933 1.000000 1.000000 1.000000
2646.013428 0.000000 1729.273926 0.000000 0.320103 0.000000 0.947383 1.000000 1.000000 1.000000
2651.438477 0.000000 1736.271484 0.000000 0.821615 0.000000 -0.570042 1.000000 1.000000 1.000000
2644.586182 0.000000 1744.932617 0.000000 0.879649 0.000000 -0.475624 1.063111 1.063111 1.063111
2646.373535 0.000000 1731.680786 0.000000 0.225733 0.000000 0.974189 1.000000 1.000000 1.000000
2645.440186 0.000000 1739.500488 0.000000 0.828919 0.000000 -0.559368 1.075583 1.075583 1.075583
2651.986572 0.000000 1734.359253 0.000000 0.982834 0.000000 -0.184493 1.023626 1.023626 1.023626
2642.246338 0.000000 1734.520874 0.000000 0.036768 0.000000 -0.999324 1.195318 1.195318 1.195318
2645.315430 0.000000 1740.984985 0.000000 0.601807 0.000000 -0.798642 1.117779 1.117779 1.117779
2647.872314 0.000000 1741.431885 0.000000 0.426047 0.000000 0.904701 1.000000 1.000000 1.000000
2644.632324 0.000000 1743.590332 0.000000 0.581228 0.000000 0.813741 0.878971 0.878971 0.878971
2646.653564 0.000000 1739.145386 0.000000 0.683083 0.000000 -0.730341 1.104256 1.104256 1.104256
2646.241455 0.000000 1741.860352 0.000000 0.215871 0.000000 0.976422 1.000000 1.000000 1.000000
2645.833740 0.000000 1732.918335 0.000000 0.981131 0.000000 -0.193341 1.024773 1.024773 1.024773
2652.527344 0.000000 1735.890259 0.000000 0.750696 0.000000 0.660648 1.000000 1.000000 1.000000
2645.403809 0.000000 1735.385864 0.000000 0.970730 0.000000 0.240173 0.969118 0.969118 0.969118
2657.947998 0.000000 1727.740479 0.000000 0.152875 0.000000 -0.988245 1.000000 1.000000 1.000000
2655.801270 0.000000 1739.831909 0.000000 0.120412 0.000000 0.992724 1.000000 1.000000 1.000000
2711.811279 0.000000 1674.565430 0.000000 0.973376 0.000000 0.229213 1.000000 1.000000 1.000000
2711.784424 0.000000 1671.234253 0.000000 0.999966 0.000000 0.008288 1.000000 1.000000 1.000000
2713.228027 0.000000 1672.901001 0.000000 0.626187 0.000000 -0.779673 1.000000 1.000000 1.000000
3065.678223 0.000000 1633.960938 0.000000 0.356657 0.000000 -0.934235 1.000000 1.000000 1.000000
3064.021729 0.000000 1633.085205 0.000000 0.040197 0.000000 0.999192 1.000000 1.000000 1.000000
2667.716553 0.000000 1798.754883 0.000000 0.427411 0.000000 -0.904058 1.000000 1.000000 1.000000
2834.195312 0.000000 1956.993042 0.000000 0.917859 0.000000 0.396908 1.000000 1.000000 1.000000
2862.430420 0.000000 1995.227051 0.000000 0.507201 0.000000 0.861828 1.000000 1.000000 1.000000
2865.920166 0.000000 1991.855591 0.000000 0.519303 0.000000 -0.854590 1.000000 1.000000 1.000000
2863.941650 0.000000 1991.487915 0.000000 0.427763 0.000000 -0.903891 1.000000 1.000000 1.000000
2863.043457 0.000000 1993.774780 0.000000 0.419674 0.000000 0.907675 0.855142 0.855142 0.855142
2863.980957 0.000000 1992.879883 0.000000 0.999854 0.000000 0.017062 0.997828 0.997828 0.997828
2866.254883 0.000000 2038.466675 0.000000 0.688043 0.000000 -0.725670 1.000000 1.000000 1.000000
2865.807129 0.000000 2033.265259 0.000000 0.497403 0.000000 0.867519 1.000000 1.000000 1.000000
2866.539062 0.000000 2036.978638 0.000000 0.622709 0.000000 -0.782454 1.114413 1.114413 1.114413
2864.521729 0.000000 2034.691162 0.000000 0.034856 0.000000 -0.999392 1.195561 1.195561 1.195561
2865.237549 0.000000 2035.917358 0.000000 0.232681 0.000000 -0.972553 1.170100 1.170100 1.170100
2897.581543 0.000000 2028.766846 0.000000 0.996987 0.000000 -0.077571 1.000000 1.000000 1.000000
3266.828857 0.000000 1400.237183 0.000000 0.872281 0.000000 0.489005 0.934944 0.934944 0.934944
3443.251953 0.000000 1784.251831 0.000000 0.975834 0.000000 0.218512 1.000000 1.000000 1.000000
3458.873779 0.000000 1774.363281 0.000000 0.250116 0.000000 -0.968216 1.000000 1.000000 1.000000
3458.260254 0.000000 1787.369507 0.000000 0.861555 0.000000 0.507664 1.000000 1.000000 1.000000
3460.380371 0.000000 1772.456299 0.000000 0.983414 0.000000 -0.181374 1.000000 1.000000 1.000000
3458.176025 0.000000 1782.433716 0.000000 0.035192 0.000000 -0.999381 1.000000 1.000000 1.000000
3220.052979 0.000000 1836.083496 0.000000 0.741998 0.000000 0.670402 1.000000 1.000000 1.000000
3220.919434 0.000000 1838.327026 0.000000 0.751703 0.000000 -0.659502 1.000000 1.000000 1.000000
3224.833008 0.000000 1838.300171 0.000000 0.355471 0.000000 -0.934687 1.000000 1.000000 1.000000
3250.208008 0.000000 1846.513550 0.000000 0.703487 0.000000 -0.710708 1.000000 1.000000 1.000000
3245.764893 0.000000 1844.021606 0.000000 0.821337 0.000000 -0.570444 1.000000 1.000000 1.000000
3238.337891 0.000000 1841.538574 0.000000 0.878334 0.000000 -0.478048 1.000000 1.000000 1.000000
3245.355225 0.000000 1855.221680 0.000000 0.682274 0.000000 -0.731097 1.000000 1.000000 1.000000
3250.901611 0.000000 1849.992798 0.000000 0.040385 0.000000 -0.999184 1.000000 1.000000 1.000000
3235.468262 0.000000 1843.315186 0.000000 0.331610 0.000000 -0.943416 1.000000 1.000000 1.000000
3255.718018 0.000000 1831.195190 0.000000 0.953685 0.000000 -0.300807 1.000000 1.000000 1.000000
3248.189941 0.000000 1853.603271 0.000000 0.017752 0.000000 0.999842 1.000000 1.000000 1.000000
3252.813477 0.000000 1847.268799 0.000000 0.927463 0.000000 -0.373914 1.000000 1.000000 1.000000
3261.147705 0.000000 1847.400757 0.000000 0.340091 0.000000 0.940392 1.000000 1.000000 1.000000
3238.494873 0.000000 1847.610718 0.000000 0.690970 0.000000 -0.722883 1.000000 1.000000 1.000000
3241.634521 0.000000 1855.190430 0.000000 0.881928 0.000000 -0.471384 1.000000 1.000000 1.000000
3245.267090 0.000000 1849.455566 0.000000 0.914954 0.000000 -0.403557 1.000000 1.000000 1.000000
3245.888672 0.000000 1853.231079 0.000000 0.269512 0.000000 -0.962997 1.000000 1.000000 1.000000
3241.863037 0.000000 1847.075439 0.000000 0.618091 0.000000 -0.786106 1.000000 1.000000 1.000000
3251.275391 0.000000 1848.236206 0.000000 0.775610 0.000000 -0.631213 1.000000 1.000000 1.000000
3235.459229 0.000000 1845.151489 0.000000 0.579866 0.000000 0.814712 1.000000 1.000000 1.000000
3239.190430 0.000000 1848.859619 0.000000 0.877994 0.000000 -0.478671 1.000000 1.000000 1.000000
3244.148926 0.000000 1850.239136 0.000000 0.233309 0.000000 -0.972403 1.000000 1.000000 1.000000
3245.520752 0.000000 1851.044434 0.000000 0.264510 0.000000 -0.964383 1.000000 1.000000 1.000000
3246.673096 0.000000 1852.211426 0.000000 0.994504 0.000000 0.104694 1.000000 1.000000 1.000000
3247.009033 0.000000 1853.739868 0.000000 0.606606 0.000000 -0.795002 1.000000 1.000000 1.000000
3244.565186 0.000000 1855.588501 0.000000 0.133559 0.000000 0.991041 1.000000 1.000000 1.000000
3287.740967 0.000000 1898.510742 0.000000 0.591921 0.000000 0.805996 0.880652 0.880652 0.880652
3291.921875 0.000000 1913.716187 0.000000 0.008615 0.000000 0.999963 1.000000 1.000000 1.000000
3283.164062 0.000000 1903.974121 0.000000 0.320340 0.000000 0.947302 1.000000 1.000000 1.000000
3286.587158 0.000000 1913.495483 0.000000 0.985001 0.000000 -0.172551 1.000000 1.000000 1.000000
3286.624756 0.000000 1909.159546 0.000000 0.911132 0.000000 0.412115 0.945916 0.945916 0.945916
3287.187744 0.000000 1902.575195 0.000000 0.147748 0.000000 -0.989025 1.181119 1.181119 1.181119
3284.045166 0.000000 1900.067871 0.000000 0.982344 0.000000 -0.187085 1.023962 1.023962 1.023962
3290.229004 0.000000 1910.351807 0.000000 0.170762 0.000000 -0.985312 1.000000 1.000000 1.000000
3291.182373 0.000000 1897.922119 0.000000 0.866740 0.000000 0.498760 1.000000 1.000000 1.000000
3289.989258 0.000000 1900.852173 0.000000 0.880672 0.000000 -0.473726 1.000000 1.000000 1.000000
3289.142578 0.000000 1914.959106 0.000000 0.142997 0.000000 -0.989723 1.000000 1.000000 1.000000
3287.990234 0.000000 1911.379639 0.000000 0.617897 0.000000 -0.786259 1.000000 1.000000 1.000000
3287.044678 0.000000 1892.900269 0.000000 0.400166 0.000000 0.916443 0.852419 0.852419 0.852419
3285.457520 0.000000 1898.026367 0.000000 0.104478 0.000000 0.994527 0.813327 0.813327 0.813327
3284.911621 0.000000 1902.311401 0.000000 0.128778 0.000000 -0.991673 1.183558 1.183558 1.183558
3289.157715 0.000000 1896.846313 0.000000 0.148273 0.000000 -0.988947 1.181051 1.181051 1.181051
3287.874023 0.000000 1904.641724 0.000000 0.862427 0.000000 0.506181 1.000000 1.000000 1.000000
3291.405273 0.000000 1918.637695 0.000000 0.061943 0.000000 -0.998080 1.000000 1.000000 1.000000
3285.375732 0.000000 1894.028931 0.000000 0.999320 0.000000 0.036868 0.995305 0.995305 0.995305
3287.673828 0.000000 1906.766846 0.000000 0.423691 0.000000 0.905807 0.855706 0.855706 0.855706
3286.106689 0.000000 1896.201904 0.000000 0.353532 0.000000 -0.935423 1.153992 1.153992 1.153992
3290.066162 0.000000 1916.482788 0.000000 0.528012 0.000000 -0.849237 1.000000 1.000000 1.000000
3286.001953 0.000000 1907.576782 0.000000 0.516035 0.000000 -0.856568 1.130963 1.130963 1.130963
3291.393799 0.000000 1911.612061 0.000000 0.754031 0.000000 -0.656839 1.000000 1.000000 1.000000
3286.422119 0.000000 1911.866821 0.000000 0.946128 0.000000 0.323794 1.000000 1.000000 1.000000
3290.875732 0.000000 1915.025024 0.000000 0.008041 0.000000 0.999968 1.000000 1.000000 1.000000
3288.352051 0.000000 1909.688965 0.000000 0.902419 0.000000 0.430860 0.943284 0.943284 0.943284
3282.168213 0.000000 1894.481812 0.000000 0.040059 0.000000 -0.999197 1.000000 1.000000 1.000000
3285.237305 0.000000 1900.945923 0.000000 0.232351 0.000000 0.972632 0.829857 0.829857 0.829857
3289.136475 0.000000 1895.328735 0.000000 0.629670 0.000000 -0.776863 1.113276 1.113276 1.113276
3289.330078 0.000000 1911.360352 0.000000 0.928803 0.000000 -0.370573 1.000000 1.000000 1.000000
3289.203857 0.000000 1904.834839 0.000000 0.545619 0.000000 -0.838034 1.000000 1.000000 1.000000
3287.140381 0.000000 1905.649170 0.000000 0.445016 0.000000 -0.895523 1.000000 1.000000 1.000000
3288.848877 0.000000 1898.016235 0.000000 0.047632 0.000000 -0.998865 1.193933 1.193933 1.193933
3288.371582 0.000000 1905.793701 0.000000 0.225242 0.000000 0.974303 1.000000 1.000000 1.000000
3287.065186 0.000000 1903.772339 0.000000 0.999970 0.000000 -0.007728 1.000984 1.000984 1.000984
3287.516113 0.000000 1894.011230 0.000000 0.458944 0.000000 -0.888465 1.139291 1.139291 1.139291
3286.743164 0.000000 1897.831421 0.000000 0.995115 0.000000 0.098721 0.987410 0.987410 0.987410
3288.278809 0.000000 1896.156616 0.000000 0.538833 0.000000 -0.842413 1.127546 1.127546 1.127546
3288.562744 0.000000 1899.131348 0.000000 0.491602 0.000000 0.870820 0.865435 0.865435 0.865435
3289.866699 0.000000 1897.991089 0.000000 0.404695 0.000000 0.914452 0.853049 0.853049 0.853049
3302.330078 0.000000 1905.522949 0.000000 0.768051 0.000000 -0.640388 1.000000 1.000000 1.000000
3302.987305 0.000000 1900.758667 0.000000 0.819209 0.000000 0.573495 1.000000 1.000000 1.000000
3310.077393 0.000000 1911.450684 0.000000 0.620582 0.000000 -0.784142 1.000000 1.000000 1.000000
3302.819580 0.000000 1902.341553 0.000000 0.956376 0.000000 -0.292137 1.000000 1.000000 1.000000
3263.431641 0.000000 1936.938354 0.000000 0.499742 0.000000 0.866174 1.000000 1.000000 1.000000
3231.669434 0.000000 1949.692139 0.000000 0.834751 0.000000 -0.550628 1.000000 1.000000 1.000000
3227.413086 0.000000 1982.622070 0.000000 0.888865 0.000000 -0.458169 1.060598 1.060598 1.060598
3226.073975 0.000000 1980.467163 0.000000 0.930774 0.000000 -0.365594 1.047654 1.047654 1.047654
3224.005859 0.000000 1983.014648 0.000000 0.809412 0.000000 0.587241 0.920086 0.920086 0.920086
3224.967773 0.000000 1980.195435 0.000000 0.942103 0.000000 0.335324 0.956462 0.956462 0.956462
3224.489502 0.000000 1981.063721 0.000000 0.133323 0.000000 -0.991073 1.182974 1.182974 1.182974
3274.084717 0.000000 1949.054443 0.000000 0.858090 0.000000 0.513499 0.931340 0.931340 0.931340
3291.128418 0.000000 1919.907349 0.000000 0.999919 0.000000 0.012747 1.000000 1.000000 1.000000
3263.748535 0.000000 1934.782349 0.000000 0.977761 0.000000 0.209724 1.000000 1.000000 1.000000
3265.174316 0.000000 1933.701172 0.000000 0.601510 0.000000 -0.798865 1.000000 1.000000 1.000000
3275.157715 0.000000 1948.186890 0.000000 0.610712 0.000000 0.791853 0.883647 0.883647 0.883647
3265.770752 0.000000 1934.647705 0.000000 0.993126 0.000000 0.117053 0.985062 0.985062 0.985062
3264.737061 0.000000 1934.724121 0.000000 0.972635 0.000000 0.232338 0.970145 0.970145 0.970145
3318.583252 0.000000 1945.487671 0.000000 0.984299 0.000000 -0.176510 1.000000 1.000000 1.000000
3290.229004 0.000000 1974.336182 0.000000 0.338268 0.000000 0.941050 1.000000 1.000000 1.000000
3288.368652 0.000000 1977.340942 0.000000 0.070831 0.000000 -0.997488 1.000000 1.000000 1.000000
3291.393799 0.000000 1975.596436 0.000000 0.990839 0.000000 0.135048 1.000000 1.000000 1.000000
3321.383789 0.000000 1956.350830 0.000000 0.999424 0.000000 0.033935 1.000000 1.000000 1.000000
3223.748779 0.000000 1994.487305 0.000000 0.037066 0.000000 -0.999313 1.000000 1.000000 1.000000
3200.597412 0.000000 2005.021362 0.000000 0.733624 0.000000 0.679556 1.000000 1.000000 1.000000
3218.211914 0.000000 2006.474487 0.000000 0.306625 0.000000 0.951830 1.000000 1.000000 1.000000
3225.600830 0.000000 2001.994629 0.000000 0.814474 0.000000 0.580200 0.921190 0.921190 0.921190
3229.247803 0.000000 1990.993530 0.000000 0.428224 0.000000 -0.903673 1.143656 1.143656 1.143656
3214.869141 0.000000 2010.773438 0.000000 0.625702 0.000000 -0.780063 1.000000 1.000000 1.000000
3213.768799 0.000000 2003.982544 0.000000 0.982564 0.000000 -0.185927 1.000000 1.000000 1.000000
3211.834961 0.000000 1994.598877 0.000000 0.905915 0.000000 0.423459 1.000000 1.000000 1.000000
3224.999023 0.000000 2013.845215 0.000000 0.435459 0.000000 -0.900209 1.000000 1.000000 1.000000
3229.989014 0.000000 2004.909668 0.000000 0.434561 0.000000 0.900643 1.000000 1.000000 1.000000
3215.294189 0.000000 1998.114990 0.000000 0.239238 0.000000 0.970961 1.000000 1.000000 1.000000
3211.022461 0.000000 2009.079102 0.000000 0.928662 0.000000 -0.370926 1.000000 1.000000 1.000000
3222.855957 0.000000 1983.771362 0.000000 0.537912 0.000000 -0.843001 1.127685 1.127685 1.127685
3211.650146 0.000000 1990.708008 0.000000 0.303716 0.000000 0.952763 1.000000 1.000000 1.000000
3218.905518 0.000000 2009.953735 0.000000 0.411661 0.000000 0.911337 1.000000 1.000000 1.000000
3227.190186 0.000000 1993.898682 0.000000 0.336215 0.000000 0.941785 0.843659 0.843659 0.843659
3221.924072 0.000000 2001.843994 0.000000 0.400506 0.000000 0.916294 1.000000 1.000000 1.000000
3213.988037 0.000000 1992.431641 0.000000 0.156984 0.000000 -0.987601 1.000000 1.000000 1.000000
3222.037598 0.000000 2012.345947 0.000000 0.313230 0.000000 0.949677 1.000000 1.000000 1.000000
3230.673828 0.000000 1993.680908 0.000000 0.915789 0.000000 0.401659 1.000000 1.000000 1.000000
3223.291748 0.000000 1986.523315 0.000000 0.753551 0.000000 -0.657390 1.000000 1.000000 1.000000
3227.574219 0.000000 2003.749023 0.000000 0.235878 0.000000 0.971783 0.830319 0.830319 0.830319
3212.741699 0.000000 1997.192505 0.000000 0.994145 0.000000 0.108050 1.000000 1.000000 1.000000
3216.436768 0.000000 2008.664673 0.000000 0.948640 0.000000 0.316359 1.000000 1.000000 1.000000
3226.426270 0.000000 1990.880371 0.000000 0.056904 0.000000 -0.998380 1.192751 1.192751 1.192751
3207.608398 0.000000 2012.644043 0.000000 0.587669 0.000000 0.809102 1.000000 1.000000 1.000000
3209.194092 0.000000 2010.824829 0.000000 0.261146 0.000000 -0.965299 1.000000 1.000000 1.000000
3225.051025 0.000000 2004.246094 0.000000 0.919967 0.000000 -0.391996 1.051286 1.051286 1.051286
3229.686768 0.000000 2002.549683 0.000000 0.615985 0.000000 -0.787758 1.000000 1.000000 1.000000
3223.881836 0.000000 2000.618286 0.000000 0.745663 0.000000 0.666323 0.907147 0.907147 0.907147
3213.270996 0.000000 2009.416504 0.000000 0.513119 0.000000 -0.858317 1.000000 1.000000 1.000000
3228.918213 0.000000 1992.878418 0.000000 0.217242 0.000000 0.976118 0.827882 0.827882 0.827882
3220.725586 0.000000 2009.294922 0.000000 0.683575 0.000000 -0.729881 1.000000 1.000000 1.000000
3223.855225 0.000000 2012.384888 0.000000 0.978884 0.000000 0.204414 1.000000 1.000000 1.000000
3227.333740 0.000000 1995.657349 0.000000 0.328926 0.000000 0.944356 0.842675 0.842675 0.842675
3224.335449 0.000000 1996.142944 0.000000 0.112014 0.000000 0.993707 0.814292 0.814292 0.814292
3220.971191 0.000000 2005.518066 0.000000 0.154213 0.000000 -0.988038 1.180286 1.180286 1.180286
3222.009766 0.000000 2003.553345 0.000000 0.352639 0.000000 -0.935759 1.154114 1.154114 1.154114
3227.363525 0.000000 2001.962891 0.000000 0.242441 0.000000 0.970166 0.831179 0.831179 0.831179
3222.429932 0.000000 2007.843384 0.000000 0.696825 0.000000 -0.717241 1.101838 1.101838 1.101838
3224.002197 0.000000 1984.999268 0.000000 0.973186 0.000000 0.230018 0.970449 0.970449 0.970449
3228.895752 0.000000 1999.074585 0.000000 0.918614 0.000000 -0.395155 1.000000 1.000000 1.000000
3216.563965 0.000000 2007.044312 0.000000 0.999966 0.000000 -0.008293 1.000000 1.000000 1.000000
3213.315430 0.000000 1993.889526 0.000000 0.029665 0.000000 -0.999560 1.000000 1.000000 1.000000
3220.515869 0.000000 2000.870117 0.000000 0.999647 0.000000 0.026563 1.000000 1.000000 1.000000
3224.359863 0.000000 2005.665527 0.000000 0.017822 0.000000 0.999841 0.802269 0.802269 0.802269
3214.810303 0.000000 2008.878540 0.000000 0.914723 0.000000 0.404082 1.000000 1.000000 1.000000
3212.845947 0.000000 1995.714722 0.000000 0.255629 0.000000 -0.966775 1.167087 1.167087 1.167087
3226.415527 0.000000 2004.766968 0.000000 0.126929 0.000000 0.991912 1.000000 1.000000 1.000000
3220.638428 0.000000 2002.656860 0.000000 0.927013 0.000000 -0.375028 1.048947 1.048947 1.048947
3226.493652 0.000000 2000.826782 0.000000 0.901732 0.000000 0.432295 0.943082 0.943082 0.943082
3227.916260 0.000000 1990.296753 0.000000 0.885062 0.000000 -0.465473 1.061646 1.061646 1.061646
3229.066162 0.000000 2003.779785 0.000000 0.447379 0.000000 -0.894345 1.000000 1.000000 1.000000
3225.963623 0.000000 1984.568970 0.000000 0.050515 0.000000 -0.998723 1.193565 1.193565 1.193565
3226.301270 0.000000 1989.495483 0.000000 0.958078 0.000000 -0.286507 1.036998 1.036998 1.036998
3227.861572 0.000000 1996.861328 0.000000 0.999983 0.000000 -0.005903 1.000752 1.000752 1.000752
3224.105225 0.000000 1988.147217 0.000000 0.210396 0.000000 0.977616 0.826990 0.826990 0.826990
3229.508789 0.000000 1993.990967 0.000000 0.956941 0.000000 -0.290283 1.037500 1.037500 1.037500
3224.379395 0.000000 2001.770264 0.000000 0.702632 0.000000 -0.711554 1.100803 1.100803 1.100803
3229.819824 0.000000 1992.046509 0.000000 0.513437 0.000000 0.858127 0.868651 0.868651 0.868651
3228.345459 0.000000 1994.120605 0.000000 0.817600 0.000000 0.575786 0.921878 0.921878 0.921878
3221.118652 0.000000 2004.386475 0.000000 0.110341 0.000000 0.993894 0.814078 0.814078 0.814078
3226.071777 0.000000 1991.957153 0.000000 0.677956 0.000000 0.735102 0.894854 0.894854 0.894854
3226.359863 0.000000 1997.869141 0.000000 0.519814 0.000000 0.854279 0.869599 0.869599 0.869599
3226.294434 0.000000 1995.813110 0.000000 0.758489 0.000000 -0.651686 1.090375 1.090375 1.090375
3224.360840 0.000000 1986.004883 0.000000 0.548628 0.000000 -0.836067 1.126060 1.126060 1.126060
3226.626221 0.000000 1994.793701 0.000000 0.588378 0.000000 0.808586 0.880093 0.880093 0.880093
3222.611328 0.000000 2002.639648 0.000000 0.231270 0.000000 0.972890 0.829715 0.829715 0.829715
3226.646240 0.000000 1986.283447 0.000000 0.605902 0.000000 -0.795539 1.117125 1.117125 1.117125
3224.956055 0.000000 1984.668823 0.000000 0.439757 0.000000 -0.898117 1.142026 1.142026 1.142026
3223.069092 0.000000 2003.669312 0.000000 0.881145 0.000000 -0.472847 1.062709 1.062709 1.062709
3223.875000 0.000000 1983.994629 0.000000 0.774205 0.000000 -0.632935 1.087260 1.087260 1.087260
3226.219482 0.000000 1983.517212 0.000000 0.023230 0.000000 0.999730 0.802958 0.802958 0.802958
3227.077148 0.000000 2002.872070 0.000000 0.203443 0.000000 0.979087 0.826085 0.826085 0.826085
3250.208008 0.000000 2006.474487 0.000000 0.815170 0.000000 -0.579222 1.078658 1.078658 1.078658
3250.901611 0.000000 2009.953735 0.000000 0.911206 0.000000 0.411951 1.000000 1.000000 1.000000
3251.989258 0.000000 2004.010498 0.000000 0.735353 0.000000 0.677684 1.000000 1.000000 1.000000
3252.813477 0.000000 2007.229736 0.000000 0.228782 0.000000 0.973478 0.829390 0.829390 0.829390
3201.881592 0.000000 2015.670166 0.000000 0.506833 0.000000 0.862044 1.000000 1.000000 1.000000
3294.359619 0.000000 2013.889404 0.000000 0.952196 0.000000 -0.305488 1.000000 1.000000 1.000000
3291.769531 0.000000 2012.590210 0.000000 0.424380 0.000000 0.905484 1.000000 1.000000 1.000000
3270.963867 0.000000 1989.801758 0.000000 0.117209 0.000000 0.993107 1.000000 1.000000 1.000000
3266.520508 0.000000 1991.950684 0.000000 0.607999 0.000000 0.793938 1.000000 1.000000 1.000000
3269.819336 0.000000 1988.187866 0.000000 0.533192 0.000000 -0.845994 1.000000 1.000000 1.000000
3267.539795 0.000000 1989.171021 0.000000 0.981499 0.000000 -0.191466 1.000000 1.000000 1.000000
3292.997803 0.000000 2014.765991 0.000000 0.870310 0.000000 0.492505 0.934433 0.934433 0.934433
3269.500977 0.000000 1989.607056 0.000000 0.999908 0.000000 0.013540 1.000000 1.000000 1.000000
3293.978760 0.000000 2015.126465 0.000000 0.924794 0.000000 -0.380468 1.049695 1.049695 1.049695
3328.923096 0.000000 1944.427002 0.000000 0.815579 0.000000 -0.578646 1.000000 1.000000 1.000000
1980.584106 0.000000 2096.638672 0.000000 0.612610 0.000000 -0.790386 1.116048 1.116048 1.116048
1982.826172 0.000000 2089.657471 0.000000 0.963658 0.000000 -0.267139 1.000000 1.000000 1.000000
1981.177490 0.000000 2091.080078 0.000000 0.231914 0.000000 0.972736 1.000000 1.000000 1.000000
1979.485962 0.000000 2091.634033 0.000000 0.887063 0.000000 -0.461648 1.000000 1.000000 1.000000
1991.969604 0.000000 2103.298584 0.000000 0.949800 0.000000 0.312858 1.000000 1.000000 1.000000
2003.325928 0.000000 2108.628906 0.000000 0.336719 0.000000 0.941605 1.000000 1.000000 1.000000
1980.584106 0.000000 2160.623047 0.000000 0.865773 0.000000 0.500438 1.000000 1.000000 1.000000
1982.129150 0.000000 2160.327881 0.000000 0.992339 0.000000 0.123544 0.984230 0.984230 0.984230
1999.661987 0.000000 2162.889404 0.000000 0.881610 0.000000 -0.471978 1.000000 1.000000 1.000000
2024.731689 0.000000 2168.406006 0.000000 0.751731 0.000000 -0.659470 1.000000 1.000000 1.000000
2024.351807 0.000000 2169.747803 0.000000 0.218459 0.000000 0.975846 1.000000 1.000000 1.000000
1971.323975 0.000000 2191.903809 0.000000 0.876689 0.000000 -0.481058 1.000000 1.000000 1.000000
1959.151245 0.000000 2188.688477 0.000000 0.599559 0.000000 0.800330 1.000000 1.000000 1.000000
1961.955688 0.000000 2188.620117 0.000000 0.144787 0.000000 0.989463 0.818500 0.818500 0.818500
1960.322021 0.000000 2189.725586 0.000000 0.918937 0.000000 -0.394404 1.051620 1.051620 1.051620
1980.584106 0.000000 2224.607422 0.000000 0.878151 0.000000 -0.478384 1.000000 1.000000 1.000000
1970.029419 0.000000 2215.801025 0.000000 0.948093 0.000000 0.317994 1.000000 1.000000 1.000000
1970.328247 0.000000 2214.403809 0.000000 0.405159 0.000000 0.914246 1.000000 1.000000 1.000000
2003.320068 0.000000 2191.903809 0.000000 0.945346 0.000000 0.326068 1.000000 1.000000 1.000000
1996.890015 0.000000 2189.145752 0.000000 0.025038 0.000000 0.999686 0.803188 0.803188 0.803188
1997.565796 0.000000 2191.266113 0.000000 0.921976 0.000000 -0.387247 1.000000 1.000000 1.000000
2003.490601 0.000000 2193.946777 0.000000 0.917227 0.000000 -0.398366 1.000000 1.000000 1.000000
2004.664185 0.000000 2192.823242 0.000000 0.873659 0.000000 0.486539 1.000000 1.000000 1.000000
2003.328247 0.000000 2175.546875 0.000000 0.703827 0.000000 -0.710371 1.000000 1.000000 1.000000
2044.576294 0.000000 2192.615234 0.000000 0.582348 0.000000 0.812940 0.879146 0.879146 0.879146
2030.036987 0.000000 2205.145020 0.000000 0.961525 0.000000 -0.274717 1.000000 1.000000 1.000000
2031.280151 0.000000 2206.814453 0.000000 0.916178 0.000000 0.400771 1.000000 1.000000 1.000000
2030.821289 0.000000 2204.125488 0.000000 0.992736 0.000000 0.120312 1.000000 1.000000 1.000000
2045.508057 0.000000 2193.377441 0.000000 0.150955 0.000000 -0.988541 1.180706 1.180706 1.180706
1986.030029 0.000000 2207.623291 0.000000 0.823430 0.000000 -0.567418 1.000000 1.000000 1.000000
2004.201416 0.000000 2219.989746 0.000000 0.608317 0.000000 0.793694 1.000000 1.000000 1.000000
1988.831787 0.000000 2208.417969 0.000000 0.997682 0.000000 -0.068043 1.000000 1.000000 1.000000
2022.486084 0.000000 2225.444824 0.000000 0.111231 0.000000 0.993795 1.000000 1.000000 1.000000
2038.703979 0.000000 2220.318604 0.000000 0.318793 0.000000 0.947824 1.000000 1.000000 1.000000
2038.727783 0.000000 2219.028320 0.000000 0.942424 0.000000 0.334421 1.000000 1.000000 1.000000
1991.357544 0.000000 2251.259766 0.000000 0.604744 0.000000 -0.796420 1.117310 1.117310 1.117310
2027.240723 0.000000 2255.168945 0.000000 0.952551 0.000000 -0.304379 1.000000 1.000000 1.000000
2034.356445 0.000000 2262.411865 0.000000 0.748718 0.000000 0.662888 0.907732 0.907732 0.907732
2022.617676 0.000000 2266.070801 0.000000 0.526327 0.000000 0.850282 0.870572 0.870572 0.870572
2021.446655 0.000000 2269.801758 0.000000 0.681618 0.000000 -0.731708 1.000000 1.000000 1.000000
2035.049805 0.000000 2265.891357 0.000000 0.956756 0.000000 -0.290892 1.000000 1.000000 1.000000
2030.233643 0.000000 2263.364746 0.000000 0.361107 0.000000 -0.932524 1.000000 1.000000 1.000000
2030.984497 0.000000 2257.053467 0.000000 0.413337 0.000000 0.910578 1.000000 1.000000 1.000000
2028.515259 0.000000 2257.716064 0.000000 0.707703 0.000000 -0.706510 1.099893 1.099893 1.099893
2023.752808 0.000000 2268.581543 0.000000 0.682231 0.000000 0.731137 1.000000 1.000000 1.000000
2024.731689 0.000000 2264.382568 0.000000 0.926250 0.000000 -0.376910 1.049205 1.049205 1.049205
2029.561890 0.000000 2255.250488 0.000000 0.610269 0.000000 -0.792194 1.116425 1.116425 1.116425
2025.782837 0.000000 2271.088867 0.000000 0.984476 0.000000 -0.175519 1.022464 1.022464 1.022464
2028.118408 0.000000 2269.695312 0.000000 0.105564 0.000000 0.994412 1.000000 1.000000 1.000000
2026.011475 0.000000 2262.973877 0.000000 0.947988 0.000000 0.318306 0.958754 0.958754 0.958754
2039.999512 0.000000 2268.322266 0.000000 0.957776 0.000000 -0.287514 1.000000 1.000000 1.000000
2035.423828 0.000000 2264.134521 0.000000 0.235374 0.000000 -0.971905 1.000000 1.000000 1.000000
2027.093018 0.000000 2266.798828 0.000000 0.741257 0.000000 0.671222 1.000000 1.000000 1.000000
2020.188477 0.000000 2270.864746 0.000000 0.874082 0.000000 -0.485778 1.000000 1.000000 1.000000
2029.974854 0.000000 2258.260986 0.000000 0.150745 0.000000 -0.988573 1.180733 1.180733 1.180733
2028.379517 0.000000 2256.218018 0.000000 0.521701 0.000000 0.853128 0.869881 0.869881 0.869881
2027.273804 0.000000 2270.916504 0.000000 0.867235 0.000000 -0.497899 1.066358 1.066358 1.066358
2025.679565 0.000000 2265.409668 0.000000 0.413412 0.000000 0.910544 0.854265 0.854265 0.854265
2028.437134 0.000000 2254.471436 0.000000 0.537235 0.000000 -0.843433 1.127787 1.127787 1.127787
2029.650024 0.000000 2256.889160 0.000000 0.664072 0.000000 0.747669 0.892469 0.892469 0.892469
2027.112915 0.000000 2263.699707 0.000000 0.332028 0.000000 0.943270 0.843093 0.843093 0.843093
2038.758911 0.000000 2267.313965 0.000000 0.795663 0.000000 0.605739 0.917151 0.917151 0.917151
2022.974487 0.000000 2267.513428 0.000000 0.953641 0.000000 -0.300948 1.038921 1.038921 1.038921
2028.000977 0.000000 2260.988525 0.000000 0.875117 0.000000 -0.483911 1.064314 1.064314 1.064314
2023.518311 0.000000 2266.215820 0.000000 0.586264 0.000000 0.810120 0.879761 0.879761 0.879761
2027.424316 0.000000 2265.837402 0.000000 0.973979 0.000000 0.226640 0.970890 0.970890 0.970890
2029.933838 0.000000 2262.345947 0.000000 0.860015 0.000000 0.510268 0.931818 0.931818 0.931818
2005.613647 0.000000 2281.932617 0.000000 0.919010 0.000000 0.394234 1.000000 1.000000 1.000000
2043.280640 0.000000 2271.821533 0.000000 0.268563 0.000000 -0.963262 1.000000 1.000000 1.000000
2039.000366 0.000000 2271.701172 0.000000 0.138792 0.000000 -0.990322 1.000000 1.000000 1.000000
2022.744751 0.000000 2274.383789 0.000000 0.520296 0.000000 -0.853986 1.000000 1.000000 1.000000
2039.196899 0.000000 2276.806641 0.000000 0.059727 0.000000 -0.998215 1.000000 1.000000 1.000000
2041.802979 0.000000 2273.804688 0.000000 0.665553 0.000000 0.746351 1.000000 1.000000 1.000000
2025.013672 0.000000 2273.555176 0.000000 0.818938 0.000000 0.573882 0.922175 0.922175 0.922175
2041.309937 0.000000 2280.752441 0.000000 0.412932 0.000000 0.910762 1.000000 1.000000 1.000000
2037.527954 0.000000 2277.935059 0.000000 0.432830 0.000000 0.901476 1.000000 1.000000 1.000000
2040.956177 0.000000 2271.498535 0.000000 0.496353 0.000000 0.868121 0.866131 0.866131 0.866131
2028.713379 0.000000 2271.487061 0.000000 0.331229 0.000000 -0.943551 1.157015 1.157015 1.157015
2025.514526 0.000000 2271.717529 0.000000 0.589602 0.000000 0.807694 0.880286 0.880286 0.880286
2038.258789 0.000000 2280.108154 0.000000 0.992410 0.000000 0.122977 1.000000 1.000000 1.000000
2040.146484 0.000000 2272.928955 0.000000 0.069038 0.000000 -0.997614 1.000000 1.000000 1.000000
2021.135010 0.000000 2274.080811 0.000000 0.978888 0.000000 -0.204399 1.000000 1.000000 1.000000
2039.697998 0.000000 2280.868164 0.000000 0.536748 0.000000 -0.843743 1.000000 1.000000 1.000000
2024.398315 0.000000 2272.308594 0.000000 0.245756 0.000000 0.969332 0.831614 0.831614 0.831614
2027.774170 0.000000 2271.815186 0.000000 0.511920 0.000000 0.859033 0.868426 0.868426 0.868426
2021.521729 0.000000 2273.173584 0.000000 0.917436 0.000000 0.397884 0.947898 0.947898 0.947898
2026.339111 0.000000 2272.335205 0.000000 0.446498 0.000000 -0.894785 1.141068 1.141068 1.141068
2055.749023 0.000000 2204.597168 0.000000 0.902921 0.000000 0.429807 1.000000 1.000000 1.000000
2552.915039 0.000000 2478.143799 0.000000 0.534129 0.000000 -0.845403 1.000000 1.000000 1.000000
2782.948486 0.000000 2284.270020 0.000000 0.318069 0.000000 0.948068 1.000000 1.000000 1.000000
2780.496582 0.000000 2299.105713 0.000000 0.676477 0.000000 0.736463 0.894598 0.894598 0.894598
2783.921143 0.000000 2299.083984 0.000000 0.135714 0.000000 -0.990748 1.000000 1.000000 1.000000
2909.286865 0.000000 2054.978027 0.000000 0.007100 0.000000 0.999975 1.000000 1.000000 1.000000
2911.031250 0.000000 2055.860596 0.000000 0.945566 0.000000 0.325432 1.000000 1.000000 1.000000
2911.798096 0.000000 2054.010986 0.000000 0.992968 0.000000 0.118380 1.000000 1.000000 1.000000
2851.515137 0.000000 2259.213623 0.000000 0.832660 0.000000 -0.553784 1.000000 1.000000 1.000000
2850.070312 0.000000 2260.376953 0.000000 0.995217 0.000000 0.097686 0.987542 0.987542 0.987542
2851.115234 0.000000 2260.159424 0.000000 0.868370 0.000000 0.495917 0.933933 0.933933 0.933933
2850.442139 0.000000 2261.309570 0.000000 0.109427 0.000000 0.993995 0.813961 0.813961 0.813961
2845.154297 0.000000 2285.170166 0.000000 0.341582 0.000000 -0.939852 1.000000 1.000000 1.000000
2848.621094 0.000000 2274.536865 0.000000 0.345746 0.000000 -0.938328 1.000000 1.000000 1.000000
2858.577393 0.000000 2277.037598 0.000000 0.914396 0.000000 -0.404820 1.000000 1.000000 1.000000
2588.007812 0.000000 2425.591064 0.000000 0.907197 0.000000 0.420705 1.000000 1.000000 1.000000
2579.531738 0.000000 2429.924316 0.000000 0.815830 0.000000 0.578292 1.000000 1.000000 1.000000
2586.314941 0.000000 2422.226807 0.000000 0.538259 0.000000 -0.842780 1.000000 1.000000 1.000000
2576.271973 0.000000 2429.462646 0.000000 0.745190 0.000000 0.666852 1.000000 1.000000 1.000000
2584.076172 0.000000 2423.254639 0.000000 0.254076 0.000000 -0.967184 1.000000 1.000000 1.000000
2589.764893 0.000000 2418.447998 0.000000 0.688609 0.000000 0.725133 1.000000 1.000000 1.000000
2591.309570 0.000000 2422.620361 0.000000 0.451032 0.000000 -0.892508 1.000000 1.000000 1.000000
2580.132080 0.000000 2427.656006 0.000000 0.761017 0.000000 -0.648732 1.000000 1.000000 1.000000
2577.823486 0.000000 2430.742188 0.000000 0.817291 0.000000 0.576225 1.000000 1.000000 1.000000
2612.891602 0.000000 2423.128174 0.000000 0.238004 0.000000 -0.971264 1.000000 1.000000 1.000000
2595.537354 0.000000 2421.010742 0.000000 0.458418 0.000000 -0.888737 1.000000 1.000000 1.000000
2742.691162 0.000000 2325.058105 0.000000 0.546971 0.000000 -0.837152 1.000000 1.000000 1.000000
2738.964111 0.000000 2329.875732 0.000000 0.873812 0.000000 0.486265 1.000000 1.000000 1.000000
2734.446045 0.000000 2315.148926 0.000000 0.332815 0.000000 -0.942992 1.156801 1.156801 1.156801
2734.455566 0.000000 2316.730225 0.000000 0.693195 0.000000 -0.720750 1.000000 1.000000 1.000000
2733.922119 0.000000 2317.962402 0.000000 0.995059 0.000000 -0.099284 1.012662 1.012662 1.012662
2735.149658 0.000000 2315.944824 0.000000 0.749396 0.000000 -0.662122 1.092138 1.092138 1.092138
2779.418213 0.000000 2321.884766 0.000000 0.003283 0.000000 0.999995 1.000000 1.000000 1.000000
2777.266357 0.000000 2320.733154 0.000000 0.729681 0.000000 0.683788 0.904133 0.904133 0.904133
2776.434082 0.000000 2321.692139 0.000000 0.994359 0.000000 -0.106066 1.013530 1.013530 1.013530
2768.980225 0.000000 2373.480957 0.000000 0.498214 0.000000 0.867054 1.000000 1.000000 1.000000
2579.531738 0.000000 2461.916504 0.000000 0.754517 0.000000 -0.656280 1.000000 1.000000 1.000000
2579.250000 0.000000 2447.841309 0.000000 0.508746 0.000000 0.860917 1.000000 1.000000 1.000000
2577.549561 0.000000 2431.529053 0.000000 0.923274 0.000000 -0.384143 1.000000 1.000000 1.000000
2571.913086 0.000000 2442.489502 0.000000 0.995018 0.000000 -0.099692 1.000000 1.000000 1.000000
2571.728271 0.000000 2438.598633 0.000000 0.435632 0.000000 -0.900125 1.000000 1.000000 1.000000
2583.800049 0.000000 2439.046631 0.000000 0.741530 0.000000 0.670920 1.000000 1.000000 1.000000
2574.464844 0.000000 2432.240723 0.000000 0.245997 0.000000 -0.969271 1.000000 1.000000 1.000000
2577.990479 0.000000 2434.620361 0.000000 0.991120 0.000000 0.132968 1.000000 1.000000 1.000000
2583.130615 0.000000 2436.767578 0.000000 0.945848 0.000000 0.324610 1.000000 1.000000 1.000000
2568.603027 0.000000 2442.600098 0.000000 0.976295 0.000000 0.216446 1.000000 1.000000 1.000000
2571.572266 0.000000 2434.873047 0.000000 0.020488 0.000000 0.999790 1.000000 1.000000 1.000000
2568.947266 0.000000 2433.516113 0.000000 0.823063 0.000000 -0.567951 1.000000 1.000000 1.000000
2575.976807 0.000000 2439.378418 0.000000 0.365747 0.000000 -0.930714 1.000000 1.000000 1.000000
2575.609131 0.000000 2436.123047 0.000000 0.804829 0.000000 0.593506 1.000000 1.000000 1.000000
2572.185303 0.000000 2440.437744 0.000000 0.983246 0.000000 -0.182284 1.000000 1.000000 1.000000
2586.784180 0.000000 2435.201416 0.000000 0.930362 0.000000 -0.366642 1.000000 1.000000 1.000000
2603.170654 0.000000 2447.122070 0.000000 0.748845 0.000000 0.662745 1.000000 1.000000 1.000000
2612.127197 0.000000 2443.935059 0.000000 0.008522 0.000000 0.999964 0.801085 0.801085 0.801085
2614.633789 0.000000 2444.263916 0.000000 0.234540 0.000000 0.972107 0.830143 0.830143 0.830143
2617.239746 0.000000 2440.713379 0.000000 0.868499 0.000000 -0.495691 1.000000 1.000000 1.000000
2600.071777 0.000000 2451.017822 0.000000 0.977320 0.000000 0.211767 1.000000 1.000000 1.000000
2613.969727 0.000000 2447.825928 0.000000 0.024987 0.000000 0.999688 1.000000 1.000000 1.000000
2617.662109 0.000000 2442.825928 0.000000 0.973263 0.000000 0.229694 1.000000 1.000000 1.000000
2597.221924 0.000000 2450.755615 0.000000 0.606532 0.000000 -0.795059 1.117024 1.117024 1.117024
2601.677490 0.000000 2446.248535 0.000000 0.618896 0.000000 -0.785473 1.115032 1.115032 1.115032
2598.904541 0.000000 2447.885498 0.000000 0.400677 0.000000 0.916219 1.000000 1.000000 1.000000
2596.498047 0.000000 2449.658691 0.000000 0.694348 0.000000 -0.719639 1.000000 1.000000 1.000000
2612.224854 0.000000 2442.541260 0.000000 0.993069 0.000000 0.117531 0.985001 0.985001 0.985001
2615.876221 0.000000 2445.260010 0.000000 0.991701 0.000000 0.128568 0.983585 0.983585 0.983585
2614.657471 0.000000 2442.973633 0.000000 0.864078 0.000000 0.503358 0.932839 0.932839 0.932839
2610.973145 0.000000 2459.161133 0.000000 0.418871 0.000000 0.908046 1.000000 1.000000 1.000000
2612.129639 0.000000 2445.183594 0.000000 0.946277 0.000000 0.323357 0.958075 0.958075 0.958075
2601.456299 0.000000 2447.419922 0.000000 0.516357 0.000000 0.856373 0.869085 0.869085 0.869085
2599.467529 0.000000 2450.042725 0.000000 0.353420 0.000000 -0.935465 1.154007 1.154007 1.154007
2615.518066 0.000000 2443.548828 0.000000 0.598592 0.000000 0.801054 0.881709 0.881709 0.881709
2565.380371 0.000000 2493.747070 0.000000 0.927677 0.000000 -0.373383 1.048721 1.048721 1.048721
2568.440430 0.000000 2495.008057 0.000000 0.977974 0.000000 -0.208726 1.026773 1.026773 1.026773
2628.412109 0.000000 2454.651611 0.000000 0.268055 0.000000 -0.963404 1.000000 1.000000 1.000000
2628.062744 0.000000 2457.300781 0.000000 0.995166 0.000000 0.098210 1.000000 1.000000 1.000000
2641.115723 0.000000 2470.769775 0.000000 0.999960 0.000000 0.008998 1.000000 1.000000 1.000000
2567.514160 0.000000 2495.460449 0.000000 0.585845 0.000000 0.810423 1.000000 1.000000 1.000000
2580.131104 0.000000 2507.919434 0.000000 0.657519 0.000000 0.753438 1.000000 1.000000 1.000000
2591.626221 0.000000 2520.741943 0.000000 0.740155 0.000000 0.672437 0.906099 0.906099 0.906099
2590.208252 0.000000 2523.005371 0.000000 0.974726 0.000000 0.223405 1.000000 1.000000 1.000000
2581.447998 0.000000 2507.312988 0.000000 0.743743 0.000000 0.668465 1.000000 1.000000 1.000000
2578.785156 0.000000 2507.964600 0.000000 0.234403 0.000000 0.972140 0.830125 0.830125 0.830125
2590.700684 0.000000 2520.870117 0.000000 0.853552 0.000000 0.521007 0.930223 0.930223 0.930223
2621.322021 0.000000 2502.868652 0.000000 0.797008 0.000000 0.603969 1.000000 1.000000 1.000000
2591.944580 0.000000 2523.029297 0.000000 0.063844 0.000000 -0.997960 1.000000 1.000000 1.000000
2594.281494 0.000000 2518.253906 0.000000 0.981623 0.000000 -0.190829 1.024447 1.024447 1.024447
2594.910889 0.000000 2519.963623 0.000000 0.753553 0.000000 -0.657387 1.091335 1.091335 1.091335
2593.292969 0.000000 2521.912109 0.000000 0.999994 0.000000 -0.003446 1.000439 1.000439 1.000439
2619.990479 0.000000 2502.171631 0.000000 0.955122 0.000000 0.296214 0.961710 0.961710 0.961710
2622.522461 0.000000 2506.911865 0.000000 0.431439 0.000000 -0.902142 1.000000 1.000000 1.000000
2625.033691 0.000000 2507.114502 0.000000 0.662178 0.000000 0.749347 1.000000 1.000000 1.000000
2636.512939 0.000000 2498.470215 0.000000 0.586217 0.000000 0.810154 0.879753 0.879753 0.879753
3296.348877 0.000000 2183.396973 0.000000 0.751991 0.000000 -0.659173 1.000000 1.000000 1.000000
3581.064453 0.000000 2189.193604 0.000000 0.436401 0.000000 -0.899752 1.000000 1.000000 1.000000
3577.122559 0.000000 2184.775879 0.000000 0.830625 0.000000 -0.556832 1.000000 1.000000 1.000000
3577.544922 0.000000 2186.888428 0.000000 0.696865 0.000000 -0.717202 1.000000 1.000000 1.000000
3579.325195 0.000000 2184.162109 0.000000 0.461047 0.000000 -0.887375 1.000000 1.000000 1.000000
3586.244629 0.000000 2171.275635 0.000000 0.167028 0.000000 -0.985952 1.000000 1.000000 1.000000
3587.945557 0.000000 2169.371094 0.000000 0.683521 0.000000 0.729931 1.000000 1.000000 1.000000
"}
object={
	name="oak_tree_generator_2_1"
	clamp_to_water_level=no
	render_under_water=no
	generated_content=yes
	layer="oak_tree_layer"
	pdxmesh="tree_oak_2_variation_1_mesh"
	count=505
	transform="1951.908569 0.000000 1390.915161 0.000000 0.992276 0.000000 -0.124047 1.000000 1.000000 1.000000
2013.835083 0.000000 1522.666870 0.000000 0.203184 0.000000 -0.979141 1.000000 1.000000 1.000000
2014.674316 0.000000 1519.036255 0.000000 0.147235 0.000000 0.989102 1.000000 1.000000 1.000000
2015.525146 0.000000 1525.371826 0.000000 0.323293 0.000000 -0.946299 1.000000 1.000000 1.000000
2014.696899 0.000000 1517.732178 0.000000 0.957577 0.000000 0.288179 0.962780 0.962780 0.962780
2039.893066 0.000000 1514.604492 0.000000 0.997357 0.000000 0.072663 1.000000 1.000000 1.000000
2034.356445 0.000000 1526.591675 0.000000 0.415867 0.000000 -0.909425 1.145391 1.145391 1.145391
2023.779053 0.000000 1512.530029 0.000000 0.316321 0.000000 -0.948652 1.000000 1.000000 1.000000
2019.049438 0.000000 1518.425781 0.000000 0.626645 0.000000 0.779305 0.886229 0.886229 0.886229
2045.392334 0.000000 1511.110718 0.000000 0.169003 0.000000 0.985615 1.000000 1.000000 1.000000
2035.316162 0.000000 1520.067871 0.000000 0.015369 0.000000 -0.999882 1.000000 1.000000 1.000000
2038.776978 0.000000 1525.253296 0.000000 0.594891 0.000000 -0.803806 1.000000 1.000000 1.000000
2022.617676 0.000000 1530.250366 0.000000 0.992585 0.000000 -0.121550 1.000000 1.000000 1.000000
2033.575439 0.000000 1523.157104 0.000000 0.057193 0.000000 0.998363 0.807286 0.807286 0.807286
2025.947876 0.000000 1516.784180 0.000000 0.440349 0.000000 0.897827 0.858058 0.858058 0.858058
2015.900757 0.000000 1518.883911 0.000000 0.888279 0.000000 0.459304 1.000000 1.000000 1.000000
2042.258423 0.000000 1519.539551 0.000000 0.054526 0.000000 0.998512 1.000000 1.000000 1.000000
2018.189087 0.000000 1516.167114 0.000000 0.543294 0.000000 0.839542 0.873129 0.873129 0.873129
2045.831177 0.000000 1522.666870 0.000000 0.627435 0.000000 0.778669 1.000000 1.000000 1.000000
2029.561890 0.000000 1519.430176 0.000000 0.462343 0.000000 0.886701 1.000000 1.000000 1.000000
2045.169678 0.000000 1515.220703 0.000000 0.825959 0.000000 0.563730 1.000000 1.000000 1.000000
2029.415527 0.000000 1529.533691 0.000000 0.911222 0.000000 -0.411915 1.000000 1.000000 1.000000
2015.807129 0.000000 1523.250610 0.000000 0.775666 0.000000 0.631143 0.913034 0.913034 0.913034
2035.486694 0.000000 1522.110718 0.000000 0.971974 0.000000 -0.235090 1.030215 1.030215 1.030215
2036.198364 0.000000 1531.874634 0.000000 0.746996 0.000000 -0.664828 1.000000 1.000000 1.000000
2031.658081 0.000000 1523.045532 0.000000 0.930871 0.000000 0.365349 1.000000 1.000000 1.000000
2017.745239 0.000000 1523.019775 0.000000 0.057164 0.000000 0.998365 0.807282 0.807282 0.807282
2021.292114 0.000000 1522.982300 0.000000 0.249510 0.000000 0.968372 0.832108 0.832108 0.832108
2033.908447 0.000000 1521.390259 0.000000 0.944900 0.000000 -0.327358 1.042463 1.042463 1.042463
2043.507935 0.000000 1522.080078 0.000000 0.023381 0.000000 -0.999727 1.197023 1.197023 1.197023
2038.574341 0.000000 1527.960571 0.000000 0.912045 0.000000 -0.410090 1.000000 1.000000 1.000000
2022.974731 0.000000 1520.112183 0.000000 0.911726 0.000000 -0.410800 1.053900 1.053900 1.053900
2032.433960 0.000000 1521.756470 0.000000 0.999913 0.000000 -0.013162 1.001676 1.001676 1.001676
2031.195435 0.000000 1519.704224 0.000000 0.328136 0.000000 -0.944630 1.000000 1.000000 1.000000
2018.402222 0.000000 1521.646729 0.000000 0.999815 0.000000 -0.019222 1.002448 1.002448 1.002448
2021.295776 0.000000 1520.670166 0.000000 0.832135 0.000000 0.554574 0.925153 0.925153 0.925153
2024.503540 0.000000 1516.271729 0.000000 0.901545 0.000000 -0.432685 1.056973 1.056973 1.056973
2020.163696 0.000000 1519.464844 0.000000 0.999507 0.000000 -0.031411 1.004000 1.004000 1.004000
2022.975708 0.000000 1518.435303 0.000000 0.314259 0.000000 -0.949337 1.159297 1.159297 1.159297
2021.995728 0.000000 1516.009399 0.000000 0.588789 0.000000 -0.808287 1.119842 1.119842 1.119842
2042.638184 0.000000 1520.943970 0.000000 0.996055 0.000000 0.088734 1.000000 1.000000 1.000000
2020.906738 0.000000 1515.214111 0.000000 0.911578 0.000000 -0.411127 1.000000 1.000000 1.000000
2020.568237 0.000000 1521.885376 0.000000 0.867222 0.000000 -0.497921 1.066361 1.066361 1.066361
2017.107910 0.000000 1515.356567 0.000000 0.882086 0.000000 0.471088 0.937545 0.937545 0.937545
2031.562866 0.000000 1527.823486 0.000000 0.263266 0.000000 0.964723 1.000000 1.000000 1.000000
2035.710083 0.000000 1527.023193 0.000000 0.801587 0.000000 -0.597878 1.081596 1.081596 1.081596
2041.001221 0.000000 1514.109985 0.000000 0.498233 0.000000 -0.867043 1.133593 1.133593 1.133593
2032.089844 0.000000 1520.647339 0.000000 0.626943 0.000000 0.779065 0.886278 0.886278 0.886278
2015.806519 0.000000 1521.876343 0.000000 0.975108 0.000000 -0.221731 1.000000 1.000000 1.000000
2042.216187 0.000000 1512.074341 0.000000 0.866633 0.000000 -0.498946 1.066512 1.066512 1.066512
2042.504150 0.000000 1517.986328 0.000000 0.908494 0.000000 -0.417898 1.054893 1.054893 1.054893
2018.331055 0.000000 1517.524780 0.000000 0.884877 0.000000 0.465825 0.938303 0.938303 0.938303
2017.922852 0.000000 1518.749268 0.000000 0.992109 0.000000 -0.125381 1.016006 1.016006 1.016006
2025.264282 0.000000 1517.554932 0.000000 0.354800 0.000000 0.934942 0.846180 0.846180 0.846180
2009.298706 0.000000 1659.021606 0.000000 0.104985 0.000000 -0.994474 1.000000 1.000000 1.000000
2008.146484 0.000000 1655.442139 0.000000 0.536468 0.000000 0.843921 0.872097 0.872097 0.872097
2011.550049 0.000000 1655.674561 0.000000 0.747410 0.000000 -0.664363 1.000000 1.000000 1.000000
1991.808594 0.000000 1652.675293 0.000000 0.576466 0.000000 -0.817121 1.000000 1.000000 1.000000
2009.486206 0.000000 1655.422852 0.000000 0.974446 0.000000 -0.224620 1.028846 1.028846 1.028846
2004.469727 0.000000 1671.950073 0.000000 0.529210 0.000000 0.848491 1.000000 1.000000 1.000000
2001.073853 0.000000 1669.652954 0.000000 0.449250 0.000000 0.893406 1.000000 1.000000 1.000000
2005.531860 0.000000 1670.083618 0.000000 0.403228 0.000000 -0.915099 1.000000 1.000000 1.000000
1995.537598 0.000000 1676.128906 0.000000 0.310444 0.000000 -0.950592 1.159809 1.159809 1.159809
2004.665039 0.000000 1669.005981 0.000000 0.411926 0.000000 -0.911217 1.145942 1.145942 1.145942
2215.120117 0.000000 1100.953979 0.000000 0.497147 0.000000 -0.867666 1.000000 1.000000 1.000000
2048.501221 0.000000 1511.561035 0.000000 0.675846 0.000000 -0.737043 1.000000 1.000000 1.000000
2055.775146 0.000000 1512.530029 0.000000 0.550288 0.000000 0.834975 0.874193 0.874193 0.874193
2056.427734 0.000000 1526.109131 0.000000 0.928642 0.000000 0.370978 1.000000 1.000000 1.000000
2059.975342 0.000000 1514.716064 0.000000 0.458596 0.000000 0.888645 1.000000 1.000000 1.000000
2052.482178 0.000000 1526.878296 0.000000 0.767897 0.000000 0.640573 1.000000 1.000000 1.000000
2051.612793 0.000000 1523.393311 0.000000 0.098928 0.000000 -0.995095 1.187383 1.187383 1.187383
2057.943848 0.000000 1516.784180 0.000000 0.982739 0.000000 0.184997 0.976309 0.976309 0.976309
2052.133057 0.000000 1529.527466 0.000000 0.626068 0.000000 0.779769 1.000000 1.000000 1.000000
2049.284180 0.000000 1513.883301 0.000000 0.248291 0.000000 0.968685 1.000000 1.000000 1.000000
2050.668945 0.000000 1512.067871 0.000000 0.418916 0.000000 -0.908025 1.144964 1.144964 1.144964
2050.347900 0.000000 1526.496216 0.000000 0.552237 0.000000 0.833687 1.000000 1.000000 1.000000
2050.977295 0.000000 1528.205933 0.000000 0.997743 0.000000 0.067145 0.991444 0.991444 0.991444
2053.744385 0.000000 1517.608765 0.000000 0.160893 0.000000 0.986972 0.820575 0.820575 0.820575
2054.970703 0.000000 1520.112183 0.000000 0.250621 0.000000 0.968085 0.832254 0.832254 0.832254
2052.049561 0.000000 1512.652832 0.000000 0.984102 0.000000 0.177603 0.977266 0.977266 0.977266
2053.291748 0.000000 1520.670166 0.000000 0.996463 0.000000 0.084034 0.989288 0.989288 0.989288
2052.159912 0.000000 1519.464844 0.000000 0.356812 0.000000 0.934176 0.846455 0.846455 0.846455
2050.404053 0.000000 1514.754761 0.000000 0.920038 0.000000 0.391829 0.948737 0.948737 0.948737
2052.988281 0.000000 1513.831787 0.000000 0.547571 0.000000 0.836760 0.873779 0.873779 0.873779
2054.667480 0.000000 1513.060059 0.000000 0.514509 0.000000 -0.857485 1.131190 1.131190 1.131190
2059.240234 0.000000 1520.674683 0.000000 0.996816 0.000000 0.079733 0.989837 0.989837 0.989837
2055.280029 0.000000 1521.123657 0.000000 0.707933 0.000000 0.706279 0.900149 0.900149 0.900149
2052.207275 0.000000 1522.703247 0.000000 0.999365 0.000000 -0.035634 1.004538 1.004538 1.004538
2132.125977 0.000000 1492.135498 0.000000 0.541867 0.000000 0.840464 1.000000 1.000000 1.000000
2131.475098 0.000000 1490.118530 0.000000 0.449786 0.000000 0.893136 1.000000 1.000000 1.000000
2144.489502 0.000000 1479.568848 0.000000 0.024490 0.000000 -0.999700 1.000000 1.000000 1.000000
2145.272461 0.000000 1481.891113 0.000000 0.366112 0.000000 0.930571 1.000000 1.000000 1.000000
2158.998047 0.000000 1530.890625 0.000000 0.574270 0.000000 -0.818666 1.000000 1.000000 1.000000
2174.802734 0.000000 1513.798096 0.000000 0.357236 0.000000 0.934014 1.000000 1.000000 1.000000
2171.675293 0.000000 1509.070190 0.000000 0.749488 0.000000 -0.662018 1.092120 1.092120 1.092120
2170.834961 0.000000 1507.427856 0.000000 0.971144 0.000000 -0.238492 1.000000 1.000000 1.000000
2156.281738 0.000000 1530.317261 0.000000 0.597425 0.000000 -0.801925 1.000000 1.000000 1.000000
2172.003906 0.000000 1513.247070 0.000000 0.009088 0.000000 -0.999959 1.198843 1.198843 1.198843
2217.921875 0.000000 1492.870483 0.000000 0.355719 0.000000 0.934593 1.000000 1.000000 1.000000
2183.456299 0.000000 1513.968750 0.000000 0.046746 0.000000 0.998907 1.000000 1.000000 1.000000
2105.724609 0.000000 1579.036987 0.000000 0.832201 0.000000 0.554474 1.000000 1.000000 1.000000
2108.763916 0.000000 1580.206665 0.000000 0.409598 0.000000 -0.912266 1.146268 1.146268 1.146268
2111.291748 0.000000 1579.616089 0.000000 0.982641 0.000000 0.185515 0.976242 0.976242 0.976242
2111.357666 0.000000 1578.773193 0.000000 0.975476 0.000000 -0.220105 1.028256 1.028256 1.028256
2157.587158 0.000000 1541.447388 0.000000 0.459452 0.000000 0.888203 0.860782 0.860782 0.860782
2140.062500 0.000000 1593.794312 0.000000 0.345029 0.000000 0.938592 1.000000 1.000000 1.000000
2131.304688 0.000000 1584.052246 0.000000 0.128161 0.000000 -0.991753 1.183637 1.183637 1.183637
2142.500244 0.000000 1597.990967 0.000000 0.609648 0.000000 0.792672 0.883476 0.883476 0.883476
2111.867676 0.000000 1579.870972 0.000000 0.956425 0.000000 0.291979 0.962275 0.962275 0.962275
2125.491943 0.000000 1599.284180 0.000000 0.363297 0.000000 0.931673 0.847340 0.847340 0.847340
2143.680908 0.000000 1592.968506 0.000000 0.804769 0.000000 -0.593588 1.080916 1.080916 1.080916
2138.369629 0.000000 1590.429932 0.000000 0.359272 0.000000 0.933233 0.846790 0.846790 0.846790
2122.177490 0.000000 1586.931152 0.000000 0.996271 0.000000 0.086276 0.989001 0.989001 0.989001
2140.564697 0.000000 1584.763794 0.000000 0.358017 0.000000 0.933715 1.000000 1.000000 1.000000
2137.283203 0.000000 1595.037231 0.000000 0.066518 0.000000 0.997785 1.000000 1.000000 1.000000
2121.936279 0.000000 1580.768555 0.000000 0.800668 0.000000 -0.599109 1.000000 1.000000 1.000000
2132.125977 0.000000 1588.112061 0.000000 0.960203 0.000000 0.279303 0.963959 0.963959 0.963959
2118.733154 0.000000 1570.555664 0.000000 0.109402 0.000000 -0.993998 1.186043 1.186043 1.186043
2118.294189 0.000000 1588.397461 0.000000 0.982433 0.000000 0.186616 1.000000 1.000000 1.000000
2141.284424 0.000000 1591.463257 0.000000 0.159463 0.000000 0.987204 0.820391 0.820391 0.820391
2122.258301 0.000000 1576.866089 0.000000 0.612864 0.000000 0.790189 1.000000 1.000000 1.000000
2115.747803 0.000000 1584.838013 0.000000 0.883378 0.000000 0.468661 1.000000 1.000000 1.000000
2136.130859 0.000000 1591.457764 0.000000 0.747147 0.000000 -0.664659 1.092569 1.092569 1.092569
2120.657715 0.000000 1578.811157 0.000000 0.365519 0.000000 0.930804 1.000000 1.000000 1.000000
2133.052246 0.000000 1582.389526 0.000000 0.944617 0.000000 -0.328176 1.000000 1.000000 1.000000
2136.014648 0.000000 1584.719849 0.000000 0.887975 0.000000 0.459893 0.939155 0.939155 0.939155
2141.158203 0.000000 1579.205078 0.000000 0.252439 0.000000 0.967613 1.000000 1.000000 1.000000
2143.364258 0.000000 1590.823486 0.000000 0.461968 0.000000 0.886896 0.861143 0.861143 0.861143
2120.130371 0.000000 1587.228760 0.000000 0.948231 0.000000 -0.317582 1.041148 1.041148 1.041148
2135.814453 0.000000 1586.844971 0.000000 0.924291 0.000000 0.381688 0.950137 0.950137 0.950137
2134.028320 0.000000 1584.036743 0.000000 0.046579 0.000000 0.998915 0.805933 0.805933 0.805933
2129.878174 0.000000 1598.945190 0.000000 0.584517 0.000000 -0.811381 1.000000 1.000000 1.000000
2128.921387 0.000000 1594.548462 0.000000 0.997240 0.000000 0.074240 1.000000 1.000000 1.000000
2131.412109 0.000000 1592.298706 0.000000 0.823012 0.000000 0.568025 1.000000 1.000000 1.000000
2115.680420 0.000000 1573.272583 0.000000 0.578912 0.000000 -0.815390 1.000000 1.000000 1.000000
2129.611328 0.000000 1588.901123 0.000000 0.945337 0.000000 -0.326094 1.042293 1.042293 1.042293
2138.206787 0.000000 1596.560913 0.000000 0.314790 0.000000 -0.949161 1.000000 1.000000 1.000000
2127.268555 0.000000 1598.962891 0.000000 0.208119 0.000000 -0.978104 1.000000 1.000000 1.000000
2134.142578 0.000000 1587.654907 0.000000 0.047473 0.000000 0.998873 0.806047 0.806047 0.806047
2121.736084 0.000000 1582.459351 0.000000 0.104858 0.000000 -0.994487 1.000000 1.000000 1.000000
2122.359131 0.000000 1579.152344 0.000000 0.256767 0.000000 0.966473 1.000000 1.000000 1.000000
2117.123291 0.000000 1570.252563 0.000000 0.866174 0.000000 -0.499743 1.066629 1.066629 1.066629
2118.449219 0.000000 1568.934326 0.000000 0.737714 0.000000 -0.675113 1.000000 1.000000 1.000000
2125.448242 0.000000 1577.991089 0.000000 0.320187 0.000000 -0.947354 1.000000 1.000000 1.000000
2133.730713 0.000000 1594.837280 0.000000 0.740074 0.000000 -0.672526 1.093916 1.093916 1.093916
2136.492676 0.000000 1589.767090 0.000000 0.224047 0.000000 -0.974578 1.171229 1.171229 1.171229
2126.943115 0.000000 1592.980103 0.000000 0.945701 0.000000 -0.325037 1.042151 1.042151 1.042151
2119.526123 0.000000 1572.104370 0.000000 0.629073 0.000000 0.777346 0.886626 0.886626 0.886626
2141.489502 0.000000 1596.720337 0.000000 0.324615 0.000000 -0.945846 1.157906 1.157906 1.157906
2118.963135 0.000000 1584.096558 0.000000 0.984347 0.000000 0.176239 0.977443 0.977443 0.977443
2124.367920 0.000000 1584.382080 0.000000 0.829280 0.000000 0.558833 0.924500 0.924500 0.924500
2120.526367 0.000000 1573.432495 0.000000 0.764409 0.000000 0.644731 1.000000 1.000000 1.000000
2138.626465 0.000000 1584.928345 0.000000 0.981501 0.000000 0.191455 0.975472 0.975472 0.975472
2123.054932 0.000000 1585.784058 0.000000 0.002963 0.000000 -0.999996 1.199623 1.199623 1.199623
2111.953125 0.000000 1581.365234 0.000000 0.905391 0.000000 -0.424579 1.000000 1.000000 1.000000
2122.509521 0.000000 1575.442871 0.000000 0.408181 0.000000 -0.912901 1.000000 1.000000 1.000000
2124.832031 0.000000 1587.125977 0.000000 0.256681 0.000000 0.966496 0.833052 0.833052 0.833052
2127.883789 0.000000 1593.834229 0.000000 0.912060 0.000000 -0.410056 1.053796 1.053796 1.053796
2143.026855 0.000000 1586.213257 0.000000 0.797825 0.000000 -0.602889 1.082394 1.082394 1.082394
2137.344482 0.000000 1584.912964 0.000000 0.612661 0.000000 0.790345 0.883960 0.883960 0.883960
2135.429688 0.000000 1590.396729 0.000000 0.010330 0.000000 -0.999947 1.198685 1.198685 1.198685
2121.164307 0.000000 1587.911499 0.000000 0.977326 0.000000 -0.211742 1.027165 1.027165 1.027165
2135.549561 0.000000 1592.652466 0.000000 0.864869 0.000000 -0.501998 1.000000 1.000000 1.000000
2143.188965 0.000000 1599.035278 0.000000 0.997604 0.000000 0.069184 0.991184 0.991184 0.991184
2136.512207 0.000000 1585.871826 0.000000 0.707877 0.000000 0.706336 0.900139 0.900139 0.900139
2129.140381 0.000000 1589.996948 0.000000 0.963371 0.000000 0.268173 0.965432 0.965432 0.965432
2123.232422 0.000000 1584.659058 0.000000 0.996547 0.000000 0.083027 0.989417 0.989417 0.989417
2115.526367 0.000000 1570.557739 0.000000 0.926900 0.000000 0.375308 0.951015 0.951015 0.951015
2137.525391 0.000000 1589.390991 0.000000 0.862920 0.000000 -0.505341 1.067453 1.067453 1.067453
2124.893799 0.000000 1597.081665 0.000000 0.542882 0.000000 0.839809 0.873067 0.873067 0.873067
2130.201660 0.000000 1584.338501 0.000000 0.302172 0.000000 -0.953254 1.160915 1.160915 1.160915
2134.529785 0.000000 1584.997314 0.000000 0.495622 0.000000 -0.868539 1.133976 1.133976 1.133976
2138.514893 0.000000 1591.636963 0.000000 0.316324 0.000000 -0.948651 1.159021 1.159021 1.159021
2130.799561 0.000000 1591.496216 0.000000 0.619450 0.000000 0.785036 0.885058 0.885058 0.885058
2128.611572 0.000000 1586.800537 0.000000 0.588925 0.000000 -0.808188 1.119820 1.119820 1.119820
2139.635742 0.000000 1585.091309 0.000000 0.125693 0.000000 -0.992069 1.183954 1.183954 1.183954
2142.755371 0.000000 1593.096680 0.000000 0.746988 0.000000 -0.664837 1.092600 1.092600 1.092600
2133.097168 0.000000 1585.845459 0.000000 0.022427 0.000000 -0.999748 1.197144 1.197144 1.197144
2133.573486 0.000000 1585.047729 0.000000 0.982945 0.000000 0.183899 0.976451 0.976451 0.976451
2136.213867 0.000000 1587.678833 0.000000 0.067692 0.000000 0.997706 0.808625 0.808625 0.808625
2131.479736 0.000000 1588.704956 0.000000 0.857320 0.000000 -0.514784 1.068851 1.068851 1.068851
2128.741211 0.000000 1589.199463 0.000000 0.547129 0.000000 0.837048 0.873712 0.873712 0.873712
2138.586182 0.000000 1585.846069 0.000000 0.927126 0.000000 0.374749 0.951092 0.951092 0.951092
2130.033447 0.000000 1589.757080 0.000000 0.887095 0.000000 0.461587 0.938912 0.938912 0.938912
2140.692139 0.000000 1596.279053 0.000000 0.065562 0.000000 0.997848 0.808354 0.808354 0.808354
2133.963379 0.000000 1589.581055 0.000000 0.497930 0.000000 -0.867217 1.133637 1.133637 1.133637
2139.515381 0.000000 1588.680420 0.000000 0.537141 0.000000 0.843493 0.872198 0.872198 0.872198
2138.882324 0.000000 1588.092651 0.000000 0.759098 0.000000 0.650977 0.909744 0.909744 0.909744
2138.003174 0.000000 1588.271240 0.000000 0.062314 0.000000 0.998057 0.807939 0.807939 0.807939
2144.867676 0.000000 1585.402710 0.000000 0.665805 0.000000 -0.746126 1.000000 1.000000 1.000000
2147.743896 0.000000 1584.838013 0.000000 0.924937 0.000000 0.380121 0.950353 0.950353 0.950353
2143.811523 0.000000 1590.784302 0.000000 0.325357 0.000000 -0.945591 1.157806 1.157806 1.157806
2145.311035 0.000000 1581.787109 0.000000 0.769277 0.000000 0.638915 1.000000 1.000000 1.000000
2147.592041 0.000000 1589.213989 0.000000 0.668412 0.000000 -0.743791 1.106790 1.106790 1.106790
2145.135498 0.000000 1591.103271 0.000000 0.688081 0.000000 0.725634 1.000000 1.000000 1.000000
2147.401855 0.000000 1579.621826 0.000000 0.908387 0.000000 -0.418130 1.000000 1.000000 1.000000
2146.817139 0.000000 1583.981812 0.000000 0.976430 0.000000 -0.215833 1.000000 1.000000 1.000000
2147.415527 0.000000 1586.169556 0.000000 0.459997 0.000000 0.887921 0.860860 0.860860 0.860860
2144.022949 0.000000 1591.935303 0.000000 0.999572 0.000000 -0.029238 1.000000 1.000000 1.000000
2143.752686 0.000000 1599.377441 0.000000 0.342304 0.000000 0.939589 0.844483 0.844483 0.844483
2143.866699 0.000000 1588.402344 0.000000 0.008388 0.000000 -0.999965 1.198932 1.198932 1.198932
2129.058350 0.000000 1605.668579 0.000000 0.043756 0.000000 0.999042 1.000000 1.000000 1.000000
2142.741455 0.000000 1599.864014 0.000000 0.902928 0.000000 -0.429792 1.056565 1.056565 1.056565
2139.679199 0.000000 1605.046753 0.000000 0.982124 0.000000 0.188234 0.975889 0.975889 0.975889
2143.149902 0.000000 1605.761841 0.000000 0.496016 0.000000 -0.868314 1.000000 1.000000 1.000000
2141.566650 0.000000 1604.530762 0.000000 0.592551 0.000000 -0.805533 1.119248 1.119248 1.119248
2127.663818 0.000000 1604.326050 0.000000 0.419762 0.000000 -0.907634 1.000000 1.000000 1.000000
2129.190430 0.000000 1601.636963 0.000000 0.909218 0.000000 -0.416319 1.054672 1.054672 1.054672
2138.096436 0.000000 1600.662720 0.000000 0.822074 0.000000 0.569380 0.922873 0.922873 0.922873
2127.018311 0.000000 1603.252441 0.000000 0.992880 0.000000 -0.119118 1.015203 1.015203 1.015203
2127.380859 0.000000 1601.395508 0.000000 0.157685 0.000000 0.987489 0.820161 0.820161 0.820161
2138.736572 0.000000 1604.550171 0.000000 0.001185 0.000000 -0.999999 1.199849 1.199849 1.199849
2129.675781 0.000000 1600.734375 0.000000 0.996408 0.000000 0.084687 0.989204 0.989204 0.989204
2144.707031 0.000000 1602.700806 0.000000 0.800440 0.000000 -0.599413 1.000000 1.000000 1.000000
2318.001953 0.000000 1661.277954 0.000000 0.962228 0.000000 0.272244 1.000000 1.000000 1.000000
2539.916992 0.000000 1706.669189 0.000000 0.946048 0.000000 -0.324025 1.000000 1.000000 1.000000
2550.641602 0.000000 1708.443604 0.000000 0.065215 0.000000 0.997871 0.808309 0.808309 0.808309
2552.417480 0.000000 1708.213257 0.000000 0.003079 0.000000 -0.999995 1.000000 1.000000 1.000000
2551.631592 0.000000 1722.830322 0.000000 0.859026 0.000000 -0.511932 1.068428 1.068428 1.068428
2784.989502 0.000000 1656.497314 0.000000 0.207138 0.000000 -0.978312 1.000000 1.000000 1.000000
2562.661865 0.000000 1697.758179 0.000000 0.958252 0.000000 0.285924 1.000000 1.000000 1.000000
2655.618408 0.000000 1720.937256 0.000000 0.323921 0.000000 -0.946084 1.158000 1.158000 1.158000
2646.649170 0.000000 1726.485352 0.000000 0.662446 0.000000 -0.749110 1.000000 1.000000 1.000000
2654.458252 0.000000 1720.164062 0.000000 0.996747 0.000000 0.080600 0.989727 0.989727 0.989727
2643.242188 0.000000 1744.013184 0.000000 0.997261 0.000000 0.073968 1.000000 1.000000 1.000000
2655.488525 0.000000 1731.482422 0.000000 0.499594 0.000000 -0.866260 1.000000 1.000000 1.000000
2640.995850 0.000000 1733.637329 0.000000 0.762378 0.000000 0.647132 1.000000 1.000000 1.000000
2647.792236 0.000000 1735.218628 0.000000 0.862677 0.000000 -0.505756 1.067515 1.067515 1.067515
2652.502197 0.000000 1744.724731 0.000000 0.264515 0.000000 0.964382 1.000000 1.000000 1.000000
2644.293457 0.000000 1728.901978 0.000000 0.224572 0.000000 -0.974458 1.000000 1.000000 1.000000
2647.362061 0.000000 1730.585815 0.000000 0.972541 0.000000 -0.232730 1.000000 1.000000 1.000000
2650.184326 0.000000 1743.484863 0.000000 0.269695 0.000000 0.962946 1.000000 1.000000 1.000000
2641.947510 0.000000 1735.918091 0.000000 0.328313 0.000000 -0.944569 1.000000 1.000000 1.000000
2651.616699 0.000000 1733.015503 0.000000 0.015551 0.000000 -0.999879 1.000000 1.000000 1.000000
2645.453857 0.000000 1734.067993 0.000000 0.111568 0.000000 -0.993757 1.185765 1.185765 1.185765
2647.751953 0.000000 1746.805908 0.000000 0.345991 0.000000 0.938238 1.000000 1.000000 1.000000
2653.504150 0.000000 1732.499512 0.000000 0.924208 0.000000 0.381890 1.000000 1.000000 1.000000
2649.658203 0.000000 1738.997925 0.000000 0.702662 0.000000 0.711523 1.000000 1.000000 1.000000
2641.548828 0.000000 1748.862061 0.000000 0.126889 0.000000 -0.991917 1.000000 1.000000 1.000000
2640.152832 0.000000 1739.774170 0.000000 0.703997 0.000000 0.710203 1.000000 1.000000 1.000000
2648.405762 0.000000 1740.205444 0.000000 0.365028 0.000000 0.930996 1.000000 1.000000 1.000000
2649.043457 0.000000 1734.038208 0.000000 0.740148 0.000000 -0.672444 1.000000 1.000000 1.000000
2643.118408 0.000000 1732.065918 0.000000 0.594062 0.000000 -0.804419 1.000000 1.000000 1.000000
2641.833008 0.000000 1739.203979 0.000000 0.627802 0.000000 0.778373 1.000000 1.000000 1.000000
2647.623779 0.000000 1737.000977 0.000000 0.063065 0.000000 0.998009 0.808035 0.808035 0.808035
2644.265869 0.000000 1737.328369 0.000000 0.323324 0.000000 -0.946288 1.158080 1.158080 1.158080
2645.609619 0.000000 1730.581177 0.000000 0.981531 0.000000 0.191304 0.975491 0.975491 0.975491
2654.736572 0.000000 1732.566772 0.000000 0.513752 0.000000 -0.857938 1.000000 1.000000 1.000000
2650.467529 0.000000 1737.070801 0.000000 0.627403 0.000000 0.778695 1.000000 1.000000 1.000000
2647.594238 0.000000 1734.050293 0.000000 0.537630 0.000000 0.843181 0.872272 0.872272 0.872272
2646.821289 0.000000 1737.870483 0.000000 0.928141 0.000000 0.372228 0.951438 0.951438 0.951438
2646.536621 0.000000 1733.854980 0.000000 0.268914 0.000000 0.963164 0.834666 0.834666 0.834666
2645.866943 0.000000 1742.910767 0.000000 0.343036 0.000000 0.939322 0.844582 0.844582 0.844582
2657.808105 0.000000 1733.161377 0.000000 0.887616 0.000000 0.460584 1.000000 1.000000 1.000000
2710.177002 0.000000 1672.256592 0.000000 0.370387 0.000000 0.928878 1.000000 1.000000 1.000000
2994.239258 0.000000 1558.583862 0.000000 0.419175 0.000000 -0.907906 1.000000 1.000000 1.000000
2667.901367 0.000000 1802.645752 0.000000 0.016648 0.000000 -0.999861 1.000000 1.000000 1.000000
2777.713379 0.000000 1793.921875 0.000000 0.985500 0.000000 0.169673 1.000000 1.000000 1.000000
2835.409424 0.000000 1957.649292 0.000000 0.961564 0.000000 0.274580 1.000000 1.000000 1.000000
2835.094971 0.000000 1956.011230 0.000000 0.210058 0.000000 -0.977689 1.000000 1.000000 1.000000
2862.031006 0.000000 1992.431641 0.000000 0.887719 0.000000 0.460385 0.939085 0.939085 0.939085
2862.244629 0.000000 1993.300903 0.000000 0.121701 0.000000 -0.992567 1.184466 1.184466 1.184466
2865.474121 0.000000 2035.032104 0.000000 0.991824 0.000000 -0.127617 1.016293 1.016293 1.016293
2870.080566 0.000000 2044.338135 0.000000 0.120843 0.000000 -0.992672 1.000000 1.000000 1.000000
2867.461426 0.000000 2037.468872 0.000000 0.670811 0.000000 -0.741628 1.106378 1.106378 1.106378
2864.332520 0.000000 2033.631470 0.000000 0.776394 0.000000 0.630248 1.000000 1.000000 1.000000
3267.079834 0.000000 1401.164429 0.000000 0.997521 0.000000 0.070368 0.991033 0.991033 0.991033
3442.184570 0.000000 1782.529175 0.000000 0.859457 0.000000 -0.511207 1.000000 1.000000 1.000000
3443.965820 0.000000 1780.065186 0.000000 0.494217 0.000000 -0.869339 1.000000 1.000000 1.000000
3444.790039 0.000000 1783.284424 0.000000 0.696299 0.000000 0.717752 1.000000 1.000000 1.000000
3443.538330 0.000000 1782.960693 0.000000 0.957542 0.000000 0.288295 1.000000 1.000000 1.000000
3463.603271 0.000000 1768.467529 0.000000 0.877690 0.000000 0.479228 1.000000 1.000000 1.000000
3462.967773 0.000000 1772.789917 0.000000 0.674629 0.000000 -0.738157 1.000000 1.000000 1.000000
3462.001221 0.000000 1770.454468 0.000000 0.058754 0.000000 0.998273 1.000000 1.000000 1.000000
3223.195557 0.000000 1838.590820 0.000000 0.533073 0.000000 0.846069 1.000000 1.000000 1.000000
3221.465332 0.000000 1834.041992 0.000000 0.747544 0.000000 -0.664212 1.000000 1.000000 1.000000
3222.559570 0.000000 1836.412354 0.000000 0.043851 0.000000 0.999038 1.000000 1.000000 1.000000
3243.018555 0.000000 1849.118164 0.000000 0.255526 0.000000 0.966802 1.000000 1.000000 1.000000
3249.888672 0.000000 1852.104370 0.000000 0.541236 0.000000 0.840870 1.000000 1.000000 1.000000
3247.965820 0.000000 1852.005493 0.000000 0.623699 0.000000 0.781665 1.000000 1.000000 1.000000
3240.592285 0.000000 1853.933594 0.000000 0.496101 0.000000 -0.868265 1.000000 1.000000 1.000000
3245.060059 0.000000 1854.110840 0.000000 0.857871 0.000000 -0.513865 1.000000 1.000000 1.000000
3243.059570 0.000000 1856.727295 0.000000 0.991534 0.000000 -0.129846 1.000000 1.000000 1.000000
3241.366211 0.000000 1855.818970 0.000000 0.401151 0.000000 -0.916012 1.000000 1.000000 1.000000
3289.593018 0.000000 1906.018066 0.000000 0.999909 0.000000 -0.013508 1.001720 1.001720 1.001720
3289.387695 0.000000 1892.366455 0.000000 0.832840 0.000000 0.553513 1.000000 1.000000 1.000000
3285.916260 0.000000 1905.867432 0.000000 0.864342 0.000000 -0.502904 1.000000 1.000000 1.000000
3287.714111 0.000000 1895.179565 0.000000 0.005679 0.000000 -0.999984 1.199277 1.199277 1.199277
3282.969727 0.000000 1898.006714 0.000000 0.999877 0.000000 -0.015663 1.000000 1.000000 1.000000
3286.551758 0.000000 1900.396729 0.000000 0.668189 0.000000 -0.743991 1.106828 1.106828 1.106828
3289.888672 0.000000 1912.564453 0.000000 0.927052 0.000000 0.374932 1.000000 1.000000 1.000000
3283.020996 0.000000 1902.055664 0.000000 0.123226 0.000000 -0.992379 1.000000 1.000000 1.000000
3288.368652 0.000000 1913.356567 0.000000 0.256052 0.000000 0.966663 1.000000 1.000000 1.000000
3287.545654 0.000000 1896.961914 0.000000 0.341246 0.000000 0.939974 0.844340 0.844340 0.844340
3284.630615 0.000000 1906.680298 0.000000 0.103279 0.000000 -0.994652 1.000000 1.000000 1.000000
3285.362061 0.000000 1899.461426 0.000000 0.999553 0.000000 -0.029893 1.003807 1.003807 1.003807
3284.187744 0.000000 1897.289307 0.000000 0.907157 0.000000 -0.420793 1.055299 1.055299 1.055299
3283.090332 0.000000 1896.516968 0.000000 0.772021 0.000000 0.635597 0.912302 0.912302 0.912302
3286.355469 0.000000 1894.902954 0.000000 0.046394 0.000000 0.998923 0.805909 0.805909 0.805909
3284.142822 0.000000 1898.674072 0.000000 0.207612 0.000000 -0.978211 1.173372 1.173372 1.173372
3286.575439 0.000000 1899.106323 0.000000 0.451247 0.000000 0.892399 0.859608 0.859608 0.859608
3286.163330 0.000000 1901.821289 0.000000 0.992935 0.000000 -0.118658 1.015144 1.015144 1.015144
3285.252441 0.000000 1896.929688 0.000000 0.018233 0.000000 -0.999834 1.197678 1.197678 1.197678
3286.458496 0.000000 1893.815918 0.000000 0.409193 0.000000 -0.912448 1.146324 1.146324 1.146324
3287.436035 0.000000 1899.681641 0.000000 0.527813 0.000000 0.849361 0.870795 0.870795 0.870795
3304.183838 0.000000 1903.363281 0.000000 0.160083 0.000000 0.987104 1.000000 1.000000 1.000000
3304.513184 0.000000 1898.733032 0.000000 0.166241 0.000000 0.986085 1.000000 1.000000 1.000000
3222.037598 0.000000 1980.353760 0.000000 0.069557 0.000000 0.997578 0.808863 0.808863 0.808863
3227.777344 0.000000 1980.598022 0.000000 0.997269 0.000000 0.073854 0.990588 0.990588 0.990588
3222.578857 0.000000 1982.422852 0.000000 0.156849 0.000000 0.987623 0.820053 0.820053 0.820053
3223.855225 0.000000 1980.392700 0.000000 0.999896 0.000000 -0.014458 1.001841 1.001841 1.001841
3229.005615 0.000000 1982.773804 0.000000 0.101171 0.000000 -0.994869 1.000000 1.000000 1.000000
3266.897217 0.000000 1934.324219 0.000000 0.440147 0.000000 0.897926 1.000000 1.000000 1.000000
3284.045166 0.000000 1932.060059 0.000000 0.975925 0.000000 -0.218107 1.000000 1.000000 1.000000
3264.730957 0.000000 1937.316772 0.000000 0.959512 0.000000 0.281667 1.000000 1.000000 1.000000
3275.966309 0.000000 1949.773438 0.000000 0.929767 0.000000 0.368149 0.951997 0.951997 0.951997
3272.588379 0.000000 1949.910156 0.000000 0.991063 0.000000 -0.133398 1.000000 1.000000 1.000000
3321.138672 0.000000 1946.951294 0.000000 0.312603 0.000000 -0.949884 1.000000 1.000000 1.000000
3286.587158 0.000000 1977.479858 0.000000 0.368276 0.000000 0.929717 1.000000 1.000000 1.000000
3295.427734 0.000000 1968.930542 0.000000 0.736147 0.000000 -0.676822 1.000000 1.000000 1.000000
3289.142578 0.000000 1978.943481 0.000000 0.219336 0.000000 -0.975649 1.000000 1.000000 1.000000
3289.888672 0.000000 1976.548828 0.000000 0.889705 0.000000 0.456536 1.000000 1.000000 1.000000
3290.034668 0.000000 1977.934204 0.000000 0.011200 0.000000 -0.999937 1.198574 1.198574 1.198574
3296.727051 0.000000 1969.308960 0.000000 0.806646 0.000000 -0.591035 1.000000 1.000000 1.000000
3320.961426 0.000000 1957.983521 0.000000 0.702234 0.000000 0.711946 1.000000 1.000000 1.000000
3227.136230 0.000000 1983.891724 0.000000 0.996906 0.000000 0.078598 0.989982 0.989982 0.989982
3222.594971 0.000000 2009.472046 0.000000 0.949910 0.000000 -0.312524 1.040470 1.040470 1.040470
3222.632568 0.000000 2005.136108 0.000000 0.670051 0.000000 -0.742315 1.106509 1.106509 1.106509
3205.302246 0.000000 2013.864380 0.000000 0.971587 0.000000 -0.236683 1.000000 1.000000 1.000000
3217.431152 0.000000 2003.039917 0.000000 0.878843 0.000000 0.477110 1.000000 1.000000 1.000000
3214.089111 0.000000 2007.427246 0.000000 0.312919 0.000000 -0.949780 1.000000 1.000000 1.000000
3200.938721 0.000000 2008.411377 0.000000 0.167041 0.000000 0.985950 1.000000 1.000000 1.000000
3228.288574 0.000000 1986.853271 0.000000 0.312317 0.000000 -0.949978 1.000000 1.000000 1.000000
3228.431885 0.000000 2000.662231 0.000000 0.808536 0.000000 -0.588446 1.000000 1.000000 1.000000
3202.396484 0.000000 2014.592651 0.000000 0.773918 0.000000 0.633286 1.000000 1.000000 1.000000
3212.468262 0.000000 2011.833130 0.000000 0.949516 0.000000 -0.313720 1.000000 1.000000 1.000000
3226.114014 0.000000 1999.422363 0.000000 0.993109 0.000000 -0.117198 1.014956 1.014956 1.014956
3215.778809 0.000000 2005.494141 0.000000 0.923559 0.000000 0.383456 1.000000 1.000000 1.000000
3223.998047 0.000000 2007.356201 0.000000 0.744329 0.000000 -0.667813 1.093108 1.093108 1.093108
3208.587402 0.000000 2008.445068 0.000000 0.691989 0.000000 0.721908 1.000000 1.000000 1.000000
3222.559570 0.000000 1996.373291 0.000000 0.769442 0.000000 0.638717 1.000000 1.000000 1.000000
3227.546387 0.000000 1988.953003 0.000000 0.669807 0.000000 -0.742535 1.106551 1.106551 1.106551
3229.433838 0.000000 1988.437012 0.000000 0.876875 0.000000 0.480719 1.000000 1.000000 1.000000
3227.435059 0.000000 1998.095825 0.000000 0.971524 0.000000 -0.236943 1.030458 1.030458 1.030458
3217.478516 0.000000 2004.799561 0.000000 0.693933 0.000000 0.720040 1.000000 1.000000 1.000000
3224.973145 0.000000 1989.975708 0.000000 0.614468 0.000000 0.788942 0.884252 0.884252 0.884252
3226.706055 0.000000 1987.310669 0.000000 0.551080 0.000000 0.834452 0.874314 0.874314 0.874314
3223.549561 0.000000 2010.760010 0.000000 0.265059 0.000000 0.964232 0.834157 0.834157 0.834157
3229.976807 0.000000 2000.366943 0.000000 0.044036 0.000000 0.999030 1.000000 1.000000 1.000000
3222.055420 0.000000 2006.442505 0.000000 0.147235 0.000000 0.989102 0.818815 0.818815 0.818815
3226.181885 0.000000 2003.368530 0.000000 0.971853 0.000000 -0.235588 1.030281 1.030281 1.030281
3223.741943 0.000000 2004.424438 0.000000 0.995627 0.000000 0.093417 0.988088 0.988088 0.988088
3225.211670 0.000000 2000.811401 0.000000 0.862620 0.000000 -0.505852 1.067529 1.067529 1.067529
3223.416748 0.000000 2008.550903 0.000000 0.734341 0.000000 -0.678781 1.094997 1.094997 1.094997
3223.148193 0.000000 2001.625732 0.000000 0.887359 0.000000 0.461079 0.938985 0.938985 0.938985
3222.614502 0.000000 2011.376465 0.000000 0.832911 0.000000 0.553407 0.925331 0.925331 0.925331
3225.392578 0.000000 2005.289429 0.000000 0.268593 0.000000 0.963254 0.834624 0.834624 0.834624
3224.840332 0.000000 1997.200928 0.000000 0.312537 0.000000 -0.949906 1.159528 1.159528 1.159528
3226.603760 0.000000 1988.456421 0.000000 0.448481 0.000000 0.893792 0.859214 0.859214 0.859214
3222.396973 0.000000 2000.895752 0.000000 0.545970 0.000000 0.837805 0.873536 0.873536 0.873536
3227.502930 0.000000 2000.989746 0.000000 0.401918 0.000000 -0.915676 1.147337 1.147337 1.147337
3227.003906 0.000000 1990.106079 0.000000 0.958189 0.000000 0.286136 0.963052 0.963052 0.963052
3254.591064 0.000000 2009.472046 0.000000 0.765524 0.000000 0.643408 1.000000 1.000000 1.000000
3251.275391 0.000000 2008.197144 0.000000 0.697306 0.000000 0.716773 1.000000 1.000000 1.000000
3271.626709 0.000000 1992.412842 0.000000 0.905250 0.000000 -0.424879 1.000000 1.000000 1.000000
3267.974365 0.000000 1987.472778 0.000000 0.529478 0.000000 0.848324 1.000000 1.000000 1.000000
3291.405273 0.000000 2014.614258 0.000000 0.269835 0.000000 0.962907 1.000000 1.000000 1.000000
3293.348877 0.000000 2012.618774 0.000000 0.775514 0.000000 0.631331 0.913004 0.913004 0.913004
3268.652588 0.000000 1988.593506 0.000000 0.972575 0.000000 -0.232589 1.000000 1.000000 1.000000
3295.661621 0.000000 2013.676514 0.000000 0.049360 0.000000 0.998781 1.000000 1.000000 1.000000
3291.128418 0.000000 2015.883911 0.000000 0.150280 0.000000 0.988643 1.000000 1.000000 1.000000
1974.784790 0.000000 2101.112793 0.000000 0.587552 0.000000 -0.809187 1.000000 1.000000 1.000000
1978.149292 0.000000 2092.805176 0.000000 0.423889 0.000000 -0.905714 1.000000 1.000000 1.000000
2000.342163 0.000000 2109.540771 0.000000 0.742555 0.000000 -0.669785 1.000000 1.000000 1.000000
2002.040771 0.000000 2108.041992 0.000000 0.999940 0.000000 -0.010984 1.000000 1.000000 1.000000
2005.043457 0.000000 2175.152344 0.000000 0.696041 0.000000 0.718002 0.898023 0.898023 0.898023
1971.494507 0.000000 2193.946777 0.000000 0.728473 0.000000 -0.685075 1.000000 1.000000 1.000000
1960.511353 0.000000 2188.107666 0.000000 0.997056 0.000000 0.076678 0.990228 0.990228 0.990228
1971.496094 0.000000 2214.902588 0.000000 0.070329 0.000000 0.997524 1.000000 1.000000 1.000000
1981.515869 0.000000 2225.369629 0.000000 0.365639 0.000000 0.930757 1.000000 1.000000 1.000000
1986.544678 0.000000 2206.545898 0.000000 0.026896 0.000000 -0.999638 1.000000 1.000000 1.000000
2005.451294 0.000000 2175.488281 0.000000 0.589432 0.000000 -0.807818 1.119741 1.119741 1.119741
2004.394043 0.000000 2175.660400 0.000000 0.673279 0.000000 -0.739389 1.105954 1.105954 1.105954
2047.579834 0.000000 2192.875732 0.000000 0.408577 0.000000 -0.912724 1.000000 1.000000 1.000000
2024.431763 0.000000 2261.929443 0.000000 0.352578 0.000000 0.935782 1.000000 1.000000 1.000000
2038.739380 0.000000 2265.409424 0.000000 0.008777 0.000000 -0.999961 1.198882 1.198882 1.198882
2029.913208 0.000000 2259.919922 0.000000 0.150339 0.000000 0.988635 0.819215 0.819215 0.819215
2027.166992 0.000000 2265.016602 0.000000 0.995620 0.000000 0.093494 0.988079 0.988079 0.988079
2029.503418 0.000000 2271.120117 0.000000 0.825339 0.000000 0.564637 0.923606 0.923606 0.923606
2026.188965 0.000000 2258.767090 0.000000 0.957302 0.000000 0.289091 0.962659 0.962659 0.962659
2027.516357 0.000000 2261.807129 0.000000 0.992961 0.000000 -0.118444 1.015116 1.015116 1.015116
2036.961670 0.000000 2263.167236 0.000000 0.997392 0.000000 0.072174 1.000000 1.000000 1.000000
2031.923096 0.000000 2261.431641 0.000000 0.670331 0.000000 -0.742063 1.000000 1.000000 1.000000
2025.338501 0.000000 2266.762207 0.000000 0.594787 0.000000 -0.803884 1.118895 1.118895 1.118895
2022.643311 0.000000 2263.509277 0.000000 0.879697 0.000000 0.475534 1.000000 1.000000 1.000000
2029.415527 0.000000 2265.354004 0.000000 0.267818 0.000000 0.963470 1.000000 1.000000 1.000000
2035.173218 0.000000 2253.969727 0.000000 0.992094 0.000000 -0.125501 1.000000 1.000000 1.000000
2036.869995 0.000000 2265.232422 0.000000 0.730201 0.000000 -0.683233 1.000000 1.000000 1.000000
2028.421631 0.000000 2263.584229 0.000000 0.974995 0.000000 -0.222226 1.028533 1.028533 1.028533
2024.740601 0.000000 2269.832031 0.000000 0.250284 0.000000 0.968172 1.000000 1.000000 1.000000
2035.562744 0.000000 2261.414062 0.000000 0.204115 0.000000 -0.978947 1.173827 1.173827 1.173827
2021.933838 0.000000 2271.238037 0.000000 0.958161 0.000000 0.286228 1.000000 1.000000 1.000000
2031.195435 0.000000 2255.524658 0.000000 0.997589 0.000000 0.069404 1.000000 1.000000 1.000000
2023.338867 0.000000 2264.758057 0.000000 0.695071 0.000000 0.718941 0.897851 0.897851 0.897851
2039.864380 0.000000 2269.606689 0.000000 0.261760 0.000000 0.965133 1.000000 1.000000 1.000000
2035.710083 0.000000 2262.843506 0.000000 0.865599 0.000000 -0.500738 1.066775 1.066775 1.066775
2039.561279 0.000000 2264.488525 0.000000 0.996938 0.000000 0.078191 0.990034 0.990034 0.990034
2028.850220 0.000000 2260.601807 0.000000 0.352669 0.000000 0.935748 0.845890 0.845890 0.845890
2026.018066 0.000000 2264.236816 0.000000 0.798583 0.000000 -0.601885 1.082233 1.082233 1.082233
2027.374023 0.000000 2258.745361 0.000000 0.999576 0.000000 -0.029130 1.003710 1.003710 1.003710
2029.208374 0.000000 2270.009277 0.000000 0.160065 0.000000 0.987106 0.820468 0.820468 0.820468
2028.442017 0.000000 2262.467773 0.000000 0.012783 0.000000 -0.999918 1.198372 1.198372 1.198372
2028.456909 0.000000 2270.859131 0.000000 0.055657 0.000000 0.998450 0.807090 0.807090 0.807090
2024.955322 0.000000 2262.896240 0.000000 0.534856 0.000000 0.844943 0.871854 0.871854 0.871854
2034.640381 0.000000 2260.923828 0.000000 0.053979 0.000000 0.998542 0.806876 0.806876 0.806876
2026.566284 0.000000 2265.917725 0.000000 0.451494 0.000000 0.892274 0.859644 0.859644 0.859644
2027.002930 0.000000 2262.669922 0.000000 0.367240 0.000000 0.930126 0.847879 0.847879 0.847879
2029.317261 0.000000 2262.934326 0.000000 0.259387 0.000000 0.965774 0.833408 0.833408 0.833408
2022.481323 0.000000 2265.140137 0.000000 0.419142 0.000000 -0.907921 1.144932 1.144932 1.144932
2026.582397 0.000000 2261.581787 0.000000 0.550391 0.000000 0.834907 0.874209 0.874209 0.874209
2027.937378 0.000000 2257.040771 0.000000 0.739844 0.000000 -0.672778 1.093960 1.093960 1.093960
2025.304199 0.000000 2263.705566 0.000000 0.446047 0.000000 0.895010 0.858867 0.858867 0.858867
2004.201416 0.000000 2283.974121 0.000000 0.441202 0.000000 0.897408 1.000000 1.000000 1.000000
2004.298950 0.000000 2282.580322 0.000000 0.303031 0.000000 -0.952981 1.000000 1.000000 1.000000
2023.580322 0.000000 2271.515137 0.000000 0.992563 0.000000 -0.121735 1.015538 1.015538 1.015538
2020.126587 0.000000 2275.402344 0.000000 0.130328 0.000000 -0.991471 1.000000 1.000000 1.000000
2025.143677 0.000000 2275.859131 0.000000 0.945920 0.000000 -0.324400 1.000000 1.000000 1.000000
2027.207886 0.000000 2272.625732 0.000000 0.772202 0.000000 0.635378 0.912338 0.912338 0.912338
2020.827881 0.000000 2272.402344 0.000000 0.946377 0.000000 -0.323064 1.041885 1.041885 1.041885
2027.638550 0.000000 2274.912109 0.000000 0.801643 0.000000 -0.597803 1.000000 1.000000 1.000000
2018.728027 0.000000 2273.617676 0.000000 0.809718 0.000000 -0.586819 1.000000 1.000000 1.000000
2041.732422 0.000000 2282.864990 0.000000 0.878183 0.000000 0.478325 1.000000 1.000000 1.000000
2022.460815 0.000000 2272.762451 0.000000 0.999677 0.000000 -0.025399 1.003234 1.003234 1.003234
2023.725952 0.000000 2273.268555 0.000000 0.879292 0.000000 0.476283 0.936794 0.936794 0.936794
2027.846191 0.000000 2273.710938 0.000000 0.164920 0.000000 0.986307 0.821095 0.821095 0.821095
2026.184937 0.000000 2273.187988 0.000000 0.881309 0.000000 0.472541 0.937335 0.937335 0.937335
2026.806396 0.000000 2271.603271 0.000000 0.053237 0.000000 0.998582 0.806782 0.806782 0.806782
2029.841553 0.000000 2271.455811 0.000000 0.123189 0.000000 -0.992383 1.184275 1.184275 1.184275
2026.888062 0.000000 2273.932129 0.000000 0.267916 0.000000 0.963442 0.834534 0.834534 0.834534
2025.400513 0.000000 2272.660156 0.000000 0.664936 0.000000 -0.746900 1.107383 1.107383 1.107383
2054.613770 0.000000 2202.086426 0.000000 0.761472 0.000000 0.648198 1.000000 1.000000 1.000000
2057.334717 0.000000 2202.777832 0.000000 0.972087 0.000000 -0.234622 1.000000 1.000000 1.000000
2055.854492 0.000000 2203.084961 0.000000 0.591439 0.000000 -0.806350 1.000000 1.000000 1.000000
2782.422119 0.000000 2301.819092 0.000000 0.999650 0.000000 -0.026454 1.000000 1.000000 1.000000
2782.184814 0.000000 2299.060059 0.000000 0.128377 0.000000 -0.991726 1.000000 1.000000 1.000000
2783.724121 0.000000 2301.606201 0.000000 0.535178 0.000000 0.844739 1.000000 1.000000 1.000000
2785.232910 0.000000 2285.615234 0.000000 0.956648 0.000000 0.291245 0.962372 0.962372 0.962372
2587.652344 0.000000 2419.647461 0.000000 0.903390 0.000000 -0.428820 1.000000 1.000000 1.000000
2585.129150 0.000000 2420.144531 0.000000 0.493668 0.000000 -0.869650 1.000000 1.000000 1.000000
2588.222412 0.000000 2421.517578 0.000000 0.058223 0.000000 0.998304 1.000000 1.000000 1.000000
2589.818359 0.000000 2425.248535 0.000000 0.214887 0.000000 -0.976639 1.000000 1.000000 1.000000
2592.671631 0.000000 2420.919678 0.000000 0.993283 0.000000 -0.115707 1.000000 1.000000 1.000000
2591.756836 0.000000 2422.581299 0.000000 0.455512 0.000000 0.890230 1.000000 1.000000 1.000000
2745.109619 0.000000 2324.167969 0.000000 0.997825 0.000000 0.065918 1.000000 1.000000 1.000000
2743.740234 0.000000 2322.665283 0.000000 0.995822 0.000000 0.091312 1.000000 1.000000 1.000000
2739.337891 0.000000 2328.118896 0.000000 0.120511 0.000000 -0.992712 1.000000 1.000000 1.000000
2742.068359 0.000000 2323.475342 0.000000 0.539946 0.000000 0.841700 1.000000 1.000000 1.000000
2777.655518 0.000000 2321.916504 0.000000 0.173260 0.000000 0.984876 0.822172 0.822172 0.822172
2786.342285 0.000000 2331.236572 0.000000 0.406742 0.000000 -0.913543 1.000000 1.000000 1.000000
2791.267090 0.000000 2366.625488 0.000000 0.062718 0.000000 0.998031 1.000000 1.000000 1.000000
2791.486816 0.000000 2367.491699 0.000000 0.112708 0.000000 -0.993628 1.000000 1.000000 1.000000
2569.077393 0.000000 2435.820068 0.000000 0.173048 0.000000 0.984913 1.000000 1.000000 1.000000
2585.473633 0.000000 2436.233643 0.000000 0.999263 0.000000 -0.038398 1.000000 1.000000 1.000000
2583.273682 0.000000 2446.442383 0.000000 0.227430 0.000000 -0.973794 1.000000 1.000000 1.000000
2571.141602 0.000000 2432.586670 0.000000 0.660764 0.000000 -0.750594 1.000000 1.000000 1.000000
2586.192139 0.000000 2447.312988 0.000000 0.269389 0.000000 0.963031 1.000000 1.000000 1.000000
2574.427002 0.000000 2437.878662 0.000000 0.992986 0.000000 -0.118236 1.000000 1.000000 1.000000
2580.997559 0.000000 2446.178711 0.000000 0.101417 0.000000 -0.994844 1.000000 1.000000 1.000000
2575.839111 0.000000 2434.184082 0.000000 0.411280 0.000000 -0.911509 1.000000 1.000000 1.000000
2572.989014 0.000000 2433.527344 0.000000 0.901533 0.000000 -0.432710 1.000000 1.000000 1.000000
2581.973633 0.000000 2447.825928 0.000000 0.552189 0.000000 0.833719 1.000000 1.000000 1.000000
2585.051270 0.000000 2437.866455 0.000000 0.449375 0.000000 0.893343 1.000000 1.000000 1.000000
2615.822998 0.000000 2442.377930 0.000000 0.707769 0.000000 0.706444 0.900119 0.900119 0.900119
2611.527832 0.000000 2461.916504 0.000000 0.222070 0.000000 -0.975031 1.000000 1.000000 1.000000
2598.416016 0.000000 2449.390137 0.000000 0.771876 0.000000 0.635773 0.912273 0.912273 0.912273
2601.877686 0.000000 2444.557617 0.000000 0.450624 0.000000 0.892714 1.000000 1.000000 1.000000
2600.269775 0.000000 2447.230469 0.000000 0.963231 0.000000 0.268676 0.965366 0.965366 0.965366
2601.883301 0.000000 2448.690674 0.000000 0.442583 0.000000 0.896728 0.858375 0.858375 0.858375
2615.627686 0.000000 2440.829102 0.000000 0.943937 0.000000 -0.330125 1.042836 1.042836 1.042836
2598.905518 0.000000 2446.208740 0.000000 0.879751 0.000000 0.475434 1.000000 1.000000 1.000000
2598.646484 0.000000 2450.842285 0.000000 0.971793 0.000000 -0.235837 1.030313 1.030313 1.030313
2613.319336 0.000000 2444.813232 0.000000 0.999763 0.000000 -0.021757 1.002770 1.002770 1.002770
2601.072754 0.000000 2450.017822 0.000000 0.972159 0.000000 -0.234323 1.000000 1.000000 1.000000
2614.825195 0.000000 2441.698730 0.000000 0.227423 0.000000 -0.973796 1.170788 1.170788 1.170788
2562.474609 0.000000 2494.475586 0.000000 0.883356 0.000000 0.468703 1.000000 1.000000 1.000000
2589.764893 0.000000 2482.432373 0.000000 0.120701 0.000000 -0.992689 1.000000 1.000000 1.000000
2588.222412 0.000000 2485.501953 0.000000 0.878691 0.000000 0.477391 1.000000 1.000000 1.000000
2563.546387 0.000000 2492.896240 0.000000 0.878926 0.000000 0.476959 1.000000 1.000000 1.000000
2564.723877 0.000000 2492.695312 0.000000 0.449291 0.000000 0.893386 0.859329 0.859329 0.859329
2640.637207 0.000000 2473.883789 0.000000 0.347279 0.000000 0.937762 0.845158 0.845158 0.845158
2641.947510 0.000000 2471.738525 0.000000 0.959754 0.000000 0.280844 1.000000 1.000000 1.000000
2640.008301 0.000000 2472.762695 0.000000 0.420314 0.000000 -0.907379 1.144768 1.144768 1.144768
2569.448242 0.000000 2495.662842 0.000000 0.533589 0.000000 0.845744 0.871663 0.871663 0.871663
2580.228760 0.000000 2506.525635 0.000000 0.541247 0.000000 0.840864 1.000000 1.000000 1.000000
2596.416016 0.000000 2518.635986 0.000000 0.999760 0.000000 -0.021907 1.000000 1.000000 1.000000
2593.012939 0.000000 2520.286377 0.000000 0.302309 0.000000 -0.953210 1.160897 1.160897 1.160897
2618.500488 0.000000 2502.755371 0.000000 0.101886 0.000000 -0.994796 1.187005 1.187005 1.187005
2595.537354 0.000000 2516.987305 0.000000 0.737791 0.000000 -0.675029 1.000000 1.000000 1.000000
2592.062988 0.000000 2521.416748 0.000000 0.885660 0.000000 0.464334 0.938518 0.938518 0.938518
2593.995117 0.000000 2520.864746 0.000000 0.536031 0.000000 0.844198 0.872031 0.872031 0.872031
2636.626953 0.000000 2499.487549 0.000000 0.999920 0.000000 -0.012631 1.001608 1.001608 1.001608
2637.529053 0.000000 2498.313965 0.000000 0.741929 0.000000 -0.670478 1.093564 1.093564 1.093564
3277.785400 0.000000 2147.308838 0.000000 0.273072 0.000000 0.961994 1.000000 1.000000 1.000000
3579.147217 0.000000 2185.851807 0.000000 0.453512 0.000000 0.891250 1.000000 1.000000 1.000000
3580.982422 0.000000 2187.056641 0.000000 0.223667 0.000000 -0.974666 1.000000 1.000000 1.000000
"}
object={
	name="oak_tree_generator_2_2"
	clamp_to_water_level=no
	render_under_water=no
	generated_content=yes
	layer="oak_tree_layer"
	pdxmesh="tree_oak_2_variation_2_mesh"
	count=511
	transform="2013.255859 0.000000 1517.357788 0.000000 0.181291 0.000000 0.983429 1.000000 1.000000 1.000000
2014.137329 0.000000 1525.026855 0.000000 0.634781 0.000000 0.772692 1.000000 1.000000 1.000000
2014.822266 0.000000 1513.798096 0.000000 0.988131 0.000000 -0.153613 1.000000 1.000000 1.000000
2015.042114 0.000000 1516.457520 0.000000 0.781165 0.000000 -0.624325 1.085850 1.085850 1.085850
2016.741943 0.000000 1525.138550 0.000000 0.998244 0.000000 -0.059233 1.000000 1.000000 1.000000
2027.979370 0.000000 1514.716064 0.000000 0.191134 0.000000 0.981564 1.000000 1.000000 1.000000
2022.486084 0.000000 1521.616699 0.000000 0.999257 0.000000 0.038539 0.995092 0.995092 0.995092
2031.438477 0.000000 1518.232178 0.000000 0.483743 0.000000 0.875210 1.000000 1.000000 1.000000
2023.143433 0.000000 1516.852417 0.000000 0.708490 0.000000 -0.705721 1.099751 1.099751 1.099751
2019.719604 0.000000 1514.332764 0.000000 0.897841 0.000000 0.440319 0.941946 0.941946 0.941946
2015.879272 0.000000 1515.886597 0.000000 0.998656 0.000000 0.051826 1.000000 1.000000 1.000000
2035.049805 0.000000 1530.070923 0.000000 0.374084 0.000000 -0.927395 1.000000 1.000000 1.000000
2030.233643 0.000000 1527.544434 0.000000 0.891473 0.000000 -0.453073 1.000000 1.000000 1.000000
2030.984497 0.000000 1521.233154 0.000000 0.394005 0.000000 -0.919108 1.148436 1.148436 1.148436
2044.576294 0.000000 1520.779419 0.000000 0.566685 0.000000 0.823934 1.000000 1.000000 1.000000
2024.340088 0.000000 1519.457031 0.000000 0.892170 0.000000 0.451699 0.940327 0.940327 0.940327
2036.961670 0.000000 1527.346924 0.000000 0.173022 0.000000 0.984918 0.822141 0.822141 0.822141
2043.718750 0.000000 1523.866211 0.000000 0.986829 0.000000 0.161766 0.979312 0.979312 0.979312
2019.759521 0.000000 1520.853638 0.000000 0.646241 0.000000 -0.763133 1.110536 1.110536 1.110536
2031.923096 0.000000 1525.611328 0.000000 0.296521 0.000000 0.955026 1.000000 1.000000 1.000000
2017.287964 0.000000 1513.883301 0.000000 0.574314 0.000000 -0.818635 1.000000 1.000000 1.000000
2020.556030 0.000000 1516.518799 0.000000 0.937807 0.000000 0.347157 0.954859 0.954859 0.954859
2033.001465 0.000000 1519.919312 0.000000 0.986147 0.000000 -0.165872 1.000000 1.000000 1.000000
2028.118408 0.000000 1533.875000 0.000000 0.849113 0.000000 -0.528211 1.000000 1.000000 1.000000
2045.062622 0.000000 1512.995605 0.000000 0.793568 0.000000 0.608482 1.000000 1.000000 1.000000
2036.869995 0.000000 1529.412109 0.000000 0.986248 0.000000 0.165269 1.000000 1.000000 1.000000
2017.326538 0.000000 1517.802734 0.000000 0.839286 0.000000 -0.543690 1.073189 1.073189 1.073189
2024.193481 0.000000 1521.255737 0.000000 0.469443 0.000000 -0.882963 1.137782 1.137782 1.137782
2033.622925 0.000000 1524.916748 0.000000 0.484998 0.000000 0.874515 0.864472 0.864472 0.864472
2040.479858 0.000000 1516.260132 0.000000 0.851080 0.000000 -0.525036 1.000000 1.000000 1.000000
2026.370728 0.000000 1515.167969 0.000000 0.076217 0.000000 0.997091 1.000000 1.000000 1.000000
2038.199829 0.000000 1526.559692 0.000000 0.941387 0.000000 -0.337328 1.000000 1.000000 1.000000
2020.367310 0.000000 1517.923340 0.000000 0.842049 0.000000 0.539401 0.927460 0.927460 0.927460
2034.729492 0.000000 1523.941650 0.000000 0.726642 0.000000 0.687016 0.903568 0.903568 0.903568
2022.716675 0.000000 1523.068848 0.000000 0.293482 0.000000 -0.955965 1.000000 1.000000 1.000000
2042.326294 0.000000 1523.485718 0.000000 0.847512 0.000000 -0.530776 1.071240 1.071240 1.071240
2028.297363 0.000000 1530.317261 0.000000 0.998402 0.000000 0.056513 1.000000 1.000000 1.000000
2045.210449 0.000000 1523.896973 0.000000 0.794025 0.000000 0.607885 1.000000 1.000000 1.000000
2030.731812 0.000000 1526.285889 0.000000 0.556740 0.000000 0.830687 1.000000 1.000000 1.000000
2033.811401 0.000000 1529.521362 0.000000 0.280398 0.000000 0.959884 0.836187 0.836187 0.836187
2031.895508 0.000000 1529.849854 0.000000 0.997955 0.000000 -0.063923 1.000000 1.000000 1.000000
2031.065796 0.000000 1524.611572 0.000000 0.784165 0.000000 -0.620552 1.000000 1.000000 1.000000
2045.653198 0.000000 1514.108154 0.000000 0.640938 0.000000 0.767593 1.000000 1.000000 1.000000
2025.526489 0.000000 1519.646484 0.000000 0.845344 0.000000 0.534223 0.928242 0.928242 0.928242
2033.151978 0.000000 1526.012573 0.000000 0.970858 0.000000 0.239655 0.969186 0.969186 0.969186
2045.964233 0.000000 1512.163696 0.000000 0.970976 0.000000 -0.239178 1.000000 1.000000 1.000000
2019.431030 0.000000 1522.185181 0.000000 0.890681 0.000000 -0.454628 1.000000 1.000000 1.000000
2016.715820 0.000000 1522.577881 0.000000 0.558279 0.000000 -0.829654 1.124585 1.124585 1.124585
2016.889282 0.000000 1518.825684 0.000000 0.202194 0.000000 -0.979346 1.174077 1.174077 1.174077
2006.780884 0.000000 1653.222046 0.000000 0.710506 0.000000 -0.703692 1.000000 1.000000 1.000000
2010.385010 0.000000 1654.414307 0.000000 0.999356 0.000000 -0.035892 1.000000 1.000000 1.000000
1990.309570 0.000000 1652.381836 0.000000 0.780723 0.000000 -0.624878 1.000000 1.000000 1.000000
2008.828735 0.000000 1656.335693 0.000000 0.288749 0.000000 -0.957405 1.162704 1.162704 1.162704
2009.344116 0.000000 1654.359741 0.000000 0.287105 0.000000 -0.957899 1.162923 1.162923 1.162923
1982.826172 0.000000 1673.759033 0.000000 0.997902 0.000000 -0.064743 1.000000 1.000000 1.000000
1971.496094 0.000000 1671.035278 0.000000 0.989547 0.000000 -0.144211 1.018426 1.018426 1.018426
2004.948730 0.000000 1667.732788 0.000000 0.572394 0.000000 0.819978 1.000000 1.000000 1.000000
2003.510864 0.000000 1669.719604 0.000000 0.289993 0.000000 -0.957029 1.162539 1.162539 1.162539
2003.196533 0.000000 1668.081543 0.000000 0.636264 0.000000 -0.771472 1.112192 1.112192 1.112192
1983.772217 0.000000 1672.948242 0.000000 0.891158 0.000000 0.453693 1.000000 1.000000 1.000000
1995.353882 0.000000 1677.684204 0.000000 0.189605 0.000000 -0.981861 1.175712 1.175712 1.175712
1985.520142 0.000000 1672.605957 0.000000 0.192751 0.000000 0.981248 1.000000 1.000000 1.000000
2054.482178 0.000000 1521.616699 0.000000 0.187815 0.000000 -0.982204 1.175944 1.175944 1.175944
2063.434570 0.000000 1518.232178 0.000000 0.469960 0.000000 0.882688 1.000000 1.000000 1.000000
2047.875366 0.000000 1515.886597 0.000000 0.786799 0.000000 0.617209 1.000000 1.000000 1.000000
2058.185059 0.000000 1522.946777 0.000000 0.567539 0.000000 -0.823347 1.000000 1.000000 1.000000
2052.588135 0.000000 1510.901123 0.000000 0.780645 0.000000 0.624975 1.000000 1.000000 1.000000
2056.336182 0.000000 1519.457031 0.000000 0.989282 0.000000 -0.146020 1.018659 1.018659 1.018659
2053.657959 0.000000 1519.155640 0.000000 0.942100 0.000000 0.335331 0.956461 0.956461 0.956461
2056.665283 0.000000 1514.826782 0.000000 0.397555 0.000000 -0.917578 1.147943 1.147943 1.147943
2050.185059 0.000000 1516.167114 0.000000 0.077784 0.000000 0.996970 1.000000 1.000000 1.000000
2056.137939 0.000000 1523.244385 0.000000 0.965320 0.000000 -0.261069 1.033630 1.033630 1.033630
2049.543457 0.000000 1519.726074 0.000000 0.468982 0.000000 0.883208 1.000000 1.000000 1.000000
2051.603516 0.000000 1525.229614 0.000000 0.934441 0.000000 -0.356117 1.000000 1.000000 1.000000
2057.743896 0.000000 1518.474976 0.000000 0.730134 0.000000 0.683304 0.904217 0.904217 0.904217
2059.346191 0.000000 1517.723267 0.000000 0.968347 0.000000 -0.249606 1.000000 1.000000 1.000000
2056.310303 0.000000 1517.889526 0.000000 0.711590 0.000000 0.702595 0.900810 0.900810 0.900810
2050.167725 0.000000 1524.556641 0.000000 0.481728 0.000000 -0.876321 1.000000 1.000000 1.000000
2055.800781 0.000000 1524.706543 0.000000 0.652720 0.000000 0.757600 1.000000 1.000000 1.000000
2050.398193 0.000000 1521.646729 0.000000 0.998521 0.000000 0.054360 0.993075 0.993075 0.993075
2052.843994 0.000000 1524.417358 0.000000 0.933174 0.000000 0.359426 0.953189 0.953189 0.953189
2056.499512 0.000000 1516.271729 0.000000 0.650317 0.000000 0.759663 0.890146 0.890146 0.890146
2050.786133 0.000000 1529.991089 0.000000 0.842981 0.000000 0.537943 0.927681 0.927681 0.927681
2054.971924 0.000000 1518.435303 0.000000 0.633318 0.000000 -0.773892 1.112677 1.112677 1.112677
2052.363525 0.000000 1517.923340 0.000000 0.382427 0.000000 0.923986 0.849965 0.849965 0.849965
2055.471680 0.000000 1513.968750 0.000000 0.941131 0.000000 -0.338042 1.043906 1.043906 1.043906
2059.062500 0.000000 1521.799683 0.000000 0.568997 0.000000 -0.822340 1.122933 1.122933 1.122933
2060.433105 0.000000 1518.651245 0.000000 0.902411 0.000000 0.430876 1.000000 1.000000 1.000000
2061.645996 0.000000 1521.068726 0.000000 0.646143 0.000000 -0.763216 1.000000 1.000000 1.000000
2052.902832 0.000000 1515.214111 0.000000 0.642807 0.000000 -0.766028 1.111108 1.111108 1.111108
2052.564209 0.000000 1521.885376 0.000000 0.969173 0.000000 -0.246380 1.031696 1.031696 1.031696
2057.522705 0.000000 1519.646484 0.000000 0.989786 0.000000 0.142563 0.981786 0.981786 0.981786
2052.689941 0.000000 1525.702148 0.000000 0.794830 0.000000 -0.606832 1.083024 1.083024 1.083024
2058.078125 0.000000 1521.917358 0.000000 0.376862 0.000000 0.926269 0.849199 0.849199 0.849199
2052.766357 0.000000 1518.765015 0.000000 0.989920 0.000000 -0.141626 1.018093 1.018093 1.018093
2052.986572 0.000000 1519.804443 0.000000 0.650072 0.000000 0.759873 0.890104 0.890104 0.890104
2127.663818 0.000000 1476.357300 0.000000 0.717968 0.000000 0.696076 0.901971 0.901971 0.901971
2133.104004 0.000000 1493.643066 0.000000 0.559699 0.000000 0.828696 1.000000 1.000000 1.000000
2126.341309 0.000000 1476.719727 0.000000 0.484203 0.000000 -0.874956 1.135644 1.135644 1.135644
2146.657227 0.000000 1480.075684 0.000000 0.470212 0.000000 -0.882554 1.000000 1.000000 1.000000
2146.585693 0.000000 1481.438477 0.000000 0.795075 0.000000 -0.606511 1.000000 1.000000 1.000000
2173.154297 0.000000 1515.220703 0.000000 0.783784 0.000000 0.621033 1.000000 1.000000 1.000000
2173.047119 0.000000 1512.995605 0.000000 0.646859 0.000000 0.762609 0.889567 0.889567 0.889567
2170.430176 0.000000 1509.612671 0.000000 0.079048 0.000000 0.996871 0.810075 0.810075 0.810075
2173.948730 0.000000 1512.163696 0.000000 0.291237 0.000000 0.956651 0.837627 0.837627 0.837627
2170.732666 0.000000 1508.573608 0.000000 0.378229 0.000000 0.925712 0.849387 0.849387 0.849387
2235.257324 0.000000 1504.008911 0.000000 0.396050 0.000000 0.918229 1.000000 1.000000 1.000000
2524.374512 0.000000 1474.978271 0.000000 0.295440 0.000000 0.955361 1.000000 1.000000 1.000000
2109.244141 0.000000 1581.342163 0.000000 0.986303 0.000000 0.164944 0.978902 0.978902 0.978902
2107.326904 0.000000 1578.000244 0.000000 0.638271 0.000000 0.769812 0.888140 0.888140 0.888140
2110.810547 0.000000 1577.782471 0.000000 0.985867 0.000000 -0.167531 1.021432 1.021432 1.021432
2109.054932 0.000000 1576.979980 0.000000 0.193405 0.000000 0.981119 0.824781 0.824781 0.824781
2107.504883 0.000000 1576.310547 0.000000 0.570548 0.000000 0.821264 0.877308 0.877308 0.877308
2109.645508 0.000000 1578.092529 0.000000 0.937735 0.000000 -0.347352 1.045168 1.045168 1.045168
2108.482178 0.000000 1578.222168 0.000000 0.178513 0.000000 0.983938 0.822851 0.822851 0.822851
2106.011230 0.000000 1578.069214 0.000000 0.896033 0.000000 0.443988 0.941425 0.941425 0.941425
2110.143799 0.000000 1577.079956 0.000000 0.193037 0.000000 -0.981192 1.175267 1.175267 1.175267
2108.364258 0.000000 1579.447510 0.000000 0.848904 0.000000 0.528547 0.929095 0.929095 0.929095
2121.132080 0.000000 1572.030884 0.000000 0.287969 0.000000 0.957640 1.000000 1.000000 1.000000
2143.568359 0.000000 1585.024292 0.000000 0.997941 0.000000 0.064139 1.000000 1.000000 1.000000
2123.155273 0.000000 1593.180664 0.000000 0.891517 0.000000 -0.452988 1.000000 1.000000 1.000000
2132.185791 0.000000 1580.145996 0.000000 0.845364 0.000000 0.534190 1.000000 1.000000 1.000000
2131.038330 0.000000 1594.055298 0.000000 0.936791 0.000000 0.349891 1.000000 1.000000 1.000000
2126.221924 0.000000 1591.528809 0.000000 0.998405 0.000000 -0.056460 1.007193 1.007193 1.007193
2115.604980 0.000000 1587.377686 0.000000 0.780525 0.000000 -0.625124 1.000000 1.000000 1.000000
2126.972900 0.000000 1585.217529 0.000000 0.896254 0.000000 0.443541 0.941489 0.941489 0.941489
2123.504639 0.000000 1589.971313 0.000000 0.080507 0.000000 0.996754 0.810262 0.810262 0.810262
2119.104492 0.000000 1573.903320 0.000000 0.791692 0.000000 0.610920 0.916320 0.916320 0.916320
2124.874512 0.000000 1581.294067 0.000000 0.474103 0.000000 -0.880470 1.000000 1.000000 1.000000
2128.569580 0.000000 1592.766235 0.000000 0.964680 0.000000 -0.263424 1.033941 1.033941 1.033941
2142.262939 0.000000 1595.231812 0.000000 0.723975 0.000000 -0.689826 1.096925 1.096925 1.096925
2124.601074 0.000000 1595.934692 0.000000 0.839981 0.000000 0.542615 1.000000 1.000000 1.000000
2121.389893 0.000000 1574.620117 0.000000 0.378069 0.000000 -0.925777 1.000000 1.000000 1.000000
2133.598145 0.000000 1578.104492 0.000000 0.638904 0.000000 -0.769286 1.000000 1.000000 1.000000
2137.183838 0.000000 1588.347656 0.000000 0.892074 0.000000 -0.451888 1.059700 1.059700 1.059700
2131.110352 0.000000 1578.084839 0.000000 0.070310 0.000000 0.997525 1.000000 1.000000 1.000000
2125.403809 0.000000 1593.518066 0.000000 0.378119 0.000000 0.925757 0.849372 0.849372 0.849372
2131.161621 0.000000 1582.133789 0.000000 0.990398 0.000000 -0.138242 1.000000 1.000000 1.000000
2141.873047 0.000000 1593.451660 0.000000 0.964514 0.000000 -0.264032 1.000000 1.000000 1.000000
2125.311035 0.000000 1589.932617 0.000000 0.370084 0.000000 0.928998 0.848269 0.848269 0.848269
2120.181885 0.000000 1585.240112 0.000000 0.465901 0.000000 -0.884837 1.138292 1.138292 1.138292
2114.301270 0.000000 1571.468384 0.000000 0.730614 0.000000 0.682790 0.904307 0.904307 0.904307
2117.280518 0.000000 1586.966675 0.000000 0.723584 0.000000 -0.690236 1.096997 1.096997 1.096997
2136.509277 0.000000 1593.434692 0.000000 0.790533 0.000000 -0.612419 1.083921 1.083921 1.083921
2139.534424 0.000000 1591.690186 0.000000 0.554767 0.000000 0.832006 0.874877 0.874877 0.874877
2134.562744 0.000000 1591.944946 0.000000 0.779283 0.000000 -0.626672 1.086233 1.086233 1.086233
2128.696777 0.000000 1591.145874 0.000000 0.570871 0.000000 -0.821040 1.122642 1.122642 1.122642
2135.682373 0.000000 1594.861572 0.000000 0.967051 0.000000 0.254583 0.967225 0.967225 0.967225
2123.522217 0.000000 1580.152344 0.000000 0.089119 0.000000 0.996021 1.000000 1.000000 1.000000
2140.574707 0.000000 1595.277710 0.000000 0.933899 0.000000 -0.357536 1.046553 1.046553 1.046553
2128.422363 0.000000 1585.740845 0.000000 0.895130 0.000000 -0.445806 1.000000 1.000000 1.000000
2116.836426 0.000000 1588.401733 0.000000 0.985883 0.000000 -0.167438 1.021420 1.021420 1.021420
2120.491943 0.000000 1580.256104 0.000000 0.728277 0.000000 0.685283 1.000000 1.000000 1.000000
2143.509766 0.000000 1589.356201 0.000000 0.717144 0.000000 -0.696925 1.098180 1.098180 1.098180
2138.155029 0.000000 1598.969360 0.000000 0.724773 0.000000 -0.688987 1.096778 1.096778 1.096778
2118.705078 0.000000 1587.053223 0.000000 0.718589 0.000000 0.695435 0.902085 0.902085 0.902085
2142.520752 0.000000 1592.195312 0.000000 0.889880 0.000000 -0.456195 1.060315 1.060315 1.060315
2111.913818 0.000000 1578.390625 0.000000 0.937397 0.000000 -0.348264 1.045291 1.045291 1.045291
2141.198975 0.000000 1587.881348 0.000000 0.293294 0.000000 -0.956022 1.162099 1.162099 1.162099
2125.638428 0.000000 1585.053101 0.000000 0.715760 0.000000 -0.698347 1.098432 1.098432 1.098432
2125.657471 0.000000 1595.106934 0.000000 0.941637 0.000000 0.336629 1.000000 1.000000 1.000000
2116.556641 0.000000 1585.869751 0.000000 0.469684 0.000000 -0.882834 1.000000 1.000000 1.000000
2127.551270 0.000000 1591.807861 0.000000 0.965073 0.000000 0.261980 0.966250 0.966250 0.966250
2137.470703 0.000000 1591.438477 0.000000 0.891425 0.000000 0.453168 0.940117 0.940117 0.940117
2132.694824 0.000000 1583.629395 0.000000 0.989214 0.000000 -0.146478 1.000000 1.000000 1.000000
2121.131348 0.000000 1586.228882 0.000000 0.393329 0.000000 0.919398 0.851471 0.851471 0.851471
2140.563965 0.000000 1586.783203 0.000000 0.636824 0.000000 0.771010 0.887901 0.887901 0.887901
2127.054199 0.000000 1588.595947 0.000000 0.839005 0.000000 -0.544124 1.073255 1.073255 1.073255
2140.597168 0.000000 1597.753052 0.000000 0.717516 0.000000 0.696542 0.901888 0.901888 0.901888
2135.281006 0.000000 1585.727295 0.000000 0.779523 0.000000 0.626373 0.913815 0.913815 0.913815
2124.838623 0.000000 1588.765747 0.000000 0.986359 0.000000 -0.164607 1.021054 1.021054 1.021054
2123.362305 0.000000 1586.909546 0.000000 0.968135 0.000000 -0.250430 1.032229 1.032229 1.032229
2128.078125 0.000000 1584.631714 0.000000 0.988548 0.000000 -0.150905 1.000000 1.000000 1.000000
2124.337402 0.000000 1592.953003 0.000000 0.931832 0.000000 0.362891 0.952716 0.952716 0.952716
2119.526123 0.000000 1586.253784 0.000000 0.380753 0.000000 -0.924677 1.150266 1.150266 1.150266
2134.747314 0.000000 1595.478027 0.000000 0.964108 0.000000 0.265510 0.965784 0.965784 0.965784
2125.703125 0.000000 1596.210693 0.000000 0.990110 0.000000 0.140293 0.982078 0.982078 0.982078
2130.616211 0.000000 1586.822632 0.000000 0.988694 0.000000 -0.149950 1.019164 1.019164 1.019164
2140.434814 0.000000 1588.646362 0.000000 0.175352 0.000000 -0.984506 1.177557 1.177557 1.177557
2143.396240 0.000000 1595.108643 0.000000 0.782165 0.000000 0.623072 0.914354 0.914354 0.914354
2142.390625 0.000000 1591.167725 0.000000 0.278666 0.000000 -0.960388 1.164043 1.164043 1.164043
2142.119385 0.000000 1599.228027 0.000000 0.936090 0.000000 -0.351760 1.045767 1.045767 1.045767
2131.786865 0.000000 1587.111084 0.000000 0.728468 0.000000 0.685080 0.903907 0.903907 0.903907
2120.866211 0.000000 1584.436035 0.000000 0.986836 0.000000 -0.161723 1.020682 1.020682 1.020682
2126.945801 0.000000 1586.298706 0.000000 0.182881 0.000000 -0.983135 1.176583 1.176583 1.176583
2125.305664 0.000000 1591.098267 0.000000 0.840754 0.000000 -0.541417 1.072845 1.072845 1.072845
2119.298828 0.000000 1587.845093 0.000000 0.567482 0.000000 -0.823386 1.123167 1.123167 1.123167
2139.288818 0.000000 1589.505127 0.000000 0.723672 0.000000 -0.690144 1.096981 1.096981 1.096981
2132.337646 0.000000 1589.044067 0.000000 0.649131 0.000000 0.760677 0.889947 0.889947 0.889947
2141.616699 0.000000 1597.680176 0.000000 0.966717 0.000000 0.255849 0.967058 0.967058 0.967058
2142.348633 0.000000 1597.050171 0.000000 0.779223 0.000000 0.626746 0.913754 0.913754 0.913754
2129.327393 0.000000 1588.026733 0.000000 0.990596 0.000000 0.136816 0.982525 0.982525 0.982525
2133.669922 0.000000 1586.820679 0.000000 0.779542 0.000000 0.626350 0.913819 0.913819 0.913819
2119.673584 0.000000 1573.206421 0.000000 0.987399 0.000000 -0.158253 1.020234 1.020234 1.020234
2143.408203 0.000000 1597.272949 0.000000 0.969109 0.000000 0.246632 0.968270 0.968270 0.968270
2125.922363 0.000000 1590.510132 0.000000 0.778655 0.000000 -0.627452 1.086361 1.086361 1.086361
2127.737061 0.000000 1592.629517 0.000000 0.891680 0.000000 -0.452667 1.059811 1.059811 1.059811
2126.704102 0.000000 1592.206909 0.000000 0.575234 0.000000 0.817989 0.878036 0.878036 0.878036
2144.726318 0.000000 1589.122925 0.000000 0.648085 0.000000 -0.761568 1.110228 1.110228 1.110228
2147.704102 0.000000 1578.317139 0.000000 0.894549 0.000000 -0.446970 1.000000 1.000000 1.000000
2147.601074 0.000000 1587.377686 0.000000 0.715989 0.000000 -0.698112 1.098390 1.098390 1.098390
2149.646240 0.000000 1583.140015 0.000000 0.718128 0.000000 0.695911 1.000000 1.000000 1.000000
2143.999268 0.000000 1595.255981 0.000000 0.791977 0.000000 0.610551 0.916379 0.916379 0.916379
2146.173584 0.000000 1580.151489 0.000000 0.197564 0.000000 0.980290 1.000000 1.000000 1.000000
2149.732666 0.000000 1581.593140 0.000000 0.082863 0.000000 0.996561 1.000000 1.000000 1.000000
2146.386719 0.000000 1585.631104 0.000000 0.969876 0.000000 -0.243598 1.031331 1.031331 1.031331
2143.909912 0.000000 1578.390625 0.000000 0.966234 0.000000 0.257667 1.000000 1.000000 1.000000
2144.893555 0.000000 1587.915039 0.000000 0.998187 0.000000 -0.060195 1.007669 1.007669 1.007669
2143.759033 0.000000 1596.038452 0.000000 0.573372 0.000000 0.819295 0.877746 0.877746 0.877746
2125.926025 0.000000 1603.441772 0.000000 0.938524 0.000000 0.345213 1.000000 1.000000 1.000000
2139.269043 0.000000 1599.985474 0.000000 0.997803 0.000000 0.066244 0.991559 0.991559 0.991559
2141.380615 0.000000 1607.087280 0.000000 0.552443 0.000000 -0.833550 1.000000 1.000000 1.000000
2135.854736 0.000000 1607.249878 0.000000 0.726157 0.000000 0.687529 1.000000 1.000000 1.000000
2140.421387 0.000000 1602.947021 0.000000 0.898594 0.000000 0.438782 1.000000 1.000000 1.000000
2127.893799 0.000000 1602.387207 0.000000 0.848190 0.000000 -0.529692 1.071077 1.071077 1.071077
2128.031494 0.000000 1607.581665 0.000000 0.095740 0.000000 -0.995406 1.000000 1.000000 1.000000
2125.043701 0.000000 1601.730347 0.000000 0.563464 0.000000 0.826140 0.876213 0.876213 0.876213
2136.135010 0.000000 1601.093018 0.000000 0.276951 0.000000 -0.960884 1.000000 1.000000 1.000000
2129.152588 0.000000 1604.052368 0.000000 0.849828 0.000000 0.527061 1.000000 1.000000 1.000000
2136.830566 0.000000 1603.087524 0.000000 0.998756 0.000000 0.049859 0.993649 0.993649 0.993649
2141.177002 0.000000 1605.827393 0.000000 0.896951 0.000000 0.442131 0.941689 0.941689 0.941689
2124.357178 0.000000 1600.744995 0.000000 0.194726 0.000000 0.980858 0.824953 0.824953 0.824953
2142.990967 0.000000 1602.595337 0.000000 0.845694 0.000000 0.533668 0.928325 0.928325 0.928325
2138.352295 0.000000 1599.610962 0.000000 0.838402 0.000000 -0.545052 1.073396 1.073396 1.073396
2140.637451 0.000000 1605.059814 0.000000 0.989536 0.000000 0.144286 0.981565 0.981565 0.981565
2139.473877 0.000000 1604.039551 0.000000 0.935316 0.000000 0.353813 0.953954 0.953954 0.953954
2137.603760 0.000000 1605.333008 0.000000 0.083569 0.000000 -0.996502 1.189347 1.189347 1.189347
2292.166260 0.000000 1580.145996 0.000000 0.633077 0.000000 -0.774089 1.000000 1.000000 1.000000
2540.823730 0.000000 1709.262817 0.000000 0.989554 0.000000 0.144164 1.000000 1.000000 1.000000
2551.937256 0.000000 1724.455200 0.000000 0.655819 0.000000 -0.754918 1.000000 1.000000 1.000000
2539.287598 0.000000 1709.676392 0.000000 0.093948 0.000000 -0.995577 1.000000 1.000000 1.000000
2539.471436 0.000000 1708.121094 0.000000 0.986527 0.000000 0.163596 1.000000 1.000000 1.000000
2782.422119 0.000000 1661.975342 0.000000 0.071111 0.000000 -0.997468 1.000000 1.000000 1.000000
2783.011719 0.000000 1660.489746 0.000000 0.569941 0.000000 0.821686 1.000000 1.000000 1.000000
2786.342285 0.000000 1659.400757 0.000000 0.968997 0.000000 0.247074 1.000000 1.000000 1.000000
2786.887451 0.000000 1656.174683 0.000000 0.989913 0.000000 0.141674 1.000000 1.000000 1.000000
2560.656250 0.000000 1698.677368 0.000000 0.892935 0.000000 0.450185 1.000000 1.000000 1.000000
2563.386963 0.000000 1696.024536 0.000000 0.970197 0.000000 -0.242316 1.000000 1.000000 1.000000
2643.523926 0.000000 1726.096191 0.000000 0.200622 0.000000 -0.979669 1.000000 1.000000 1.000000
2653.810547 0.000000 1721.420410 0.000000 0.999086 0.000000 0.042750 1.000000 1.000000 1.000000
2657.005127 0.000000 1720.481689 0.000000 0.380415 0.000000 -0.924816 1.000000 1.000000 1.000000
2647.819092 0.000000 1738.549805 0.000000 0.562403 0.000000 0.826863 0.876049 0.876049 0.876049
2653.177734 0.000000 1741.303101 0.000000 0.288168 0.000000 -0.957580 1.000000 1.000000 1.000000
2649.465820 0.000000 1732.405518 0.000000 0.187554 0.000000 -0.982254 1.000000 1.000000 1.000000
2644.123291 0.000000 1740.106934 0.000000 0.967453 0.000000 0.253050 0.967426 0.967426 0.967426
2641.501465 0.000000 1747.102417 0.000000 0.969496 0.000000 -0.245108 1.000000 1.000000 1.000000
2651.260498 0.000000 1737.961182 0.000000 0.563104 0.000000 -0.826386 1.000000 1.000000 1.000000
2650.067383 0.000000 1740.891235 0.000000 0.279120 0.000000 0.960256 1.000000 1.000000 1.000000
2652.358887 0.000000 1730.915771 0.000000 0.369440 0.000000 -0.929255 1.000000 1.000000 1.000000
2654.744141 0.000000 1737.743408 0.000000 0.648665 0.000000 0.761074 1.000000 1.000000 1.000000
2647.122803 0.000000 1732.939331 0.000000 0.840468 0.000000 0.541862 0.927088 0.927088 0.927088
2645.535645 0.000000 1738.065430 0.000000 0.652445 0.000000 0.757836 0.890503 0.890503 0.890503
2643.432861 0.000000 1733.703979 0.000000 0.467704 0.000000 0.883885 1.000000 1.000000 1.000000
2644.989746 0.000000 1742.350464 0.000000 0.999004 0.000000 0.044622 0.994317 0.994317 0.994317
2640.927490 0.000000 1743.864624 0.000000 0.901571 0.000000 0.432631 1.000000 1.000000 1.000000
2649.235840 0.000000 1736.885376 0.000000 0.196925 0.000000 0.980419 1.000000 1.000000 1.000000
2654.095459 0.000000 1729.827026 0.000000 0.794765 0.000000 0.606917 1.000000 1.000000 1.000000
2645.965820 0.000000 1743.997681 0.000000 0.897110 0.000000 -0.441808 1.058265 1.058265 1.058265
2643.488770 0.000000 1749.539185 0.000000 0.196140 0.000000 0.980576 1.000000 1.000000 1.000000
2645.373291 0.000000 1727.597656 0.000000 0.998411 0.000000 -0.056356 1.000000 1.000000 1.000000
2642.157471 0.000000 1743.148438 0.000000 0.853563 0.000000 -0.520990 1.069775 1.069775 1.069775
2643.168457 0.000000 1736.556030 0.000000 0.173139 0.000000 0.984897 0.822156 0.822156 0.822156
2649.214600 0.000000 1735.367798 0.000000 0.646976 0.000000 -0.762510 1.000000 1.000000 1.000000
2642.777344 0.000000 1740.151978 0.000000 0.795838 0.000000 0.605509 0.917188 0.917188 0.917188
2642.218750 0.000000 1733.047729 0.000000 0.968262 0.000000 -0.249936 1.000000 1.000000 1.000000
2646.433594 0.000000 1734.942017 0.000000 0.466013 0.000000 0.884778 0.861724 0.861724 0.861724
2644.220947 0.000000 1738.713135 0.000000 0.557342 0.000000 -0.830283 1.124728 1.124728 1.124728
2644.586914 0.000000 1732.990356 0.000000 0.998852 0.000000 0.047910 0.993898 0.993898 0.993898
2643.414307 0.000000 1735.019653 0.000000 0.940285 0.000000 0.340388 0.955777 0.955777 0.955777
2644.125732 0.000000 1741.355469 0.000000 0.998665 0.000000 0.051656 0.993420 0.993420 0.993420
2644.499756 0.000000 1734.680664 0.000000 0.778726 0.000000 0.627364 0.913653 0.913653 0.913653
2645.330566 0.000000 1736.968750 0.000000 0.968941 0.000000 0.247293 0.968184 0.968184 0.968184
2643.720215 0.000000 1743.015625 0.000000 0.788101 0.000000 0.615546 0.915574 0.915574 0.915574
2656.427002 0.000000 1735.506348 0.000000 0.074561 0.000000 0.997216 1.000000 1.000000 1.000000
2656.644531 0.000000 1730.669556 0.000000 0.998353 0.000000 -0.057369 1.000000 1.000000 1.000000
2655.849854 0.000000 1728.371826 0.000000 0.899659 0.000000 -0.436592 1.000000 1.000000 1.000000
2655.837158 0.000000 1732.577148 0.000000 0.573533 0.000000 0.819182 1.000000 1.000000 1.000000
2655.829346 0.000000 1734.089233 0.000000 0.998906 0.000000 -0.046770 1.000000 1.000000 1.000000
2708.863037 0.000000 1667.732788 0.000000 0.096164 0.000000 -0.995366 1.000000 1.000000 1.000000
2713.035645 0.000000 1670.053833 0.000000 0.998842 0.000000 -0.048102 1.000000 1.000000 1.000000
2993.458496 0.000000 1555.149292 0.000000 0.720232 0.000000 0.693733 1.000000 1.000000 1.000000
2666.191895 0.000000 1800.811401 0.000000 0.837477 0.000000 0.546473 1.000000 1.000000 1.000000
2701.855713 0.000000 1891.371460 0.000000 0.473534 0.000000 0.880775 1.000000 1.000000 1.000000
2864.609863 0.000000 1994.000977 0.000000 0.941645 0.000000 -0.336607 1.000000 1.000000 1.000000
2863.082031 0.000000 1992.351562 0.000000 0.970325 0.000000 -0.241804 1.031096 1.031096 1.031096
2868.860352 0.000000 2039.221924 0.000000 0.720774 0.000000 -0.693170 1.000000 1.000000 1.000000
2863.556641 0.000000 2034.920532 0.000000 0.847952 0.000000 0.530072 1.000000 1.000000 1.000000
2868.768555 0.000000 2041.287109 0.000000 0.640832 0.000000 0.767681 1.000000 1.000000 1.000000
2871.592529 0.000000 2042.752197 0.000000 0.899541 0.000000 -0.436837 1.000000 1.000000 1.000000
2865.294922 0.000000 2034.098877 0.000000 0.727070 0.000000 -0.686564 1.096353 1.096353 1.096353
3180.459961 0.000000 1381.003540 0.000000 0.464635 0.000000 -0.885502 1.000000 1.000000 1.000000
3267.984619 0.000000 1401.558716 0.000000 0.723714 0.000000 -0.690100 1.096973 1.096973 1.096973
3447.970703 0.000000 1783.410889 0.000000 0.840167 0.000000 0.542328 1.000000 1.000000 1.000000
3458.365234 0.000000 1790.647339 0.000000 0.722401 0.000000 -0.691474 1.000000 1.000000 1.000000
3223.748779 0.000000 1834.526367 0.000000 0.897438 0.000000 -0.441141 1.000000 1.000000 1.000000
3221.895508 0.000000 1839.974243 0.000000 0.795180 0.000000 0.606374 1.000000 1.000000 1.000000
3242.088623 0.000000 1853.077881 0.000000 0.479822 0.000000 -0.877366 1.000000 1.000000 1.000000
3240.283447 0.000000 1846.031006 0.000000 0.893714 0.000000 0.448637 1.000000 1.000000 1.000000
3246.865234 0.000000 1850.812500 0.000000 0.963948 0.000000 0.266091 1.000000 1.000000 1.000000
3257.391602 0.000000 1828.382080 0.000000 0.793036 0.000000 0.609175 1.000000 1.000000 1.000000
3236.337891 0.000000 1846.800171 0.000000 0.721367 0.000000 0.692553 1.000000 1.000000 1.000000
3244.464355 0.000000 1851.872192 0.000000 0.184278 0.000000 -0.982874 1.000000 1.000000 1.000000
3255.994141 0.000000 1847.395264 0.000000 0.189162 0.000000 0.981946 1.000000 1.000000 1.000000
3245.174316 0.000000 1845.870117 0.000000 0.964646 0.000000 -0.263550 1.000000 1.000000 1.000000
3241.069336 0.000000 1852.199341 0.000000 0.072615 0.000000 0.997360 1.000000 1.000000 1.000000
3271.428223 0.000000 1823.624512 0.000000 0.275609 0.000000 -0.961270 1.000000 1.000000 1.000000
3288.991211 0.000000 1917.868652 0.000000 0.998098 0.000000 0.061650 1.000000 1.000000 1.000000
3284.313721 0.000000 1895.895386 0.000000 0.571170 0.000000 0.820832 0.877404 0.877404 0.877404
3291.769531 0.000000 1916.613647 0.000000 0.781138 0.000000 -0.624359 1.000000 1.000000 1.000000
3290.418457 0.000000 1894.903809 0.000000 0.719932 0.000000 0.694045 1.000000 1.000000 1.000000
3289.043213 0.000000 1908.269531 0.000000 0.643351 0.000000 -0.765571 1.111017 1.111017 1.111017
3285.887695 0.000000 1903.958618 0.000000 0.849282 0.000000 0.527939 0.929186 0.929186 0.929186
3289.580078 0.000000 1898.958862 0.000000 0.087610 0.000000 0.996155 0.811169 0.811169 0.811169
3288.327637 0.000000 1900.166382 0.000000 0.891025 0.000000 -0.453955 1.000000 1.000000 1.000000
3288.965332 0.000000 1893.999146 0.000000 0.792698 0.000000 -0.609614 1.000000 1.000000 1.000000
3288.825195 0.000000 1902.284546 0.000000 0.089468 0.000000 -0.995990 1.000000 1.000000 1.000000
3291.360352 0.000000 1896.232422 0.000000 0.795627 0.000000 -0.605787 1.000000 1.000000 1.000000
3284.508057 0.000000 1904.893555 0.000000 0.563769 0.000000 0.825932 1.000000 1.000000 1.000000
3291.908447 0.000000 1894.320190 0.000000 0.194821 0.000000 -0.980839 1.000000 1.000000 1.000000
3290.014404 0.000000 1918.891235 0.000000 0.989772 0.000000 0.142661 1.000000 1.000000 1.000000
3290.034668 0.000000 1913.949829 0.000000 0.786347 0.000000 -0.617785 1.000000 1.000000 1.000000
3287.734131 0.000000 1908.447876 0.000000 0.989888 0.000000 -0.141849 1.018122 1.018122 1.018122
3287.794189 0.000000 1901.392822 0.000000 0.649644 0.000000 -0.760238 1.109967 1.109967 1.109967
3284.554199 0.000000 1903.551270 0.000000 0.081818 0.000000 -0.996647 1.189571 1.189571 1.189571
3284.047607 0.000000 1901.316406 0.000000 0.780537 0.000000 -0.625110 1.085978 1.085978 1.085978
3288.097412 0.000000 1892.170654 0.000000 0.486291 0.000000 -0.873797 1.000000 1.000000 1.000000
3288.842041 0.000000 1907.092896 0.000000 0.987501 0.000000 0.157611 0.979848 0.979848 0.979848
3284.421631 0.000000 1894.641602 0.000000 0.849040 0.000000 -0.528328 1.070872 1.070872 1.070872
3285.325684 0.000000 1895.346802 0.000000 0.287611 0.000000 0.957747 0.837144 0.837144 0.837144
3287.176758 0.000000 1896.010498 0.000000 0.560860 0.000000 0.827911 0.875812 0.875812 0.875812
3307.823242 0.000000 1898.622314 0.000000 0.191424 0.000000 0.981507 1.000000 1.000000 1.000000
3313.419434 0.000000 1907.063354 0.000000 0.650494 0.000000 0.759512 1.000000 1.000000 1.000000
3311.767090 0.000000 1909.517578 0.000000 0.715033 0.000000 -0.699090 1.000000 1.000000 1.000000
3230.367432 0.000000 1949.905029 0.000000 0.385081 0.000000 -0.922883 1.000000 1.000000 1.000000
3230.957031 0.000000 1948.419434 0.000000 0.999287 0.000000 0.037748 1.000000 1.000000 1.000000
3262.522217 0.000000 1934.934692 0.000000 0.463093 0.000000 -0.886310 1.000000 1.000000 1.000000
3224.999023 0.000000 1981.853027 0.000000 0.716541 0.000000 0.697545 0.901710 0.901710 0.901710
3225.150391 0.000000 1978.943481 0.000000 0.647690 0.000000 -0.761904 1.000000 1.000000 1.000000
3226.022217 0.000000 1982.875610 0.000000 0.484188 0.000000 0.874964 0.864354 0.864354 0.864354
3223.719971 0.000000 1981.676880 0.000000 0.998551 0.000000 0.053823 0.993144 0.993144 0.993144
3226.500732 0.000000 1981.660034 0.000000 0.999280 0.000000 0.037934 0.995169 0.995169 0.995169
3222.629639 0.000000 1981.303345 0.000000 0.891201 0.000000 -0.453609 1.059945 1.059945 1.059945
3225.115723 0.000000 1982.773560 0.000000 0.989738 0.000000 0.142895 0.981744 0.981744 0.981744
3265.395264 0.000000 1935.624512 0.000000 0.997783 0.000000 0.066544 0.991521 0.991521 0.991521
3291.921875 0.000000 1977.700562 0.000000 0.292225 0.000000 -0.956350 1.162242 1.162242 1.162242
3291.126709 0.000000 1976.777344 0.000000 0.637484 0.000000 -0.770463 1.111990 1.111990 1.111990
3229.107422 0.000000 1997.240601 0.000000 0.932897 0.000000 -0.360143 1.000000 1.000000 1.000000
3225.395508 0.000000 1988.343018 0.000000 0.552471 0.000000 -0.833532 1.125474 1.125474 1.125474
3223.195557 0.000000 1998.551758 0.000000 0.899529 0.000000 -0.436860 1.000000 1.000000 1.000000
3225.997070 0.000000 1996.828735 0.000000 0.201781 0.000000 -0.979431 1.174131 1.174131 1.174131
3225.150391 0.000000 2010.935669 0.000000 0.969538 0.000000 0.244942 1.000000 1.000000 1.000000
3219.993164 0.000000 2004.010498 0.000000 0.273625 0.000000 -0.961836 1.164711 1.164711 1.164711
3220.817383 0.000000 2007.229736 0.000000 0.715174 0.000000 0.698946 0.901461 0.901461 0.901461
3210.125488 0.000000 1992.764526 0.000000 0.173052 0.000000 0.984913 1.000000 1.000000 1.000000
3214.387451 0.000000 1995.227051 0.000000 0.715512 0.000000 0.698600 1.000000 1.000000 1.000000
3225.658691 0.000000 1985.875000 0.000000 0.084108 0.000000 0.996457 0.810722 0.810722 0.810722
3225.896484 0.000000 2008.541016 0.000000 0.557291 0.000000 0.830317 1.000000 1.000000 1.000000
3225.165527 0.000000 1992.822876 0.000000 0.940837 0.000000 -0.338859 1.000000 1.000000 1.000000
3229.025391 0.000000 1995.103516 0.000000 0.849201 0.000000 -0.528069 1.070834 1.070834 1.070834
3219.342285 0.000000 2001.993530 0.000000 0.999208 0.000000 -0.039800 1.000000 1.000000 1.000000
3224.811768 0.000000 1983.568726 0.000000 0.082316 0.000000 0.996606 0.810493 0.810493 0.810493
3223.681641 0.000000 2002.743408 0.000000 0.478362 0.000000 0.878163 0.863508 0.863508 0.863508
3215.513672 0.000000 2002.928345 0.000000 0.939880 0.000000 0.341506 1.000000 1.000000 1.000000
3212.107178 0.000000 1992.547241 0.000000 0.639575 0.000000 -0.768728 1.000000 1.000000 1.000000
3225.587891 0.000000 1994.935425 0.000000 0.097758 0.000000 0.995210 1.000000 1.000000 1.000000
3201.600830 0.000000 2002.902588 0.000000 0.297860 0.000000 -0.954610 1.000000 1.000000 1.000000
3230.992188 0.000000 1991.876099 0.000000 0.990255 0.000000 0.139266 1.000000 1.000000 1.000000
3210.948486 0.000000 2010.861328 0.000000 0.850344 0.000000 -0.526228 1.000000 1.000000 1.000000
3224.376465 0.000000 2009.333130 0.000000 0.393133 0.000000 0.919482 1.000000 1.000000 1.000000
3224.833008 0.000000 1998.261108 0.000000 0.998851 0.000000 -0.047923 1.006104 1.006104 1.006104
3227.368164 0.000000 1992.208984 0.000000 0.998857 0.000000 -0.047803 1.006089 1.006089 1.006089
3227.425049 0.000000 1985.502319 0.000000 0.647491 0.000000 -0.762073 1.110327 1.110327 1.110327
3214.396973 0.000000 1996.808228 0.000000 0.998647 0.000000 -0.051999 1.000000 1.000000 1.000000
3219.418457 0.000000 2005.476685 0.000000 0.275799 0.000000 0.961215 0.835577 0.835577 0.835577
3224.697754 0.000000 1986.993774 0.000000 0.989774 0.000000 -0.142643 1.018224 1.018224 1.018224
3218.585205 0.000000 2003.824463 0.000000 0.939005 0.000000 0.343903 0.955300 0.955300 0.955300
3227.501465 0.000000 1999.637939 0.000000 0.778802 0.000000 0.627270 0.913669 0.913669 0.913669
3224.809570 0.000000 1999.607544 0.000000 0.637894 0.000000 -0.770125 1.111922 1.111922 1.111922
3223.296875 0.000000 2006.295166 0.000000 0.897524 0.000000 -0.440966 1.058146 1.058146 1.058146
3224.849854 0.000000 2003.069458 0.000000 0.965436 0.000000 -0.260641 1.033574 1.033574 1.033574
3226.397217 0.000000 1993.008301 0.000000 0.278651 0.000000 0.960392 0.835955 0.835955 0.835955
3228.457031 0.000000 1991.827759 0.000000 0.779426 0.000000 0.626495 0.913796 0.913796 0.913796
3218.483398 0.000000 2002.721069 0.000000 0.986311 0.000000 -0.164893 1.021091 1.021091 1.021091
3227.653320 0.000000 1991.277954 0.000000 0.378495 0.000000 0.925603 0.849423 0.849423 0.849423
3224.030029 0.000000 1999.062866 0.000000 0.999065 0.000000 -0.043224 1.005505 1.005505 1.005505
3231.730957 0.000000 1995.769409 0.000000 0.392589 0.000000 -0.919714 1.000000 1.000000 1.000000
3231.620117 0.000000 1992.870117 0.000000 0.390357 0.000000 -0.920664 1.000000 1.000000 1.000000
3251.561768 0.000000 2006.906006 0.000000 0.487178 0.000000 0.873303 0.864789 0.864789 0.864789
3250.662842 0.000000 2007.394653 0.000000 0.788312 0.000000 0.615276 0.915618 0.915618 0.915618
3264.352783 0.000000 1991.443848 0.000000 0.788407 0.000000 0.615154 1.000000 1.000000 1.000000
3268.439941 0.000000 1990.783936 0.000000 0.396508 0.000000 0.918031 1.000000 1.000000 1.000000
3265.733887 0.000000 1989.098877 0.000000 0.788924 0.000000 -0.614491 1.000000 1.000000 1.000000
3290.066162 0.000000 2012.459351 0.000000 0.282220 0.000000 -0.959350 1.000000 1.000000 1.000000
3266.660400 0.000000 1990.461304 0.000000 0.890964 0.000000 -0.454074 1.000000 1.000000 1.000000
3292.456543 0.000000 2013.651489 0.000000 0.844673 0.000000 -0.535283 1.071918 1.071918 1.071918
3294.600830 0.000000 2015.762451 0.000000 0.567626 0.000000 0.823286 1.000000 1.000000 1.000000
3293.486572 0.000000 2015.510254 0.000000 0.571930 0.000000 -0.820303 1.122478 1.122478 1.122478
3292.171143 0.000000 2015.541382 0.000000 0.987141 0.000000 0.159855 0.979559 0.979559 0.979559
1981.259766 0.000000 2093.217041 0.000000 0.986617 0.000000 0.163054 1.000000 1.000000 1.000000
1981.515869 0.000000 2097.400879 0.000000 0.555989 0.000000 0.831190 0.875064 0.875064 0.875064
1983.883179 0.000000 2091.745850 0.000000 0.647159 0.000000 -0.762355 1.000000 1.000000 1.000000
1990.647217 0.000000 2103.548340 0.000000 0.378539 0.000000 0.925585 1.000000 1.000000 1.000000
2002.345093 0.000000 2109.403076 0.000000 0.648977 0.000000 -0.760808 1.000000 1.000000 1.000000
1983.587646 0.000000 2160.883545 0.000000 0.653260 0.000000 -0.757134 1.109360 1.109360 1.109360
1982.658813 0.000000 2161.181396 0.000000 0.850291 0.000000 -0.526313 1.070570 1.070570 1.070570
2003.601807 0.000000 2173.986816 0.000000 0.568913 0.000000 -0.822397 1.000000 1.000000 1.000000
1998.988403 0.000000 2161.076904 0.000000 0.176980 0.000000 0.984214 1.000000 1.000000 1.000000
1983.810425 0.000000 2161.720215 0.000000 0.370339 0.000000 -0.928897 1.151697 1.151697 1.151697
2025.679565 0.000000 2169.433105 0.000000 0.781490 0.000000 0.623918 1.000000 1.000000 1.000000
1960.677002 0.000000 2186.662598 0.000000 0.638541 0.000000 -0.769588 1.000000 1.000000 1.000000
1969.009277 0.000000 2191.755127 0.000000 0.967577 0.000000 0.252574 1.000000 1.000000 1.000000
1969.916260 0.000000 2193.226318 0.000000 0.468450 0.000000 0.883490 1.000000 1.000000 1.000000
1996.441040 0.000000 2190.487061 0.000000 0.634789 0.000000 -0.772685 1.000000 1.000000 1.000000
2029.503418 0.000000 2207.135742 0.000000 0.851361 0.000000 0.524580 1.000000 1.000000 1.000000
1986.731934 0.000000 2209.633301 0.000000 0.965821 0.000000 0.259211 1.000000 1.000000 1.000000
2039.893066 0.000000 2218.432617 0.000000 0.553608 0.000000 0.832778 1.000000 1.000000 1.000000
2022.716675 0.000000 2226.896973 0.000000 0.554995 0.000000 0.831854 1.000000 1.000000 1.000000
1990.180664 0.000000 2250.337158 0.000000 0.846298 0.000000 0.532710 0.928469 0.928469 0.928469
2026.237061 0.000000 2268.976318 0.000000 0.939540 0.000000 0.342440 1.000000 1.000000 1.000000
2041.143433 0.000000 2269.782715 0.000000 0.965449 0.000000 0.260591 0.966433 0.966433 0.966433
2031.438477 0.000000 2254.052490 0.000000 0.575105 0.000000 -0.818080 1.000000 1.000000 1.000000
2038.181885 0.000000 2268.283447 0.000000 0.790979 0.000000 -0.611844 1.000000 1.000000 1.000000
2041.294800 0.000000 2266.873291 0.000000 0.790808 0.000000 -0.612064 1.000000 1.000000 1.000000
2028.886108 0.000000 2253.130127 0.000000 0.722692 0.000000 0.691170 1.000000 1.000000 1.000000
2020.915649 0.000000 2267.565918 0.000000 0.843139 0.000000 -0.537696 1.000000 1.000000 1.000000
2038.723267 0.000000 2270.352539 0.000000 0.782937 0.000000 0.622101 1.000000 1.000000 1.000000
2025.953491 0.000000 2256.737549 0.000000 0.651310 0.000000 0.758812 1.000000 1.000000 1.000000
2027.821655 0.000000 2259.864258 0.000000 0.080006 0.000000 0.996794 0.810198 0.810198 0.810198
2023.360840 0.000000 2270.648926 0.000000 0.790841 0.000000 0.612022 0.916143 0.916143 0.916143
2025.945068 0.000000 2260.682861 0.000000 0.965285 0.000000 0.261200 1.000000 1.000000 1.000000
2029.322754 0.000000 2261.768555 0.000000 0.853591 0.000000 0.520943 0.930232 0.930232 0.930232
2024.193481 0.000000 2257.075928 0.000000 0.091298 0.000000 0.995824 1.000000 1.000000 1.000000
2037.115723 0.000000 2261.455566 0.000000 0.571368 0.000000 -0.820694 1.000000 1.000000 1.000000
2032.708374 0.000000 2262.981689 0.000000 0.968337 0.000000 0.249647 1.000000 1.000000 1.000000
2039.693970 0.000000 2266.697510 0.000000 0.986993 0.000000 0.160762 0.979442 0.979442 0.979442
2040.150146 0.000000 2270.944336 0.000000 0.723388 0.000000 0.690441 0.902967 0.902967 0.902967
2033.947144 0.000000 2263.998047 0.000000 0.941167 0.000000 0.337941 1.000000 1.000000 1.000000
2023.858276 0.000000 2267.069336 0.000000 0.637163 0.000000 0.770729 0.887957 0.887957 0.887957
2027.066528 0.000000 2257.620117 0.000000 0.646945 0.000000 0.762537 0.889581 0.889581 0.889581
2024.351807 0.000000 2265.724365 0.000000 0.723066 0.000000 0.690779 0.902907 0.902907 0.902907
2027.309937 0.000000 2268.108887 0.000000 0.462772 0.000000 -0.886477 1.000000 1.000000 1.000000
2028.843750 0.000000 2258.961914 0.000000 0.647222 0.000000 -0.762302 1.110372 1.110372 1.110372
2024.506592 0.000000 2271.062744 0.000000 0.477935 0.000000 -0.878395 1.136554 1.136554 1.136554
2027.244019 0.000000 2256.495117 0.000000 0.988129 0.000000 0.153628 0.980362 0.980362 0.980362
2041.112305 0.000000 2268.125000 0.000000 0.651276 0.000000 -0.758841 1.109694 1.109694 1.109694
2027.092529 0.000000 2260.790771 0.000000 0.783674 0.000000 -0.621173 1.085337 1.085337 1.085337
2034.811157 0.000000 2263.332031 0.000000 0.396527 0.000000 0.918023 0.851914 0.851914 0.851914
2026.082031 0.000000 2257.737793 0.000000 0.968902 0.000000 0.247445 0.968164 0.968164 0.968164
2024.282715 0.000000 2267.859131 0.000000 0.648385 0.000000 0.761313 0.889822 0.889822 0.889822
2028.659180 0.000000 2255.366455 0.000000 0.470447 0.000000 -0.882428 1.137637 1.137637 1.137637
2029.259766 0.000000 2256.055664 0.000000 0.792989 0.000000 0.609236 0.916591 0.916591 0.916591
2027.721313 0.000000 2263.127197 0.000000 0.967374 0.000000 -0.253351 1.032613 1.032613 1.032613
2005.518188 0.000000 2283.367676 0.000000 0.934213 0.000000 0.356716 1.000000 1.000000 1.000000
2039.893066 0.000000 2282.416992 0.000000 0.896656 0.000000 -0.442728 1.000000 1.000000 1.000000
2036.465820 0.000000 2279.801514 0.000000 0.102079 0.000000 0.994776 1.000000 1.000000 1.000000
2039.866211 0.000000 2279.085693 0.000000 0.966420 0.000000 -0.256967 1.000000 1.000000 1.000000
2029.055176 0.000000 2273.566406 0.000000 0.900891 0.000000 -0.434045 1.000000 1.000000 1.000000
2026.152710 0.000000 2274.589355 0.000000 0.083172 0.000000 0.996535 1.000000 1.000000 1.000000
2038.727783 0.000000 2283.012695 0.000000 0.934979 0.000000 0.354704 1.000000 1.000000 1.000000
2021.901855 0.000000 2271.626221 0.000000 0.998506 0.000000 -0.054644 1.000000 1.000000 1.000000
2023.311035 0.000000 2272.398438 0.000000 0.180490 0.000000 -0.983577 1.176893 1.176893 1.176893
2022.273193 0.000000 2273.664795 0.000000 0.997854 0.000000 -0.065481 1.008343 1.008343 1.008343
2154.173584 0.000000 2482.712402 0.000000 0.782621 0.000000 0.622498 1.000000 1.000000 1.000000
2781.039062 0.000000 2298.108398 0.000000 0.987293 0.000000 0.158908 0.979681 0.979681 0.979681
2781.323730 0.000000 2299.599854 0.000000 0.848747 0.000000 0.528799 0.929057 0.929057 0.929057
2783.807129 0.000000 2286.696289 0.000000 0.182394 0.000000 0.983225 1.000000 1.000000 1.000000
2785.453857 0.000000 2287.538574 0.000000 0.282376 0.000000 0.959304 1.000000 1.000000 1.000000
2784.128174 0.000000 2287.999512 0.000000 0.193511 0.000000 -0.981098 1.000000 1.000000 1.000000
2784.885986 0.000000 2284.435791 0.000000 0.989516 0.000000 -0.144421 1.018453 1.018453 1.018453
2910.712891 0.000000 2057.665283 0.000000 0.554165 0.000000 0.832407 1.000000 1.000000 1.000000
2851.506104 0.000000 2261.049805 0.000000 0.931351 0.000000 0.364122 0.952548 0.952548 0.952548
2853.935791 0.000000 2261.848633 0.000000 0.188325 0.000000 -0.982107 1.000000 1.000000 1.000000
2590.067139 0.000000 2420.808105 0.000000 0.990199 0.000000 -0.139664 1.000000 1.000000 1.000000
2589.229736 0.000000 2423.260010 0.000000 0.843221 0.000000 -0.537567 1.000000 1.000000 1.000000
2595.546387 0.000000 2419.174561 0.000000 0.970863 0.000000 -0.239636 1.000000 1.000000 1.000000
2591.736816 0.000000 2419.031738 0.000000 0.074393 0.000000 0.997229 1.000000 1.000000 1.000000
2732.800293 0.000000 2317.114502 0.000000 0.940553 0.000000 0.339647 0.955877 0.955877 0.955877
2738.957520 0.000000 2331.192383 0.000000 0.086105 0.000000 -0.996286 1.189023 1.189023 1.189023
2735.719727 0.000000 2314.595215 0.000000 0.932812 0.000000 0.360362 0.953061 0.953061 0.953061
2573.871338 0.000000 2435.238525 0.000000 0.841316 0.000000 0.540543 1.000000 1.000000 1.000000
2570.203613 0.000000 2440.655273 0.000000 0.988141 0.000000 0.153547 1.000000 1.000000 1.000000
2572.534180 0.000000 2436.745605 0.000000 0.567694 0.000000 0.823240 1.000000 1.000000 1.000000
2584.413574 0.000000 2444.033447 0.000000 0.934051 0.000000 0.357139 1.000000 1.000000 1.000000
2584.911133 0.000000 2446.151611 0.000000 0.999046 0.000000 0.043666 1.000000 1.000000 1.000000
2599.073242 0.000000 2444.625977 0.000000 0.637613 0.000000 0.770357 1.000000 1.000000 1.000000
2597.591553 0.000000 2446.929199 0.000000 0.850503 0.000000 0.525970 1.000000 1.000000 1.000000
2612.993652 0.000000 2446.178711 0.000000 0.075424 0.000000 -0.997151 1.000000 1.000000 1.000000
2611.103027 0.000000 2445.922852 0.000000 0.552821 0.000000 -0.833300 1.000000 1.000000 1.000000
2614.188721 0.000000 2440.069092 0.000000 0.932866 0.000000 -0.360224 1.046920 1.046920 1.046920
2600.123291 0.000000 2449.029053 0.000000 0.078975 0.000000 0.996877 0.810066 0.810066 0.810066
2600.244141 0.000000 2445.663086 0.000000 0.368069 0.000000 -0.929798 1.000000 1.000000 1.000000
2597.225586 0.000000 2448.443604 0.000000 0.785771 0.000000 -0.618517 1.000000 1.000000 1.000000
2600.433350 0.000000 2444.045166 0.000000 0.897181 0.000000 -0.441664 1.000000 1.000000 1.000000
2613.444092 0.000000 2443.328613 0.000000 0.970376 0.000000 -0.241599 1.031069 1.031069 1.031069
2614.245361 0.000000 2445.688477 0.000000 0.998859 0.000000 0.047762 0.993916 0.993916 0.993916
2569.716553 0.000000 2495.034180 0.000000 0.986365 0.000000 -0.164575 1.021050 1.021050 1.021050
2589.144287 0.000000 2483.662598 0.000000 0.483264 0.000000 0.875475 1.000000 1.000000 1.000000
2642.246338 0.000000 2470.341309 0.000000 0.933979 0.000000 0.357327 1.000000 1.000000 1.000000
2641.810059 0.000000 2473.109619 0.000000 0.851689 0.000000 -0.524048 1.070232 1.070232 1.070232
2568.947266 0.000000 2497.500488 0.000000 0.081417 0.000000 -0.996680 1.000000 1.000000 1.000000
2590.909424 0.000000 2521.859375 0.000000 0.892045 0.000000 -0.451947 1.059708 1.059708 1.059708
2622.748047 0.000000 2505.555908 0.000000 0.894294 0.000000 -0.447479 1.000000 1.000000 1.000000
2617.218506 0.000000 2503.180176 0.000000 0.297235 0.000000 0.954804 1.000000 1.000000 1.000000
2595.249512 0.000000 2518.808350 0.000000 0.378300 0.000000 -0.925683 1.150603 1.150603 1.150603
2618.145996 0.000000 2503.832275 0.000000 0.709511 0.000000 -0.704695 1.099566 1.099566 1.099566
2594.075439 0.000000 2519.320557 0.000000 0.793231 0.000000 -0.608921 1.083359 1.083359 1.083359
2619.727539 0.000000 2503.153076 0.000000 0.718814 0.000000 0.695203 0.902126 0.902126 0.902126
2637.863525 0.000000 2499.222900 0.000000 0.639447 0.000000 0.768835 0.888335 0.888335 0.888335
2623.805176 0.000000 2507.644287 0.000000 0.558870 0.000000 0.829255 1.000000 1.000000 1.000000
2623.851318 0.000000 2506.164062 0.000000 0.934882 0.000000 -0.354959 1.000000 1.000000 1.000000
3579.290771 0.000000 2187.610596 0.000000 0.838681 0.000000 0.544623 0.926669 0.926669 0.926669
"}
