object={
	name="tree_cypress_generator_1_0"
	clamp_to_water_level=no
	render_under_water=no
	generated_content=yes
	layer="tree_layer"
	pdxmesh="tree_cypress_01_mesh"
	count=2182
	transform="1744.395752 0.000000 2130.947021 0.000000 0.368403 0.000000 0.929666 0.678430 0.678430 0.678430
1759.625488 0.000000 2120.054688 0.000000 0.566319 0.000000 -0.824186 0.898677 0.898677 0.898677
1759.221924 0.000000 2126.111572 0.000000 0.261540 0.000000 0.965193 0.666954 0.666954 0.666954
1754.378052 0.000000 2131.550293 0.000000 0.866084 0.000000 -0.499898 0.853321 0.853321 0.853321
1747.812866 0.000000 2129.988281 0.000000 0.979890 0.000000 0.199539 0.779538 0.779538 0.779538
1758.204834 0.000000 2138.502441 0.000000 0.974810 0.000000 0.223037 0.792326 0.792326 0.792326
1758.517578 0.000000 2123.046143 0.000000 0.980852 0.000000 -0.194756 0.819965 0.819965 0.819965
1757.211060 0.000000 2125.242920 0.000000 0.999520 0.000000 0.030986 0.796843 0.796843 0.796843
1752.314087 0.000000 2130.812988 0.000000 0.832374 0.000000 -0.554214 0.859834 0.859834 0.859834
1752.772827 0.000000 2132.766602 0.000000 0.682688 0.000000 -0.730710 0.883460 0.883460 0.883460
1746.159058 0.000000 2130.664795 0.000000 0.870901 0.000000 0.491459 0.747668 0.747668 0.747668
1755.320923 0.000000 2130.109375 0.000000 0.247655 0.000000 0.968848 0.665491 0.665491 0.665491
1755.664185 0.000000 2132.900391 0.000000 0.999898 0.000000 -0.014261 0.801453 0.801453 0.801453
1756.936768 0.000000 2126.969482 0.000000 0.934208 0.000000 0.356729 0.762845 0.762845 0.762845
1758.997314 0.000000 2121.515381 0.000000 0.919046 0.000000 -0.394149 0.841267 0.841267 0.841267
1759.238159 0.000000 2124.500000 0.000000 0.440755 0.000000 0.897628 0.686493 0.686493 0.686493
1754.285400 0.000000 2133.253662 0.000000 0.949365 0.000000 -0.314176 0.832553 0.832553 0.832553
1759.783203 0.000000 2138.136719 0.000000 0.933267 0.000000 0.359184 0.777530 0.777530 0.777530
1747.404297 0.000000 2131.357666 0.000000 0.533309 0.000000 0.845921 0.697297 0.697297 0.697297
1757.576782 0.000000 2124.009766 0.000000 0.810073 0.000000 -0.586329 0.863817 0.863817 0.863817
1757.997070 0.000000 2126.318604 0.000000 0.376390 0.000000 0.926461 0.679307 0.679307 0.679307
1759.174561 0.000000 2139.152100 0.000000 0.970727 0.000000 0.240186 0.790495 0.790495 0.790495
1758.423218 0.000000 2125.297607 0.000000 0.018553 0.000000 0.999828 0.641890 0.641890 0.641890
1765.200562 0.000000 2126.106689 0.000000 0.895044 0.000000 0.445978 0.752914 0.752914 0.752914
1775.268311 0.000000 2122.937012 0.000000 0.545050 0.000000 -0.838403 1.351925 1.351925 1.351925
1791.621582 0.000000 2120.054688 0.000000 0.206719 0.000000 0.978400 0.661209 0.661209 0.661209
1763.995361 0.000000 2118.716309 0.000000 0.039988 0.000000 -0.999200 0.955926 0.955926 0.955926
1777.782959 0.000000 2116.885986 0.000000 0.136599 0.000000 0.990626 0.980936 0.980936 0.980936
1782.785034 0.000000 2132.349365 0.000000 0.377439 0.000000 0.926035 0.679422 0.679422 0.679422
1771.173462 0.000000 2127.471924 0.000000 0.869007 0.000000 -0.494800 1.279084 1.279084 1.279084
1780.749268 0.000000 2126.572266 0.000000 0.999856 0.000000 -0.016983 0.801730 0.801730 0.801730
1772.999146 0.000000 2135.737793 0.000000 0.562896 0.000000 0.826528 0.700900 0.700900 0.700900
1769.268311 0.000000 2121.867920 0.000000 0.361378 0.000000 0.932420 0.677662 0.677662 0.677662
1761.297852 0.000000 2123.022705 0.000000 0.904740 0.000000 0.425963 1.132769 1.132769 1.132769
1766.250610 0.000000 2138.263428 0.000000 0.936203 0.000000 -0.351460 0.836581 0.836581 0.836581
1789.443237 0.000000 2141.706299 0.000000 0.980476 0.000000 -0.196640 0.820161 0.820161 0.820161
1779.227417 0.000000 2120.825195 0.000000 0.984513 0.000000 0.175312 1.173075 1.173075 1.173075
1775.386597 0.000000 2139.117188 0.000000 0.997452 0.000000 -0.071334 0.807272 0.807272 0.807272
1774.074707 0.000000 2118.908203 0.000000 0.975484 0.000000 -0.220071 1.233902 1.233902 1.233902
1775.519775 0.000000 2127.177979 0.000000 0.999410 0.000000 -0.034348 1.205249 1.205249 1.205249
1760.573975 0.000000 2126.408203 0.000000 0.548670 0.000000 -0.836039 0.900843 0.900843 0.900843
1765.788818 0.000000 2122.722900 0.000000 0.971952 0.000000 -0.235180 1.236273 1.236273 1.236273
1768.636230 0.000000 2125.178223 0.000000 0.241480 0.000000 0.970406 0.997264 0.997264 0.997264
1778.355225 0.000000 2124.246826 0.000000 0.327144 0.000000 0.944974 0.673948 0.673948 0.673948
1772.175903 0.000000 2124.165771 0.000000 0.414679 0.000000 0.909968 1.025331 1.025331 1.025331
1759.924316 0.000000 2139.529053 0.000000 0.136724 0.000000 -0.990609 0.964580 0.964580 0.964580
1790.200928 0.000000 2138.502441 0.000000 0.268536 0.000000 -0.963270 0.932307 0.932307 0.932307
1760.834839 0.000000 2119.667725 0.000000 0.804055 0.000000 0.594555 0.735145 0.735145 0.735145
1774.881836 0.000000 2115.730713 0.000000 0.560240 0.000000 0.828330 0.700573 0.700573 0.700573
1773.798950 0.000000 2129.508057 0.000000 0.999482 0.000000 0.032187 0.796721 0.796721 0.796721
1770.338501 0.000000 2134.014404 0.000000 0.097227 0.000000 -0.995262 0.950081 0.950081 0.950081
1781.098877 0.000000 2123.255859 0.000000 0.207058 0.000000 -0.978329 0.938756 0.938756 0.938756
1772.625732 0.000000 2121.325439 0.000000 0.479168 0.000000 0.877723 1.036350 1.036350 1.036350
1776.448730 0.000000 2120.396729 0.000000 0.822829 0.000000 -0.568290 1.292349 1.292349 1.292349
1778.211792 0.000000 2127.719482 0.000000 1.000000 0.000000 -0.000544 0.800055 0.800055 0.800055
1763.396362 0.000000 2121.446533 0.000000 0.006641 0.000000 0.999978 0.961015 0.961015 0.961015
1777.162109 0.000000 2141.018555 0.000000 0.291278 0.000000 -0.956639 0.929894 0.929894 0.929894
1762.893433 0.000000 2127.206787 0.000000 0.248972 0.000000 0.968511 0.998444 0.998444 0.998444
1763.484985 0.000000 2124.292969 0.000000 0.908174 0.000000 -0.418592 1.265989 1.265989 1.265989
1788.020264 0.000000 2139.758789 0.000000 0.897951 0.000000 0.440096 0.753582 0.753582 0.753582
1773.221069 0.000000 2126.287354 0.000000 0.933611 0.000000 -0.358288 1.255987 1.255987 1.255987
1767.301880 0.000000 2136.026611 0.000000 0.529525 0.000000 -0.848294 0.903158 0.903158 0.903158
1770.166382 0.000000 2129.558594 0.000000 0.629661 0.000000 -0.776870 0.890622 0.890622 0.890622
1767.381592 0.000000 2127.132324 0.000000 0.641969 0.000000 0.766731 0.711002 0.711002 0.711002
1776.242432 0.000000 2124.930664 0.000000 0.598408 0.000000 -0.801191 1.341984 1.341984 1.341984
1776.713257 0.000000 2114.509766 0.000000 0.511618 0.000000 -0.859213 0.905295 0.905295 0.905295
1777.355103 0.000000 2122.360596 0.000000 0.982091 0.000000 0.188409 1.171040 1.171040 1.171040
1784.310181 0.000000 2130.812988 0.000000 0.523504 0.000000 0.852023 0.696120 0.696120 0.696120
1773.087891 0.000000 2116.876221 0.000000 0.913551 0.000000 -0.406725 0.842665 0.842665 0.842665
1781.248779 0.000000 2120.068604 0.000000 0.331996 0.000000 -0.943281 0.925529 0.925529 0.925529
1775.958740 0.000000 2117.988281 0.000000 0.500167 0.000000 -0.865929 1.359971 1.359971 1.359971
1770.168335 0.000000 2123.735352 0.000000 0.308314 0.000000 -0.951285 1.392113 1.392113 1.392113
1759.786621 0.000000 2124.428955 0.000000 0.198232 0.000000 0.980155 0.660326 0.660326 0.660326
1767.780640 0.000000 2123.285645 0.000000 0.394728 0.000000 -0.918798 1.378003 1.378003 1.378003
1776.613525 0.000000 2128.927979 0.000000 0.446798 0.000000 -0.894635 0.912821 0.912821 0.912821
1778.224243 0.000000 2118.842529 0.000000 0.410459 0.000000 0.911879 0.683082 0.683082 0.683082
1759.915649 0.000000 2121.494141 0.000000 0.947968 0.000000 0.318365 0.766997 0.766997 0.766997
1774.571899 0.000000 2121.008545 0.000000 0.955565 0.000000 -0.294780 1.245718 1.245718 1.245718
1769.193481 0.000000 2127.778809 0.000000 0.176524 0.000000 -0.984296 0.941925 0.941925 0.941925
1774.090332 0.000000 2124.471191 0.000000 0.694006 0.000000 0.719969 1.077195 1.077195 1.077195
1791.041748 0.000000 2140.322510 0.000000 0.928461 0.000000 -0.371430 0.838762 0.838762 0.838762
1770.549561 0.000000 2125.652832 0.000000 0.502182 0.000000 -0.864762 1.359615 1.359615 1.359615
1784.768921 0.000000 2132.766602 0.000000 0.985104 0.000000 0.171962 0.782397 0.782397 0.782397
1766.446533 0.000000 2124.677002 0.000000 0.825909 0.000000 -0.563803 1.291518 1.291518 1.291518
1770.750244 0.000000 2120.715332 0.000000 0.882657 0.000000 -0.470017 0.849841 0.849841 0.849841
1768.550781 0.000000 2120.124268 0.000000 0.676155 0.000000 -0.736760 0.884366 0.884366 0.884366
1761.690186 0.000000 2124.922607 0.000000 0.999906 0.000000 0.013705 1.197906 1.197906 1.197906
1771.965088 0.000000 2129.184570 0.000000 0.255004 0.000000 -0.966940 0.933735 0.933735 0.933735
1765.077881 0.000000 2120.863525 0.000000 0.316937 0.000000 -0.948446 0.963510 0.963510 0.963510
1771.062256 0.000000 2135.651123 0.000000 0.925188 0.000000 -0.379509 0.839650 0.839650 0.839650
1778.805908 0.000000 2126.015869 0.000000 0.711835 0.000000 0.702347 0.720683 0.720683 0.720683
1779.383057 0.000000 2122.763916 0.000000 0.596289 0.000000 0.802770 1.057612 1.057612 1.057612
1767.357422 0.000000 2121.595703 0.000000 0.875643 0.000000 -0.482959 0.851340 0.851340 0.851340
1771.364014 0.000000 2122.496094 0.000000 0.904246 0.000000 -0.427011 1.267408 1.267408 1.267408
1777.047119 0.000000 2126.409180 0.000000 0.933746 0.000000 0.357935 1.144071 1.144071 1.144071
1761.592651 0.000000 2121.322998 0.000000 0.541008 0.000000 -0.841017 1.184684 1.184684 1.184684
1773.420410 0.000000 2122.824951 0.000000 0.499864 0.000000 -0.866104 1.360024 1.360024 1.360024
1767.123413 0.000000 2139.783691 0.000000 0.868966 0.000000 0.494872 0.747269 0.747269 0.747269
1767.854858 0.000000 2137.647705 0.000000 0.520672 0.000000 -0.853757 0.904218 0.904218 0.904218
1773.910522 0.000000 2127.834961 0.000000 0.758143 0.000000 -0.652088 1.308531 1.308531 1.308531
1776.913818 0.000000 2139.381592 0.000000 0.864955 0.000000 0.501850 0.746449 0.746449 0.746449
1764.237915 0.000000 2122.872314 0.000000 0.845513 0.000000 0.533955 1.113939 1.113939 1.113939
1776.441040 0.000000 2116.026611 0.000000 0.529288 0.000000 -0.848442 1.354780 1.354780 1.354780
1774.942993 0.000000 2125.731689 0.000000 0.626928 0.000000 -0.779077 1.336470 1.336470 1.336470
1764.369995 0.000000 2127.626709 0.000000 0.850038 0.000000 -0.526721 0.856505 0.856505 0.856505
1789.523315 0.000000 2139.899170 0.000000 0.720434 0.000000 0.693524 0.721938 0.721938 0.721938
1764.996582 0.000000 2124.245850 0.000000 0.035771 0.000000 -0.999360 1.434533 1.434533 1.434533
1774.584229 0.000000 2117.230469 0.000000 0.790104 0.000000 -0.612973 1.300813 1.300813 1.300813
1775.282471 0.000000 2129.865723 0.000000 0.980022 0.000000 -0.198889 0.820395 0.820395 0.820395
1763.700439 0.000000 2125.773682 0.000000 0.873807 0.000000 -0.486274 1.277589 1.277589 1.277589
1762.754517 0.000000 2122.845459 0.000000 0.515013 0.000000 -0.857182 1.357338 1.357338 1.357338
1779.718140 0.000000 2127.614258 0.000000 0.895297 0.000000 0.445470 0.752972 0.752972 0.752972
1775.460327 0.000000 2119.328369 0.000000 0.540527 0.000000 -0.841327 1.352748 1.352748 1.352748
1773.096680 0.000000 2119.959473 0.000000 0.848932 0.000000 0.528502 0.743281 0.743281 0.743281
1776.664307 0.000000 2123.576660 0.000000 0.730285 0.000000 0.683142 1.085094 1.085094 1.085094
1769.361694 0.000000 2126.383789 0.000000 0.999690 0.000000 0.024889 0.797465 0.797465 0.797465
1791.779297 0.000000 2138.136719 0.000000 0.647613 0.000000 0.761969 0.711755 0.711755 0.711755
1777.929932 0.000000 2120.233643 0.000000 0.972859 0.000000 0.231399 1.164321 1.164321 1.164321
1771.966187 0.000000 2125.612305 0.000000 0.173506 0.000000 0.984833 0.986645 0.986645 0.986645
1779.477783 0.000000 2119.473145 0.000000 0.242008 0.000000 -0.970274 0.935102 0.935102 0.935102
1775.819336 0.000000 2121.655273 0.000000 0.986068 0.000000 -0.166345 1.225534 1.225534 1.225534
1772.522705 0.000000 2127.916016 0.000000 0.240088 0.000000 -0.970751 1.402955 1.402955 1.402955
1766.067627 0.000000 2136.546387 0.000000 0.976694 0.000000 -0.214635 0.822034 0.822034 0.822034
1767.395874 0.000000 2125.757568 0.000000 0.458247 0.000000 -0.888825 1.367269 1.367269 1.367269
1776.827026 0.000000 2119.107910 0.000000 0.995210 0.000000 -0.097758 1.214960 1.214960 1.214960
1775.097900 0.000000 2128.494873 0.000000 0.238719 0.000000 0.971089 0.664553 0.664553 0.664553
1761.901245 0.000000 2126.216064 0.000000 0.021994 0.000000 -0.999758 0.957759 0.957759 0.957759
1772.908325 0.000000 2118.255615 0.000000 0.837384 0.000000 -0.546615 0.858907 0.858907 0.858907
1763.900146 0.000000 2120.075439 0.000000 0.752267 0.000000 -0.658858 1.309901 1.309901 1.309901
1759.847290 0.000000 2122.789551 0.000000 0.981033 0.000000 0.193839 0.780130 0.780130 0.780130
1777.513062 0.000000 2125.212891 0.000000 0.405052 0.000000 0.914294 1.023718 1.023718 1.023718
1776.732300 0.000000 2127.659424 0.000000 0.236604 0.000000 0.971606 0.996497 0.996497 0.996497
1768.946167 0.000000 2123.857178 0.000000 0.734440 0.000000 0.678673 1.086027 1.086027 1.086027
1778.470337 0.000000 2121.793213 0.000000 0.997536 0.000000 -0.070159 1.210728 1.210728 1.210728
1777.362915 0.000000 2118.061279 0.000000 0.525007 0.000000 -0.851098 1.355550 1.355550 1.355550
1761.498291 0.000000 2127.312256 0.000000 0.092013 0.000000 0.995758 0.649386 0.649386 0.649386
1773.065186 0.000000 2125.048584 0.000000 0.389691 0.000000 -0.920946 1.378839 1.378839 1.378839
1771.064575 0.000000 2124.605957 0.000000 0.642114 0.000000 -0.766609 1.333468 1.333468 1.333468
1775.254150 0.000000 2124.305664 0.000000 0.432312 0.000000 0.901724 1.028305 1.028305 1.028305
1779.441162 0.000000 2123.905762 0.000000 0.931714 0.000000 -0.363193 1.256791 1.256791 1.256791
1774.435425 0.000000 2122.158447 0.000000 0.986661 0.000000 0.162790 1.175016 1.175016 1.175016
1762.322021 0.000000 2123.937988 0.000000 0.921265 0.000000 -0.388935 1.261035 1.261035 1.261035
1777.240479 0.000000 2121.228516 0.000000 0.995701 0.000000 0.092624 1.185828 1.185828 1.185828
1772.128296 0.000000 2126.759521 0.000000 0.472681 0.000000 0.881234 1.035223 1.035223 1.035223
1767.595215 0.000000 2124.606445 0.000000 0.560660 0.000000 0.828046 1.050937 1.050937 1.050937
1774.390869 0.000000 2126.722412 0.000000 0.703431 0.000000 -0.710764 1.320792 1.320792 1.320792
1769.713867 0.000000 2124.792969 0.000000 0.996574 0.000000 -0.082712 1.212652 1.212652 1.212652
1770.187866 0.000000 2122.584717 0.000000 0.645797 0.000000 -0.763509 1.332732 1.332732 1.332732
1778.237183 0.000000 2123.091309 0.000000 0.790088 0.000000 0.612993 1.099183 1.099183 1.099183
1759.848389 0.000000 2125.554199 0.000000 0.634276 0.000000 0.773107 0.709984 0.709984 0.709984
1766.705566 0.000000 2123.590576 0.000000 0.374178 0.000000 0.927357 1.018596 1.018596 1.018596
1760.846924 0.000000 2124.053467 0.000000 0.868663 0.000000 0.495404 1.120810 1.120810 1.120810
1775.580200 0.000000 2116.743896 0.000000 0.265244 0.000000 0.964181 1.001017 1.001017 1.001017
1764.983887 0.000000 2121.964844 0.000000 0.906204 0.000000 -0.422840 0.877586 0.877586 0.877586
1776.006104 0.000000 2126.047119 0.000000 0.902883 0.000000 0.429885 1.132106 1.132106 1.132106
1767.291870 0.000000 2138.572510 0.000000 0.290186 0.000000 0.956970 0.669989 0.669989 0.669989
1774.477783 0.000000 2119.928223 0.000000 0.077258 0.000000 0.997011 0.971816 0.971816 0.971816
1776.680054 0.000000 2117.148438 0.000000 0.660144 0.000000 -0.751139 1.329838 1.329838 1.329838
1768.226807 0.000000 2122.303711 0.000000 0.197399 0.000000 -0.980323 1.409640 1.409640 1.409640
1768.286743 0.000000 2126.365234 0.000000 0.889415 0.000000 0.457100 0.751644 0.751644 0.751644
1770.136108 0.000000 2127.140869 0.000000 0.983841 0.000000 0.179043 1.172496 1.172496 1.172496
1772.463501 0.000000 2122.373047 0.000000 0.377804 0.000000 -0.925886 1.380806 1.380806 1.380806
1760.687744 0.000000 2120.781006 0.000000 0.266353 0.000000 -0.963875 1.225099 1.225099 1.225099
1774.972290 0.000000 2118.350830 0.000000 0.657306 0.000000 -0.753624 1.330414 1.330414 1.330414
1779.857666 0.000000 2125.934082 0.000000 0.274782 0.000000 -0.961507 0.931646 0.931646 0.931646
1760.837891 0.000000 2122.061523 0.000000 0.482185 0.000000 -0.876070 1.363125 1.363125 1.363125
1771.273804 0.000000 2123.567871 0.000000 0.820747 0.000000 0.571292 1.107092 1.107092 1.107092
1762.705811 0.000000 2125.350830 0.000000 0.642186 0.000000 -0.766549 1.333453 1.333453 1.333453
1766.236816 0.000000 2125.744385 0.000000 0.402577 0.000000 0.915386 1.023305 1.023305 1.023305
1779.124390 0.000000 2125.004639 0.000000 0.804073 0.000000 -0.594531 0.864852 0.864852 0.864852
1766.863159 0.000000 2137.349365 0.000000 0.052234 0.000000 -0.998635 0.954677 0.954677 0.954677
1773.189575 0.000000 2123.942139 0.000000 0.944374 0.000000 -0.328874 1.251201 1.251201 1.251201
1766.920898 0.000000 2122.527344 0.000000 0.137983 0.000000 -0.990435 1.418850 1.418850 1.418850
1764.566650 0.000000 2125.209229 0.000000 0.677788 0.000000 -0.735257 1.326211 1.326211 1.326211
1772.973389 0.000000 2128.870117 0.000000 0.245905 0.000000 -0.969294 0.934693 0.934693 0.934693
1774.302734 0.000000 2123.434814 0.000000 0.826990 0.000000 0.562217 1.108775 1.108775 1.108775
1762.446533 0.000000 2121.868164 0.000000 0.911608 0.000000 -0.411061 1.264724 1.264724 1.264724
1761.692871 0.000000 2120.271484 0.000000 0.426109 0.000000 -0.904672 1.202273 1.202273 1.202273
1776.276367 0.000000 2122.632324 0.000000 0.991533 0.000000 -0.129856 1.219897 1.219897 1.219897
1773.942261 0.000000 2125.575928 0.000000 0.296515 0.000000 -0.955028 1.394004 1.394004 1.394004
1773.611450 0.000000 2121.600342 0.000000 0.348774 0.000000 -0.937207 1.385567 1.385567 1.385567
1762.575684 0.000000 2120.882812 0.000000 0.961766 0.000000 0.273872 1.157614 1.157614 1.157614
1779.646973 0.000000 2121.741211 0.000000 0.365998 0.000000 -0.930616 1.382749 1.382749 1.382749
1775.439087 0.000000 2120.423828 0.000000 0.915269 0.000000 -0.402842 1.263349 1.263349 1.263349
1769.194336 0.000000 2122.902832 0.000000 0.231477 0.000000 -0.972840 1.404309 1.404309 1.404309
1771.194458 0.000000 2126.450195 0.000000 0.985268 0.000000 0.171015 1.173742 1.173742 1.173742
1760.709229 0.000000 2125.110107 0.000000 0.886830 0.000000 -0.462097 1.273393 1.273393 1.273393
1777.979492 0.000000 2126.638428 0.000000 0.969444 0.000000 -0.245314 1.237868 1.237868 1.237868
1762.210449 0.000000 2127.954102 0.000000 0.809877 0.000000 0.586600 1.104224 1.104224 1.104224
1776.746216 0.000000 2138.443848 0.000000 0.584993 0.000000 -0.811038 0.896351 0.896351 0.896351
1765.518677 0.000000 2125.017334 0.000000 0.797622 0.000000 -0.603157 1.298924 1.298924 1.298924
1765.787720 0.000000 2120.225830 0.000000 0.859095 0.000000 -0.511816 0.888248 0.888248 0.888248
1777.414307 0.000000 2124.195557 0.000000 0.999818 0.000000 -0.019083 1.202916 1.202916 1.202916
1773.759644 0.000000 2120.586182 0.000000 0.354154 0.000000 0.935187 1.015311 1.015311 1.015311
1765.854980 0.000000 2123.920898 0.000000 0.686939 0.000000 0.726715 1.075702 1.075702 1.075702
1765.089966 0.000000 2123.336182 0.000000 0.199396 0.000000 0.979919 0.990671 0.990671 0.990671
1762.812378 0.000000 2126.299316 0.000000 0.549406 0.000000 -0.835556 1.351130 1.351130 1.351130
1773.143921 0.000000 2127.216064 0.000000 0.444023 0.000000 0.896015 1.030296 1.030296 1.030296
1772.448120 0.000000 2123.284180 0.000000 0.306157 0.000000 -0.951981 1.392459 1.392459 1.392459
1764.218994 0.000000 2123.783691 0.000000 0.999999 0.000000 -0.001546 1.200236 1.200236 1.200236
1763.494629 0.000000 2122.357422 0.000000 0.244230 0.000000 0.969717 0.997697 0.997697 0.997697
1777.345337 0.000000 2116.074707 0.000000 0.320779 0.000000 -0.947154 1.390107 1.390107 1.390107
1763.478149 0.000000 2123.343506 0.000000 0.985296 0.000000 0.170856 1.173766 1.173766 1.173766
1760.062378 0.000000 2123.634277 0.000000 0.416520 0.000000 -0.909127 1.374360 1.374360 1.374360
1774.726929 0.000000 2127.496826 0.000000 0.884211 0.000000 0.467087 1.125746 1.125746 1.125746
1776.296997 0.000000 2126.853760 0.000000 0.984663 0.000000 -0.174470 1.226794 1.226794 1.226794
1776.751465 0.000000 2125.607422 0.000000 0.838489 0.000000 0.544918 1.111949 1.111949 1.111949
1761.727051 0.000000 2122.270020 0.000000 0.953596 0.000000 0.301090 1.153272 1.153272 1.153272
1778.264526 0.000000 2120.991943 0.000000 0.888911 0.000000 0.458079 1.127298 1.127298 1.127298
1769.715332 0.000000 2125.629883 0.000000 0.935898 0.000000 -0.352272 1.255004 1.255004 1.255004
1777.636841 0.000000 2119.429443 0.000000 0.999772 0.000000 -0.021345 1.203262 1.203262 1.203262
1775.812988 0.000000 2123.638916 0.000000 0.034587 0.000000 -0.999402 1.434715 1.434715 1.434715
1776.623413 0.000000 2121.869385 0.000000 0.139737 0.000000 0.990189 0.981420 0.981420 0.981420
1761.174316 0.000000 2125.830078 0.000000 0.849611 0.000000 -0.527411 1.284882 1.284882 1.284882
1777.430054 0.000000 2123.238525 0.000000 0.740116 0.000000 0.672479 1.087310 1.087310 1.087310
1581.022583 0.000000 2199.722168 0.000000 0.970451 0.000000 0.241298 0.775177 0.775177 0.775177
1574.274048 0.000000 2202.247803 0.000000 0.178464 0.000000 -0.983947 0.941724 0.941724 0.941724
1575.674438 0.000000 2193.429199 0.000000 0.998934 0.000000 -0.046166 0.804704 0.804704 0.804704
1580.103516 0.000000 2202.465576 0.000000 0.882996 0.000000 0.469381 0.750233 0.750233 0.750233
1576.932129 0.000000 2207.117432 0.000000 0.711494 0.000000 -0.702692 0.879366 0.879366 0.879366
1583.352173 0.000000 2200.537842 0.000000 0.657956 0.000000 0.753057 1.069718 1.069718 1.069718
1572.384766 0.000000 2203.765869 0.000000 0.876751 0.000000 0.480945 0.748894 0.748894 0.748894
1575.325317 0.000000 2200.010986 0.000000 0.915870 0.000000 0.401475 0.757919 0.757919 0.757919
1572.731445 0.000000 2206.537109 0.000000 0.832580 0.000000 0.553904 0.740204 0.740204 0.740204
1582.023193 0.000000 2201.829834 0.000000 0.984126 0.000000 -0.177469 1.227260 1.227260 1.227260
1582.686890 0.000000 2198.809814 0.000000 0.999930 0.000000 -0.011851 0.801207 0.801207 0.801207
1572.892334 0.000000 2201.124268 0.000000 0.366328 0.000000 -0.930486 0.921797 0.921797 0.921797
1581.514038 0.000000 2203.516113 0.000000 0.156868 0.000000 -0.987620 0.943955 0.943955 0.943955
1575.878296 0.000000 2201.632080 0.000000 0.103206 0.000000 -0.994660 0.949469 0.949469 0.949469
1575.485229 0.000000 2195.250000 0.000000 0.988832 0.000000 0.149036 0.784763 0.784763 0.784763
1574.167725 0.000000 2194.010010 0.000000 0.831318 0.000000 0.555797 0.739972 0.739972 0.739972
1580.109009 0.000000 2200.936768 0.000000 0.722176 0.000000 -0.691709 1.118772 1.118772 1.118772
1583.931396 0.000000 2201.782227 0.000000 0.998436 0.000000 0.055909 1.191453 1.191453 1.191453
1583.886108 0.000000 2198.172119 0.000000 0.444983 0.000000 0.895539 0.686973 0.686973 0.686973
1581.967041 0.000000 2200.596924 0.000000 0.861120 0.000000 0.508402 0.950371 0.950371 0.950371
1580.925171 0.000000 2201.728027 0.000000 0.717829 0.000000 0.696219 0.919631 0.919631 0.919631
1575.142456 0.000000 2194.318604 0.000000 0.107341 0.000000 0.994222 0.650955 0.650955 0.650955
1582.675415 0.000000 2201.182861 0.000000 0.953898 0.000000 -0.300132 1.246575 1.246575 1.246575
1565.348022 0.000000 2229.494385 0.000000 0.006218 0.000000 0.999981 0.640633 0.640633 0.640633
1567.245361 0.000000 2222.088135 0.000000 0.476116 0.000000 0.879383 0.690546 0.690546 0.690546
1566.571533 0.000000 2226.634521 0.000000 0.516407 0.000000 0.856343 0.695274 0.695274 0.695274
1563.562744 0.000000 2210.031982 0.000000 0.679141 0.000000 0.734008 0.716047 0.716047 0.716047
1564.574707 0.000000 2227.392578 0.000000 0.709681 0.000000 -0.704523 0.879628 0.879628 0.879628
1566.448730 0.000000 2224.097168 0.000000 0.975870 0.000000 -0.218350 0.822422 0.822422 0.822422
1567.805054 0.000000 2213.849854 0.000000 0.950540 0.000000 -0.310604 0.832170 0.832170 0.832170
1562.137817 0.000000 2210.616943 0.000000 0.925365 0.000000 0.379078 0.760397 0.760397 0.760397
1563.310791 0.000000 2211.378906 0.000000 0.894539 0.000000 -0.446990 0.847201 0.847201 0.847201
1562.878784 0.000000 2208.817871 0.000000 0.848764 0.000000 0.528772 1.114873 1.114873 1.114873
1565.545288 0.000000 2226.928223 0.000000 0.539209 0.000000 0.842172 0.698009 0.698009 0.698009
1562.430908 0.000000 2209.685303 0.000000 0.941602 0.000000 0.336729 1.147526 1.147526 1.147526
1562.026123 0.000000 2208.439697 0.000000 0.187279 0.000000 0.982307 0.988784 0.988784 0.988784
1563.698853 0.000000 2209.198242 0.000000 0.376114 0.000000 -0.926574 1.381085 1.381085 1.381085
1590.808472 0.000000 2228.325928 0.000000 0.580163 0.000000 -0.814500 0.984894 0.984894 0.984894
1574.444824 0.000000 2207.613770 0.000000 0.665132 0.000000 0.746726 0.714120 0.714120 0.714120
1567.905762 0.000000 2225.793457 0.000000 0.005357 0.000000 0.999986 0.640546 0.640546 0.640546
1579.196899 0.000000 2223.448486 0.000000 0.230669 0.000000 0.973032 0.663709 0.663709 0.663709
1581.022583 0.000000 2231.714355 0.000000 0.960106 0.000000 0.279635 0.771132 0.771132 0.771132
1583.913208 0.000000 2239.196045 0.000000 0.915789 0.000000 0.401660 0.757899 0.757899 0.757899
1591.463379 0.000000 2236.949219 0.000000 0.531134 0.000000 0.847288 0.697035 0.697035 0.697035
1568.809082 0.000000 2212.038574 0.000000 0.698124 0.000000 -0.715977 1.321929 1.321929 1.321929
1591.124512 0.000000 2232.952393 0.000000 0.043154 0.000000 -0.999068 0.955603 0.955603 0.955603
1599.241455 0.000000 2222.088135 0.000000 0.372073 0.000000 -0.928203 0.921167 0.921167 0.921167
1571.978760 0.000000 2210.270264 0.000000 0.723394 0.000000 0.690435 0.722374 0.722374 0.722374
1577.581299 0.000000 2232.781738 0.000000 0.761344 0.000000 0.648349 0.728147 0.728147 0.728147
1568.597412 0.000000 2222.384766 0.000000 0.996257 0.000000 0.086435 0.791185 0.791185 0.791185
1576.659668 0.000000 2221.154785 0.000000 0.985690 0.000000 -0.168566 0.817252 0.817252 0.817252
1577.581055 0.000000 2214.426758 0.000000 0.802350 0.000000 0.596854 0.734853 0.734853 0.734853
1568.858276 0.000000 2215.644287 0.000000 0.948539 0.000000 -0.316659 0.832820 0.832820 0.832820
1598.537109 0.000000 2219.022705 0.000000 0.989101 0.000000 -0.147235 0.815052 0.815052 0.815052
1598.567627 0.000000 2226.634521 0.000000 0.539648 0.000000 -0.841891 0.901938 0.901938 0.901938
1574.711060 0.000000 2215.883545 0.000000 0.944679 0.000000 0.327995 0.765961 0.765961 0.765961
1576.908936 0.000000 2209.407959 0.000000 0.779200 0.000000 -0.626775 0.869000 0.869000 0.869000
1582.180054 0.000000 2229.003418 0.000000 0.775657 0.000000 0.631155 0.730426 0.730426 0.730426
1589.546387 0.000000 2235.272217 0.000000 0.995684 0.000000 0.092810 0.790533 0.790533 0.790533
1576.646606 0.000000 2235.090576 0.000000 0.469758 0.000000 -0.882795 0.910189 0.910189 0.910189
1572.731445 0.000000 2238.529297 0.000000 0.962109 0.000000 -0.272666 0.828130 0.828130 0.828130
1574.179443 0.000000 2209.886963 0.000000 0.085503 0.000000 0.996338 0.648720 0.648720 0.648720
1570.736084 0.000000 2212.942871 0.000000 0.214985 0.000000 -0.976617 1.406894 1.406894 1.406894
1577.366211 0.000000 2212.157959 0.000000 0.396056 0.000000 0.918226 0.681479 0.681479 0.681479
1575.453857 0.000000 2213.964355 0.000000 0.022757 0.000000 0.999741 0.642318 0.642318 0.642318
1589.115112 0.000000 2232.720215 0.000000 0.238709 0.000000 0.971091 0.964252 0.964252 0.964252
1569.395752 0.000000 2224.471680 0.000000 0.962076 0.000000 0.272781 0.771858 0.771858 0.771858
1577.216919 0.000000 2223.755371 0.000000 0.166054 0.000000 -0.986117 0.943007 0.943007 0.943007
1568.960449 0.000000 2233.861816 0.000000 0.846460 0.000000 0.532452 0.742807 0.742807 0.742807
1580.345459 0.000000 2229.888184 0.000000 0.452287 0.000000 0.891873 0.687805 0.687805 0.687805
1578.572998 0.000000 2221.629395 0.000000 0.418399 0.000000 -0.908264 0.916029 0.916029 0.916029
1592.792358 0.000000 2228.743164 0.000000 0.987057 0.000000 0.160369 0.783594 0.783594 0.783594
1582.559448 0.000000 2227.222412 0.000000 0.403870 0.000000 0.914816 1.016832 1.016832 1.016832
1569.208862 0.000000 2213.874023 0.000000 0.451104 0.000000 0.892471 1.031506 1.031506 1.031506
1572.985718 0.000000 2208.582520 0.000000 0.194947 0.000000 0.980814 0.989978 0.989978 0.989978
1578.382202 0.000000 2234.825928 0.000000 0.222866 0.000000 0.974849 0.662893 0.662893 0.662893
1576.363525 0.000000 2207.678711 0.000000 0.967983 0.000000 -0.251017 0.825845 0.825845 0.825845
1568.748901 0.000000 2230.675537 0.000000 0.976672 0.000000 -0.214736 0.822045 0.822045 0.822045
1570.018677 0.000000 2208.216797 0.000000 0.915593 0.000000 0.402106 0.757849 0.757849 0.757849
1591.180786 0.000000 2234.658691 0.000000 0.799362 0.000000 0.600850 0.921532 0.921532 0.921532
1570.677002 0.000000 2211.329834 0.000000 0.963941 0.000000 -0.266116 0.827437 0.827437 0.827437
1577.867310 0.000000 2208.177979 0.000000 0.858307 0.000000 -0.513136 0.854885 0.854885 0.854885
1574.261597 0.000000 2238.849121 0.000000 0.425043 0.000000 -0.905173 0.915283 0.915283 0.915283
1599.257690 0.000000 2220.476562 0.000000 0.404906 0.000000 -0.914358 0.917537 0.917537 0.917537
1569.837769 0.000000 2232.606689 0.000000 0.874010 0.000000 -0.485909 0.851684 0.851684 0.851684
1575.413086 0.000000 2208.820801 0.000000 0.079751 0.000000 -0.996815 0.951868 0.951868 0.951868
1571.392334 0.000000 2208.922119 0.000000 0.498845 0.000000 -0.866691 0.906802 0.906802 0.906802
1589.969727 0.000000 2233.864014 0.000000 0.509652 0.000000 0.860380 1.007666 1.007666 1.007666
1577.385132 0.000000 2222.360352 0.000000 0.800612 0.000000 -0.599184 0.865443 0.865443 0.865443
1575.675293 0.000000 2238.540771 0.000000 0.704838 0.000000 0.709368 0.719674 0.719674 0.719674
1578.808350 0.000000 2233.347168 0.000000 0.587686 0.000000 0.809089 1.055981 1.055981 1.055981
1574.296265 0.000000 2212.895020 0.000000 0.508167 0.000000 0.861259 0.694297 0.694297 0.694297
1576.738281 0.000000 2213.349365 0.000000 0.627313 0.000000 -0.778767 0.890929 0.890929 0.890929
1582.690186 0.000000 2238.635254 0.000000 0.624903 0.000000 -0.780703 0.891244 0.891244 0.891244
1590.295166 0.000000 2236.335693 0.000000 0.722616 0.000000 -0.691250 0.877741 0.877741 0.877741
1571.964844 0.000000 2211.588135 0.000000 0.020825 0.000000 -0.999783 0.957879 0.957879 0.957879
1571.950684 0.000000 2213.406250 0.000000 0.442220 0.000000 0.896907 1.029988 1.029988 1.029988
1588.653564 0.000000 2233.927979 0.000000 0.413507 0.000000 -0.910501 1.329936 1.329936 1.329936
1591.962646 0.000000 2235.733887 0.000000 0.691619 0.000000 0.722263 0.900760 0.900760 0.900760
1569.165527 0.000000 2225.761719 0.000000 0.912883 0.000000 -0.408221 0.842832 0.842832 0.842832
1583.627930 0.000000 2227.883545 0.000000 0.314482 0.000000 0.949263 1.002285 1.002285 1.002285
1568.185669 0.000000 2213.185059 0.000000 0.400508 0.000000 -0.916293 1.377040 1.377040 1.377040
1591.909058 0.000000 2228.008057 0.000000 0.648226 0.000000 -0.761448 0.975239 0.975239 0.975239
1569.621338 0.000000 2212.827148 0.000000 0.686450 0.000000 0.727177 1.075599 1.075599 1.075599
1572.976318 0.000000 2209.733643 0.000000 0.982558 0.000000 0.185955 1.171422 1.171422 1.171422
1591.501343 0.000000 2229.224854 0.000000 0.162097 0.000000 -0.986775 1.035908 1.035908 1.035908
1583.286133 0.000000 2229.276611 0.000000 0.815247 0.000000 0.579113 0.737088 0.737088 0.737088
1568.818481 0.000000 2232.773682 0.000000 0.523781 0.000000 0.851853 0.696153 0.696153 0.696153
1590.501343 0.000000 2229.512207 0.000000 0.565309 0.000000 0.824879 0.769943 0.769943 0.769943
1571.590210 0.000000 2212.485596 0.000000 0.922477 0.000000 0.386053 1.139442 1.139442 1.139442
1590.978027 0.000000 2235.591553 0.000000 0.330587 0.000000 0.943776 0.846204 0.846204 0.846204
1568.099365 0.000000 2233.401123 0.000000 0.074277 0.000000 0.997238 0.647573 0.647573 0.647573
1578.486694 0.000000 2232.409912 0.000000 0.607959 0.000000 0.793968 1.059846 1.059846 1.059846
1583.486938 0.000000 2226.768311 0.000000 0.970967 0.000000 -0.239214 1.228823 1.228823 1.228823
1572.129639 0.000000 2208.258301 0.000000 0.075751 0.000000 -0.997127 1.428415 1.428415 1.428415
1578.036621 0.000000 2233.975830 0.000000 0.797862 0.000000 -0.602840 1.298863 1.298863 1.298863
1572.139526 0.000000 2209.403076 0.000000 0.199803 0.000000 -0.979836 1.409266 1.409266 1.409266
1590.291992 0.000000 2234.719482 0.000000 0.134657 0.000000 -0.990892 1.187441 1.187441 1.187441
1579.880615 0.000000 2232.074463 0.000000 0.720024 0.000000 -0.693949 1.317183 1.317183 1.317183
1570.081177 0.000000 2213.661865 0.000000 0.863559 0.000000 -0.504248 1.280751 1.280751 1.280751
1582.484619 0.000000 2226.121338 0.000000 0.123090 0.000000 -0.992395 1.411857 1.411857 1.411857
1568.006958 0.000000 2212.367188 0.000000 0.880371 0.000000 0.474286 1.124499 1.124499 1.124499
1579.287842 0.000000 2232.667480 0.000000 0.256155 0.000000 0.966636 0.999579 0.999579 0.999579
1606.257690 0.000000 2206.856934 0.000000 0.634246 0.000000 -0.773131 0.890019 0.890019 0.890019
1605.220093 0.000000 2222.083252 0.000000 0.390068 0.000000 -0.920786 0.919185 0.919185 0.919185
1606.440918 0.000000 2207.613770 0.000000 0.924138 0.000000 -0.382058 0.839931 0.839931 0.839931
1599.901855 0.000000 2225.793457 0.000000 0.926762 0.000000 0.375648 0.760774 0.760774 0.760774
1609.287842 0.000000 2217.844482 0.000000 0.271926 0.000000 0.962318 0.668051 0.668051 0.668051
1601.317383 0.000000 2218.999268 0.000000 0.998986 0.000000 -0.045016 0.804587 0.804587 0.804587
1600.805176 0.000000 2212.038574 0.000000 0.525830 0.000000 -0.850590 0.903602 0.903602 0.903602
1600.593506 0.000000 2222.384766 0.000000 0.859119 0.000000 0.511777 0.745276 0.745276 0.745276
1608.655762 0.000000 2221.154785 0.000000 0.523848 0.000000 -0.851811 0.903839 0.903839 0.903839
1609.577148 0.000000 2214.426758 0.000000 0.827771 0.000000 -0.561067 0.860675 0.860675 0.860675
1600.854370 0.000000 2215.644287 0.000000 0.431415 0.000000 -0.902154 0.914565 0.914565 0.914565
1606.707153 0.000000 2215.883545 0.000000 0.259028 0.000000 -0.965870 0.933311 0.933311 0.933311
1600.074341 0.000000 2229.044678 0.000000 0.344392 0.000000 -0.938826 0.924187 0.924187 0.924187
1603.415894 0.000000 2217.423096 0.000000 0.083562 0.000000 0.996503 0.648521 0.648521 0.648521
1608.928223 0.000000 2239.109619 0.000000 0.788791 0.000000 -0.614661 0.867426 0.867426 0.867426
1607.401123 0.000000 2223.108887 0.000000 0.594987 0.000000 0.803735 0.704910 0.704910 0.704910
1606.175537 0.000000 2209.886963 0.000000 0.508010 0.000000 -0.861351 1.012278 1.012278 1.012278
1602.732178 0.000000 2212.942871 0.000000 0.231094 0.000000 -0.972931 0.936246 0.936246 0.936246
1599.806152 0.000000 2220.405518 0.000000 0.964547 0.000000 -0.263912 0.827204 0.827204 0.827204
1601.391846 0.000000 2224.471680 0.000000 0.370418 0.000000 0.928865 0.678651 0.678651 0.678651
1609.213013 0.000000 2223.755371 0.000000 0.316127 0.000000 0.948717 0.672762 0.672762 0.672762
1606.466064 0.000000 2220.653564 0.000000 0.995207 0.000000 0.097794 0.790023 0.790023 0.790023
1608.570312 0.000000 2216.100830 0.000000 0.891879 0.000000 -0.452275 0.847804 0.847804 0.847804
1601.709717 0.000000 2220.899170 0.000000 0.300534 0.000000 0.953771 0.671093 0.671093 0.671093
1602.650757 0.000000 2215.768555 0.000000 0.919994 0.000000 -0.391933 0.841022 0.841022 0.841022
1600.634766 0.000000 2227.435547 0.000000 0.223478 0.000000 -0.974709 0.937043 0.937043 0.937043
1601.691650 0.000000 2229.403076 0.000000 0.421065 0.000000 -0.907031 0.915730 0.915730 0.915730
1607.409180 0.000000 2208.820801 0.000000 0.824434 0.000000 0.565959 0.825631 0.825631 0.825631
1602.662231 0.000000 2214.357666 0.000000 0.734481 0.000000 0.678629 0.724024 0.724024 0.724024
1601.930054 0.000000 2228.031494 0.000000 0.085604 0.000000 0.996329 0.648730 0.648730 0.648730
1601.920776 0.000000 2222.192627 0.000000 0.935462 0.000000 0.353427 0.763205 0.763205 0.763205
1603.946777 0.000000 2213.406250 0.000000 0.828169 0.000000 -0.560478 0.860602 0.860602 0.860602
1606.143555 0.000000 2223.020020 0.000000 0.406813 0.000000 0.913511 0.682675 0.682675 0.682675
1601.517822 0.000000 2223.288818 0.000000 0.150230 0.000000 -0.988651 0.944640 0.944640 0.944640
1600.198242 0.000000 2214.648926 0.000000 0.999998 0.000000 -0.002045 0.800208 0.800208 0.800208
1600.866455 0.000000 2220.030029 0.000000 0.525802 0.000000 0.850607 0.696395 0.696395 0.696395
1600.857422 0.000000 2218.038086 0.000000 0.252692 0.000000 0.967547 0.666021 0.666021 0.666021
1601.011108 0.000000 2228.617432 0.000000 0.992667 0.000000 -0.120882 0.812343 0.812343 0.812343
1606.023926 0.000000 2208.634033 0.000000 0.995858 0.000000 0.090922 0.883753 0.883753 0.883753
1600.785278 0.000000 2229.707764 0.000000 0.141952 0.000000 0.989874 0.654508 0.654508 0.654508
1607.997681 0.000000 2209.531006 0.000000 0.993800 0.000000 -0.111181 0.906801 0.906801 0.906801
1591.303711 0.000000 2249.156250 0.000000 0.947872 0.000000 0.318652 0.766966 0.766966 0.766966
1583.291748 0.000000 2250.905762 0.000000 0.865090 0.000000 -0.501616 0.853524 0.853524 0.853524
1587.358154 0.000000 2265.994629 0.000000 0.930353 0.000000 -0.366664 0.838240 0.838240 0.838240
1574.444824 0.000000 2239.605957 0.000000 0.776887 0.000000 0.629640 0.730625 0.730625 0.730625
1581.022583 0.000000 2263.706543 0.000000 0.792383 0.000000 0.610024 0.733171 0.733171 0.733171
1577.291748 0.000000 2249.836670 0.000000 0.809999 0.000000 -0.586431 0.863830 0.863830 0.863830
1583.913208 0.000000 2271.188232 0.000000 0.485866 0.000000 0.874033 0.691679 0.691679 0.691679
1582.863159 0.000000 2240.628906 0.000000 0.122567 0.000000 -0.992460 1.421226 1.421226 1.421226
1587.250854 0.000000 2248.793945 0.000000 0.983390 0.000000 0.181506 0.781409 0.781409 0.781409
1583.410034 0.000000 2267.085938 0.000000 0.994398 0.000000 0.105703 0.789213 0.789213 0.789213
1585.143555 0.000000 2262.728516 0.000000 0.992892 0.000000 0.119016 0.787848 0.787848 0.787848
1576.659668 0.000000 2253.146973 0.000000 0.998670 0.000000 0.051551 0.794747 0.794747 0.794747
1577.581055 0.000000 2246.418945 0.000000 0.039873 0.000000 0.999205 0.921894 0.921894 0.921894
1580.199341 0.000000 2252.134521 0.000000 0.997873 0.000000 0.065186 0.793356 0.793356 0.793356
1582.180054 0.000000 2260.995605 0.000000 0.958173 0.000000 -0.286190 0.829564 0.829564 0.829564
1580.649170 0.000000 2249.294189 0.000000 0.054357 0.000000 -0.998522 0.954461 0.954461 0.954461
1589.546387 0.000000 2267.264404 0.000000 0.944140 0.000000 -0.329545 0.834207 0.834207 0.834207
1583.352173 0.000000 2264.522217 0.000000 0.937124 0.000000 0.348995 1.145531 1.145531 1.145531
1580.693970 0.000000 2241.633057 0.000000 0.997533 0.000000 -0.070197 0.807156 0.807156 0.807156
1584.265869 0.000000 2252.899414 0.000000 0.685418 0.000000 -0.728149 0.883078 0.883078 0.883078
1585.378540 0.000000 2250.329346 0.000000 0.716748 0.000000 0.697332 0.721399 0.721399 0.721399
1585.295288 0.000000 2265.617432 0.000000 0.548054 0.000000 -0.836443 1.351377 1.351377 1.351377
1590.836426 0.000000 2254.141846 0.000000 0.337845 0.000000 0.941202 1.012655 1.012655 1.012655
1578.191772 0.000000 2251.704102 0.000000 0.775365 0.000000 0.631513 0.730379 0.730379 0.730379
1586.247681 0.000000 2246.811279 0.000000 0.070853 0.000000 -0.997487 0.952777 0.952777 0.952777
1589.115112 0.000000 2264.712402 0.000000 0.271364 0.000000 0.962477 0.667992 0.667992 0.667992
1588.809814 0.000000 2259.750732 0.000000 0.276744 0.000000 -0.960944 0.931438 0.931438 0.931438
1582.113770 0.000000 2252.439941 0.000000 0.750733 0.000000 -0.660605 0.873504 0.873504 0.873504
1589.034912 0.000000 2256.413330 0.000000 0.514021 0.000000 -0.857778 0.905010 0.905010 0.905010
1578.572998 0.000000 2253.621582 0.000000 0.642215 0.000000 0.766525 0.711035 0.711035 0.711035
1586.789673 0.000000 2267.910400 0.000000 0.527714 0.000000 0.849422 0.696624 0.696624 0.696624
1585.811157 0.000000 2270.807129 0.000000 0.698520 0.000000 0.715590 0.718771 0.718771 0.718771
1576.574219 0.000000 2248.093018 0.000000 0.005678 0.000000 0.999984 0.640578 0.640578 0.640578
1582.023193 0.000000 2265.814209 0.000000 0.641083 0.000000 -0.767472 1.333673 1.333673 1.333673
1582.686890 0.000000 2262.794189 0.000000 0.122822 0.000000 -0.992429 0.947458 0.947458 0.947458
1579.387451 0.000000 2250.464844 0.000000 0.999518 0.000000 -0.031051 0.803163 0.803163 0.803163
1590.730103 0.000000 2255.867432 0.000000 0.993197 0.000000 0.116448 1.182168 1.182168 1.182168
1585.070557 0.000000 2254.377930 0.000000 0.822862 0.000000 -0.568241 1.292341 1.292341 1.292341
1590.734619 0.000000 2250.745850 0.000000 0.574094 0.000000 -0.818790 0.897713 0.897713 0.897713
1581.443848 0.000000 2250.793701 0.000000 0.788907 0.000000 -0.614513 0.867407 0.867407 0.867407
1582.966431 0.000000 2253.700439 0.000000 0.377773 0.000000 0.925898 0.679459 0.679459 0.679459
1580.109009 0.000000 2264.921143 0.000000 0.511463 0.000000 -0.859306 0.905313 0.905313 0.905313
1589.276855 0.000000 2258.327393 0.000000 0.701102 0.000000 -0.713061 0.880861 0.880861 0.880861
1584.905151 0.000000 2264.195068 0.000000 0.618791 0.000000 0.785556 1.061941 1.061941 1.061941
1588.075195 0.000000 2267.188477 0.000000 0.036838 0.000000 0.999321 0.643753 0.643753 0.643753
1579.989624 0.000000 2253.581055 0.000000 0.846271 0.000000 -0.532753 0.857230 0.857230 0.857230
1583.931396 0.000000 2265.766602 0.000000 0.984328 0.000000 -0.176347 1.227085 1.227085 1.227085
1583.886108 0.000000 2262.156494 0.000000 0.827450 0.000000 -0.561540 0.860733 0.860733 0.860733
1582.690186 0.000000 2270.627441 0.000000 0.649690 0.000000 -0.760199 0.887968 0.887968 0.887968
1583.709229 0.000000 2239.536865 0.000000 0.047081 0.000000 -0.998891 0.955203 0.955203 0.955203
1584.679443 0.000000 2270.180664 0.000000 0.804264 0.000000 -0.594272 0.864819 0.864819 0.864819
1585.536499 0.000000 2253.181641 0.000000 0.997318 0.000000 0.073188 0.792539 0.792539 0.792539
1584.755737 0.000000 2255.628174 0.000000 0.099738 0.000000 0.995014 0.975264 0.975264 0.975264
1576.969604 0.000000 2251.825928 0.000000 0.964168 0.000000 0.265292 0.772650 0.772650 0.772650
1586.493774 0.000000 2249.761963 0.000000 0.935750 0.000000 0.352663 0.763288 0.763288 0.763288
1583.972656 0.000000 2263.393799 0.000000 0.234832 0.000000 0.972036 0.664145 0.664145 0.664145
1579.088013 0.000000 2252.574707 0.000000 0.528068 0.000000 -0.849202 0.903333 0.903333 0.903333
1582.458862 0.000000 2250.127197 0.000000 0.515950 0.000000 -0.856619 0.904781 0.904781 0.904781
1591.556030 0.000000 2255.020752 0.000000 0.300268 0.000000 0.953855 1.006597 1.006597 1.006597
1578.211304 0.000000 2250.553467 0.000000 0.629457 0.000000 0.777036 0.709351 0.709351 0.709351
1573.215576 0.000000 2239.462646 0.000000 0.740113 0.000000 -0.672482 0.875127 0.875127 0.875127
1584.029541 0.000000 2254.015869 0.000000 0.949196 0.000000 -0.314685 1.248911 1.248911 1.248911
1590.255493 0.000000 2248.517822 0.000000 0.994492 0.000000 0.104815 0.789304 0.789304 0.789304
1591.962769 0.000000 2248.069824 0.000000 0.940514 0.000000 -0.339755 0.835310 0.835310 0.835310
1582.541260 0.000000 2239.612061 0.000000 0.906885 0.000000 -0.421379 0.844305 0.844305 0.844305
1579.297241 0.000000 2251.536621 0.000000 0.262789 0.000000 -0.964853 0.932914 0.932914 0.932914
1576.531006 0.000000 2246.411133 0.000000 0.825044 0.000000 -0.565069 1.232653 1.232653 1.232653
1582.326172 0.000000 2251.403564 0.000000 0.136106 0.000000 -0.990694 0.946093 0.946093 0.946093
1577.539062 0.000000 2247.498779 0.000000 0.367333 0.000000 -0.930090 1.319278 1.319278 1.319278
1583.415649 0.000000 2241.477783 0.000000 0.920690 0.000000 -0.390295 1.261261 1.261261 1.261261
1591.793701 0.000000 2255.980469 0.000000 0.934719 0.000000 0.355387 1.144488 1.144488 1.144488
1585.880127 0.000000 2264.228271 0.000000 0.976335 0.000000 -0.216262 1.233306 1.233306 1.233306
1591.989502 0.000000 2254.135742 0.000000 0.965480 0.000000 0.260477 1.159738 1.159738 1.159738
1584.454956 0.000000 2265.014160 0.000000 0.627547 0.000000 0.778579 1.063652 1.063652 1.063652
1582.675415 0.000000 2265.167236 0.000000 0.849258 0.000000 -0.527978 1.284984 1.284984 1.284984
1582.404297 0.000000 2241.323730 0.000000 0.236091 0.000000 0.971731 0.996416 0.996416 0.996416
1561.598755 0.000000 2275.994873 0.000000 0.987842 0.000000 -0.155463 0.815900 0.815900 0.815900
1563.522461 0.000000 2279.664062 0.000000 0.489435 0.000000 0.872040 0.692095 0.692095 0.692095
1560.693970 0.000000 2287.170654 0.000000 0.918086 0.000000 0.396381 0.758485 0.758485 0.758485
1563.562744 0.000000 2274.016357 0.000000 0.969831 0.000000 0.243778 0.774916 0.774916 0.774916
1563.020508 0.000000 2286.210693 0.000000 0.479133 0.000000 0.877743 0.690896 0.690896 0.690896
1563.790283 0.000000 2276.719482 0.000000 0.024064 0.000000 -0.999710 0.957549 0.957549 0.957549
1562.322876 0.000000 2278.093506 0.000000 0.230104 0.000000 0.973166 0.663650 0.663650 0.663650
1561.847290 0.000000 2284.519531 0.000000 0.308666 0.000000 0.951170 0.671962 0.671962 0.671962
1562.864014 0.000000 2287.852539 0.000000 0.864257 0.000000 0.503051 0.746307 0.746307 0.746307
1560.810547 0.000000 2277.436768 0.000000 0.553511 0.000000 -0.832842 0.900252 0.900252 0.900252
1561.792603 0.000000 2286.488770 0.000000 0.621855 0.000000 -0.783132 0.891641 0.891641 0.891641
1562.477051 0.000000 2276.833740 0.000000 0.738387 0.000000 0.674377 0.724612 0.724612 0.724612
1561.686401 0.000000 2287.985596 0.000000 0.753550 0.000000 0.657390 0.726931 0.726931 0.726931
1563.252319 0.000000 2277.586670 0.000000 0.110111 0.000000 0.993919 0.651239 0.651239 0.651239
1595.148193 0.000000 2297.465820 0.000000 0.718645 0.000000 -0.695377 0.878324 0.878324 0.878324
1579.411499 0.000000 2275.621582 0.000000 0.737423 0.000000 -0.675431 0.875534 0.875534 0.875534
1572.018799 0.000000 2278.677246 0.000000 0.999999 0.000000 -0.001655 1.200253 1.200253 1.200253
1585.806396 0.000000 2276.846924 0.000000 0.824489 0.000000 0.565878 0.738732 0.738732 0.738732
1588.772705 0.000000 2286.533203 0.000000 0.654344 0.000000 0.756197 0.712658 0.712658 0.712658
1591.463379 0.000000 2300.933594 0.000000 0.682048 0.000000 0.731307 0.716451 0.716451 0.716451
1582.863159 0.000000 2272.621094 0.000000 0.596688 0.000000 -0.802473 0.894875 0.894875 0.894875
1587.250854 0.000000 2280.786133 0.000000 0.961803 0.000000 -0.273742 0.828244 0.828244 0.828244
1595.518555 0.000000 2279.664062 0.000000 0.287063 0.000000 0.957912 0.669657 0.669657 0.669657
1589.656860 0.000000 2275.754883 0.000000 0.999831 0.000000 -0.018372 0.801871 0.801871 0.801871
1593.894775 0.000000 2271.495361 0.000000 0.950123 0.000000 -0.311875 0.832306 0.832306 0.832306
1587.832397 0.000000 2289.949219 0.000000 0.808331 0.000000 -0.588728 0.864119 0.864119 0.864119
1598.224365 0.000000 2298.463379 0.000000 0.098990 0.000000 -0.995088 0.949900 0.949900 0.949900
1598.567627 0.000000 2290.618896 0.000000 0.995793 0.000000 0.091627 0.790654 0.790654 0.790654
1574.711060 0.000000 2279.867920 0.000000 0.999257 0.000000 0.038553 0.796072 0.796072 0.796072
1584.472168 0.000000 2280.357666 0.000000 0.999584 0.000000 -0.028834 0.802937 0.802937 0.802937
1590.526489 0.000000 2289.566406 0.000000 0.886170 0.000000 0.463360 1.126389 1.126389 1.126389
1586.235229 0.000000 2287.680420 0.000000 0.550207 0.000000 0.835028 0.699344 0.699344 0.699344
1571.419800 0.000000 2281.407471 0.000000 0.956118 0.000000 -0.292981 1.009369 1.009369 1.009369
1597.409424 0.000000 2296.078613 0.000000 0.385569 0.000000 -0.922679 0.919682 0.919682 0.919682
1589.546387 0.000000 2299.256592 0.000000 0.942757 0.000000 0.333480 0.765369 0.765369 0.765369
1580.693970 0.000000 2273.625244 0.000000 0.710138 0.000000 0.704062 0.720438 0.720438 0.720438
1595.786377 0.000000 2276.719482 0.000000 0.992603 0.000000 -0.121402 1.210630 1.210630 1.210630
1584.990479 0.000000 2271.690674 0.000000 0.993784 0.000000 0.111330 0.788637 0.788637 0.788637
1593.046753 0.000000 2279.606201 0.000000 0.949241 0.000000 0.314550 0.767407 0.767407 0.767407
1587.506470 0.000000 2275.334229 0.000000 0.069632 0.000000 0.997573 0.647098 0.647098 0.647098
1585.378540 0.000000 2282.321533 0.000000 0.858994 0.000000 0.511986 0.745251 0.745251 0.745251
1598.444824 0.000000 2288.081543 0.000000 0.992525 0.000000 0.122041 1.181307 1.181307 1.181307
1589.034912 0.000000 2288.405518 0.000000 0.871491 0.000000 0.490412 0.747791 0.747791 0.747791
1582.559448 0.000000 2291.206787 0.000000 0.953101 0.000000 -0.302654 0.831319 0.831319 0.831319
1593.532593 0.000000 2273.280029 0.000000 0.886061 0.000000 0.463568 0.750902 0.750902 0.750902
1573.101318 0.000000 2280.824463 0.000000 0.764375 0.000000 -0.644772 0.871375 0.871375 0.871375
1579.091309 0.000000 2277.388184 0.000000 0.639145 0.000000 0.769087 0.710628 0.710628 0.710628
1587.406494 0.000000 2282.724854 0.000000 0.951093 0.000000 0.308903 0.768012 0.768012 0.768012
1573.724243 0.000000 2278.180176 0.000000 0.469372 0.000000 -0.883000 1.365351 1.365351 1.365351
1570.654663 0.000000 2279.752930 0.000000 0.991076 0.000000 0.133297 0.786382 0.786382 0.786382
1589.143677 0.000000 2301.002686 0.000000 0.703581 0.000000 0.710615 0.719493 0.719493 0.719493
1589.799927 0.000000 2277.477051 0.000000 0.829979 0.000000 0.557795 0.739727 0.739727 0.739727
1596.751221 0.000000 2297.801514 0.000000 0.064604 0.000000 0.997911 0.646585 0.646585 0.646585
1592.806641 0.000000 2277.436768 0.000000 0.807810 0.000000 -0.589443 0.864209 0.864209 0.864209
1588.338867 0.000000 2276.610840 0.000000 0.837985 0.000000 -0.545694 0.858795 0.858795 0.858795
1583.305908 0.000000 2289.826660 0.000000 0.914561 0.000000 0.404447 0.757589 0.757589 0.757589
1597.346558 0.000000 2276.720459 0.000000 0.937752 0.000000 0.347306 0.763871 0.763871 0.763871
1586.475586 0.000000 2289.150879 0.000000 0.291581 0.000000 -0.956546 0.929862 0.929862 0.929862
1584.346924 0.000000 2273.054932 0.000000 0.021438 0.000000 0.999770 0.642184 0.642184 0.642184
1588.075195 0.000000 2299.180664 0.000000 0.212866 0.000000 -0.977081 0.938151 0.938151 0.938151
1570.666138 0.000000 2278.342041 0.000000 0.083231 0.000000 -0.996530 0.951512 0.951512 0.951512
1595.959961 0.000000 2296.061768 0.000000 0.880314 0.000000 -0.474391 0.850346 0.850346 0.850346
1599.146851 0.000000 2289.312988 0.000000 0.003329 0.000000 -0.999994 1.439491 1.439491 1.439491
1586.998169 0.000000 2277.524170 0.000000 0.953935 0.000000 -0.300015 0.831037 0.831037 0.831037
1584.850464 0.000000 2279.068848 0.000000 0.808102 0.000000 0.589043 0.735842 0.735842 0.735842
1573.140503 0.000000 2279.448486 0.000000 0.889126 0.000000 -0.457662 1.272630 1.272630 1.272630
1583.121338 0.000000 2288.455811 0.000000 0.597758 0.000000 -0.801677 0.894739 0.894739 0.894739
1571.923584 0.000000 2280.036377 0.000000 0.837900 0.000000 0.545824 0.901054 0.901054 0.901054
1583.709229 0.000000 2271.529053 0.000000 0.996447 0.000000 -0.084224 0.808589 0.808589 0.808589
1597.922241 0.000000 2297.226074 0.000000 0.185826 0.000000 0.982583 0.659039 0.659039 0.659039
1580.365356 0.000000 2272.426758 0.000000 0.856334 0.000000 0.516423 0.744724 0.744724 0.744724
1594.473145 0.000000 2276.833740 0.000000 0.699584 0.000000 0.714550 1.071335 1.071335 1.071335
1583.627930 0.000000 2291.867920 0.000000 0.663656 0.000000 -0.748038 0.886081 0.886081 0.886081
1581.675415 0.000000 2272.736328 0.000000 0.261515 0.000000 -0.965199 0.933049 0.933049 0.933049
1579.848999 0.000000 2274.472656 0.000000 0.188572 0.000000 -0.982059 0.940677 0.940677 0.940677
1585.386353 0.000000 2278.022217 0.000000 0.386871 0.000000 0.922134 0.680462 0.680462 0.680462
1592.476807 0.000000 2278.594238 0.000000 0.999493 0.000000 0.031851 0.796755 0.796755 0.796755
1586.866455 0.000000 2276.354736 0.000000 0.994641 0.000000 -0.103389 0.810550 0.810550 0.810550
1587.464600 0.000000 2283.866699 0.000000 0.721761 0.000000 0.692142 0.722134 0.722134 0.722134
1585.415161 0.000000 2273.521973 0.000000 0.571163 0.000000 0.820837 0.701922 0.701922 0.701922
1587.648071 0.000000 2288.712646 0.000000 0.896699 0.000000 0.442642 0.753293 0.753293 0.753293
1592.497559 0.000000 2272.831543 0.000000 0.171498 0.000000 -0.985184 0.942445 0.942445 0.942445
1591.577881 0.000000 2289.938721 0.000000 0.742563 0.000000 0.669776 1.087867 1.087867 1.087867
1586.260620 0.000000 2283.052246 0.000000 0.861694 0.000000 -0.507428 0.854209 0.854209 0.854209
1573.007324 0.000000 2281.925781 0.000000 0.359272 0.000000 -0.933233 0.922568 0.922568 0.922568
1578.309937 0.000000 2275.531982 0.000000 0.336905 0.000000 0.941539 0.675002 0.675002 0.675002
1584.703491 0.000000 2277.109375 0.000000 0.210881 0.000000 0.977512 0.661643 0.661643 0.661643
1598.155396 0.000000 2289.629639 0.000000 0.154572 0.000000 0.987982 0.983712 0.983712 0.983712
1570.469971 0.000000 2281.829102 0.000000 0.693542 0.000000 0.720416 0.872941 0.872941 0.872941
1595.248413 0.000000 2277.586670 0.000000 0.374455 0.000000 0.927245 1.011984 1.011984 1.011984
1592.786133 0.000000 2273.979736 0.000000 0.370154 0.000000 -0.928971 0.921378 0.921378 0.921378
1591.138916 0.000000 2288.762451 0.000000 0.436158 0.000000 -0.899870 1.371043 1.371043 1.371043
1570.599121 0.000000 2280.843750 0.000000 0.280542 0.000000 -0.959842 1.131847 1.131847 1.131847
1572.882446 0.000000 2278.495117 0.000000 0.503804 0.000000 -0.863818 1.359328 1.359328 1.359328
1573.975586 0.000000 2279.338135 0.000000 0.591915 0.000000 -0.806000 1.343219 1.343219 1.343219
1611.407593 0.000000 2243.629395 0.000000 0.532405 0.000000 -0.846490 0.902812 0.902812 0.902812
1607.550415 0.000000 2261.618896 0.000000 0.798221 0.000000 0.602365 0.734152 0.734152 0.734152
1606.440918 0.000000 2239.605957 0.000000 0.666316 0.000000 0.745669 0.714282 0.714282 0.714282
1609.287842 0.000000 2249.836670 0.000000 0.094570 0.000000 0.995518 0.649647 0.649647 0.649647
1609.577148 0.000000 2246.418945 0.000000 0.978325 0.000000 -0.207076 0.821246 0.821246 0.821246
1608.905029 0.000000 2241.400146 0.000000 0.111080 0.000000 0.993811 0.977007 0.977007 0.977007
1605.850098 0.000000 2259.548096 0.000000 0.082873 0.000000 0.996560 0.648451 0.648451 0.648451
1608.642700 0.000000 2267.082764 0.000000 0.664733 0.000000 0.747081 0.770071 0.770071 0.770071
1607.321411 0.000000 2263.995361 0.000000 0.478684 0.000000 -0.877987 0.909157 0.909157 0.909157
1611.793701 0.000000 2247.127197 0.000000 0.412176 0.000000 -0.911104 0.916726 0.916726 0.916726
1606.175537 0.000000 2241.879150 0.000000 0.954395 0.000000 -0.298547 0.830881 0.830881 0.830881
1610.187866 0.000000 2251.704102 0.000000 0.261577 0.000000 0.965182 0.666958 0.666958 0.666958
1605.052124 0.000000 2261.330322 0.000000 0.937223 0.000000 -0.348731 0.836284 0.836284 0.836284
1610.757080 0.000000 2241.788818 0.000000 0.336803 0.000000 0.941575 0.674991 0.674991 0.674991
1610.769775 0.000000 2248.684082 0.000000 0.242519 0.000000 0.970147 0.997427 0.997427 0.997427
1608.570312 0.000000 2248.093018 0.000000 0.351975 0.000000 -0.936009 0.923363 0.923363 0.923363
1608.359619 0.000000 2239.670898 0.000000 0.413141 0.000000 -0.910667 0.916618 0.916618 0.916618
1611.383545 0.000000 2250.464844 0.000000 0.999905 0.000000 0.013778 0.798597 0.798597 0.798597
1608.501465 0.000000 2268.934570 0.000000 0.733733 0.000000 0.679437 0.723912 0.723912 0.723912
1613.380981 0.000000 2243.117188 0.000000 0.999982 0.000000 0.006034 0.799385 0.799385 0.799385
1609.863403 0.000000 2240.170166 0.000000 0.344680 0.000000 0.938720 1.013766 1.013766 1.013766
1606.464844 0.000000 2262.711182 0.000000 0.740490 0.000000 -0.672068 0.875070 0.875070 0.875070
1607.409180 0.000000 2240.812988 0.000000 0.759485 0.000000 -0.650525 0.872144 0.872144 0.872144
1606.508911 0.000000 2260.764893 0.000000 0.987593 0.000000 -0.157034 0.816062 0.816062 0.816062
1610.557983 0.000000 2247.378418 0.000000 0.462526 0.000000 -0.886606 0.911022 0.911022 0.911022
1609.476196 0.000000 2267.992188 0.000000 0.885601 0.000000 -0.464447 0.915803 0.915803 0.915803
1611.927490 0.000000 2248.314453 0.000000 0.959027 0.000000 0.283316 1.156111 1.156111 1.156111
1611.845093 0.000000 2242.480469 0.000000 0.997088 0.000000 0.076266 0.792224 0.792224 0.792224
1607.709351 0.000000 2262.709473 0.000000 0.843953 0.000000 -0.536417 0.857671 0.857671 0.857671
1611.345215 0.000000 2240.835938 0.000000 0.342890 0.000000 -0.939376 0.924350 0.924350 0.924350
1610.306030 0.000000 2243.539795 0.000000 0.563677 0.000000 -0.825995 0.899004 0.899004 0.899004
1611.567139 0.000000 2249.380615 0.000000 0.040320 0.000000 -0.999187 1.433838 1.433838 1.433838
1608.131836 0.000000 2267.980469 0.000000 0.148355 0.000000 -0.988934 1.018937 1.018937 1.018937
1610.380249 0.000000 2249.587646 0.000000 0.608638 0.000000 0.793448 1.059976 1.059976 1.059976
1609.878540 0.000000 2241.139160 0.000000 0.988469 0.000000 -0.151421 1.223225 1.223225 1.223225
1608.911377 0.000000 2240.440430 0.000000 0.340747 0.000000 -0.940155 1.386874 1.386874 1.386874
1610.131348 0.000000 2248.130859 0.000000 0.789991 0.000000 0.613118 1.099159 1.099159 1.099159
1599.960083 0.000000 2296.179199 0.000000 0.013971 0.000000 -0.999902 0.958577 0.958577 0.958577
1607.550415 0.000000 2293.611084 0.000000 0.592009 0.000000 0.805931 0.704533 0.704533 0.704533
1604.014893 0.000000 2278.677246 0.000000 0.563380 0.000000 0.826198 0.700960 0.700960 0.700960
1599.901855 0.000000 2289.777832 0.000000 0.163357 0.000000 0.986567 0.985071 0.985071 0.985071
1600.805176 0.000000 2276.022949 0.000000 0.467546 0.000000 -0.883969 1.365666 1.365666 1.365666
1607.670532 0.000000 2289.405762 0.000000 0.512055 0.000000 0.858953 0.694757 0.694757 0.694757
1608.655762 0.000000 2285.139160 0.000000 0.208164 0.000000 -0.978094 0.938640 0.938640 0.938640
1599.943848 0.000000 2299.489990 0.000000 0.954363 0.000000 -0.298650 0.830892 0.830892 0.830892
1600.854370 0.000000 2279.628662 0.000000 0.614587 0.000000 0.788849 0.707417 0.707417 0.707417
1603.415894 0.000000 2281.407471 0.000000 0.906977 0.000000 0.421180 0.755717 0.755717 0.755717
1602.094482 0.000000 2290.656982 0.000000 0.696257 0.000000 0.717793 0.718449 0.718449 0.718449
1607.321411 0.000000 2295.987549 0.000000 0.022648 0.000000 -0.999744 0.957693 0.957693 0.957693
1607.401123 0.000000 2287.093262 0.000000 0.895892 0.000000 -0.444272 0.846892 0.846892 0.846892
1601.391846 0.000000 2288.456055 0.000000 0.939902 0.000000 0.341445 0.764507 0.764507 0.764507
1609.213013 0.000000 2287.739746 0.000000 0.577186 0.000000 -0.816613 0.897328 0.897328 0.897328
1600.956543 0.000000 2297.846191 0.000000 0.129634 0.000000 -0.991562 0.946758 0.946758 0.946758
1605.097412 0.000000 2280.824463 0.000000 0.999998 0.000000 0.002186 0.878187 0.878187 0.878187
1601.204956 0.000000 2277.858398 0.000000 0.585512 0.000000 -0.810664 1.344429 1.344429 1.344429
1603.827759 0.000000 2291.148193 0.000000 0.999705 0.000000 0.024291 0.797526 0.797526 0.797526
1600.634766 0.000000 2291.419922 0.000000 0.988993 0.000000 0.147962 0.784873 0.784873 0.784873
1599.813232 0.000000 2288.114990 0.000000 0.839365 0.000000 -0.543569 1.287805 1.287805 1.287805
1606.464844 0.000000 2294.703369 0.000000 0.814612 0.000000 0.580006 0.736976 0.736976 0.736976
1601.833862 0.000000 2296.591064 0.000000 0.721362 0.000000 -0.692559 0.877925 0.877925 0.877925
1609.381226 0.000000 2286.344727 0.000000 0.992916 0.000000 -0.118815 0.812131 0.812131 0.812131
1606.508911 0.000000 2292.757080 0.000000 0.977448 0.000000 -0.211176 0.821673 0.821673 0.821673
1601.161621 0.000000 2289.746094 0.000000 0.726691 0.000000 0.686964 0.722862 0.722862 0.722862
1606.143555 0.000000 2287.004395 0.000000 0.701647 0.000000 0.712525 0.719217 0.719217 0.719217
1608.025635 0.000000 2288.162354 0.000000 0.481266 0.000000 -0.876575 0.908857 0.908857 0.908857
1609.029419 0.000000 2288.970703 0.000000 0.686970 0.000000 -0.726686 0.882861 0.882861 0.882861
1600.181763 0.000000 2277.169434 0.000000 0.962908 0.000000 0.269829 1.158256 1.158256 1.158256
1601.078003 0.000000 2299.129639 0.000000 0.978815 0.000000 0.204747 0.778996 0.778996 0.778996
1601.617432 0.000000 2276.811523 0.000000 0.080498 0.000000 -0.996755 1.427687 1.427687 1.427687
1605.003418 0.000000 2281.925781 0.000000 0.287750 0.000000 0.957705 0.735390 0.735390 0.735390
1607.709351 0.000000 2294.701660 0.000000 0.993329 0.000000 -0.115315 0.811772 0.811772 0.811772
1608.306274 0.000000 2286.326172 0.000000 0.726665 0.000000 0.686992 0.722858 0.722858 0.722858
1602.808960 0.000000 2291.440674 0.000000 0.770681 0.000000 0.637221 0.729627 0.729627 0.729627
1605.807251 0.000000 2280.186768 0.000000 0.516669 0.000000 -0.856185 0.993391 0.993391 0.993391
1807.885864 0.000000 2111.227295 0.000000 0.075598 0.000000 0.997138 0.647708 0.647708 0.647708
1794.630127 0.000000 2109.469238 0.000000 0.691663 0.000000 0.722220 0.717799 0.717799 0.717799
1817.555664 0.000000 2102.600586 0.000000 0.708131 0.000000 0.706081 0.720148 0.720148 0.720148
1819.582642 0.000000 2102.608887 0.000000 0.086731 0.000000 0.996232 0.648845 0.648845 0.648845
1809.783813 0.000000 2110.846191 0.000000 0.672104 0.000000 0.740457 0.715075 0.715075 0.715075
1818.554321 0.000000 2103.909424 0.000000 0.612802 0.000000 -0.790237 0.892814 0.892814 0.892814
1816.296875 0.000000 2103.581299 0.000000 0.815245 0.000000 0.579117 0.737087 0.737087 0.737087
1797.262329 0.000000 2109.078125 0.000000 0.086880 0.000000 -0.996219 0.951139 0.951139 0.951139
1795.939819 0.000000 2109.037598 0.000000 0.186867 0.000000 -0.982385 0.940853 0.940853 0.940853
1816.294067 0.000000 2102.043457 0.000000 0.937657 0.000000 -0.347562 0.836157 0.836157 0.836157
1808.652100 0.000000 2110.219727 0.000000 0.120738 0.000000 0.992684 0.652328 0.652328 0.652328
1795.119507 0.000000 2108.182129 0.000000 0.218066 0.000000 0.975934 0.662392 0.662392 0.662392
1847.272461 0.000000 2089.195312 0.000000 0.998310 0.000000 -0.058110 0.805922 0.805922 0.805922
1829.192749 0.000000 2094.114502 0.000000 0.051475 0.000000 0.998674 0.967868 0.967868 0.967868
1851.116943 0.000000 2105.512695 0.000000 0.132107 0.000000 -0.991235 1.419756 1.419756 1.419756
1840.384033 0.000000 2098.954834 0.000000 0.078087 0.000000 0.996947 0.971943 0.971943 0.971943
1852.338989 0.000000 2096.591064 0.000000 0.736287 0.000000 0.676670 0.724295 0.724295 0.724295
1839.260498 0.000000 2090.944824 0.000000 0.793192 0.000000 -0.608972 1.300041 1.300041 1.300041
1831.523071 0.000000 2101.657959 0.000000 0.992766 0.000000 0.120062 1.181612 1.181612 1.181612
1846.777222 0.000000 2100.357178 0.000000 0.953140 0.000000 0.302528 0.768694 0.768694 0.768694
1844.741455 0.000000 2094.580078 0.000000 0.997537 0.000000 0.070141 0.792850 0.792850 0.792850
1836.991333 0.000000 2103.745605 0.000000 0.994889 0.000000 -0.100973 1.215454 1.215454 1.215454
1833.260498 0.000000 2089.875732 0.000000 0.830390 0.000000 0.557182 0.739802 0.739802 0.739802
1849.563599 0.000000 2084.041748 0.000000 0.202823 0.000000 -0.979215 0.939196 0.939196 0.939196
1847.432129 0.000000 2108.980469 0.000000 0.085740 0.000000 0.996318 0.648744 0.648744 0.648744
1830.242798 0.000000 2106.271240 0.000000 0.896005 0.000000 0.444044 0.753134 0.753134 0.753134
1853.312866 0.000000 2101.525635 0.000000 0.962251 0.000000 -0.272164 1.242115 1.242115 1.242115
1853.435425 0.000000 2109.714111 0.000000 0.886894 0.000000 -0.461972 0.848915 0.848915 0.848915
1827.140381 0.000000 2100.833496 0.000000 0.064414 0.000000 0.997923 0.646566 0.646566 0.646566
1851.487305 0.000000 2087.710938 0.000000 0.711209 0.000000 -0.702981 0.879407 0.879407 0.879407
1839.378784 0.000000 2107.125000 0.000000 0.851947 0.000000 0.523628 0.743865 0.743865 0.743865
1838.066895 0.000000 2086.916016 0.000000 0.432440 0.000000 -0.901663 1.371673 1.371673 1.371673
1835.569946 0.000000 2099.453613 0.000000 0.478856 0.000000 0.877893 0.690864 0.690864 0.690864
1847.093262 0.000000 2104.983643 0.000000 0.721524 0.000000 0.692389 0.722099 0.722099 0.722099
1831.643188 0.000000 2097.452637 0.000000 0.735094 0.000000 0.677966 1.086174 1.086174 1.086174
1839.511963 0.000000 2095.185791 0.000000 0.343032 0.000000 0.939324 0.675665 0.675665 0.675665
1841.112305 0.000000 2102.767578 0.000000 0.935149 0.000000 0.354255 0.987561 0.987561 0.987561
1843.452759 0.000000 2109.880371 0.000000 0.908050 0.000000 0.418862 0.755977 0.755977 0.755977
1855.210205 0.000000 2094.119385 0.000000 0.382384 0.000000 -0.924004 0.920033 0.920033 0.920033
1850.366333 0.000000 2099.558105 0.000000 0.688302 0.000000 0.725424 1.075989 1.075989 1.075989
1833.550049 0.000000 2104.812988 0.000000 0.682486 0.000000 -0.730899 1.325231 1.325231 1.325231
1843.801147 0.000000 2097.996094 0.000000 0.998274 0.000000 -0.058727 1.208978 1.208978 1.208978
1828.129639 0.000000 2097.464355 0.000000 0.331681 0.000000 -0.943391 1.388344 1.388344 1.388344
1844.462036 0.000000 2102.820068 0.000000 0.800052 0.000000 -0.599930 0.865538 0.865538 0.865538
1842.347412 0.000000 2092.254639 0.000000 0.753635 0.000000 0.657293 1.090417 1.090417 1.090417
1836.168091 0.000000 2092.173584 0.000000 0.998940 0.000000 -0.046041 0.804691 0.804691 0.804691
1849.551758 0.000000 2102.600586 0.000000 0.986620 0.000000 -0.163035 1.225022 1.225022 1.225022
1828.954590 0.000000 2103.338135 0.000000 0.350037 0.000000 -0.936736 0.923574 0.923574 0.923574
1854.536377 0.000000 2098.665771 0.000000 0.328999 0.000000 -0.944330 1.388779 1.388779 1.388779
1850.370605 0.000000 2109.596191 0.000000 0.630293 0.000000 -0.776357 0.890539 0.890539 0.890539
1838.148804 0.000000 2101.034668 0.000000 0.819762 0.000000 -0.572704 1.293171 1.293171 1.293171
1836.072266 0.000000 2106.489014 0.000000 0.552313 0.000000 -0.833637 0.900399 0.900399 0.900399
1847.328125 0.000000 2086.195068 0.000000 0.980760 0.000000 -0.195216 1.173745 1.173745 1.173745
1834.330688 0.000000 2102.022217 0.000000 0.998880 0.000000 -0.047308 1.207231 1.207231 1.207231
1845.091064 0.000000 2091.263672 0.000000 0.264676 0.000000 0.964337 0.667285 0.667285 0.667285
1836.617920 0.000000 2089.333252 0.000000 0.510086 0.000000 -0.860123 1.358214 1.358214 1.358214
1840.440918 0.000000 2088.404541 0.000000 0.217817 0.000000 -0.975990 1.323719 1.323719 1.323719
1842.812256 0.000000 2100.601318 0.000000 0.637780 0.000000 0.770219 0.710447 0.710447 0.710447
1846.495239 0.000000 2097.613281 0.000000 0.273987 0.000000 -0.961733 0.931730 0.931730 0.931730
1842.203979 0.000000 2095.727295 0.000000 0.788270 0.000000 0.615330 1.098731 1.098731 1.098731
1829.822754 0.000000 2099.587158 0.000000 0.999568 0.000000 0.029385 1.195510 1.195510 1.195510
1849.837402 0.000000 2089.754883 0.000000 0.525337 0.000000 0.850895 0.696339 0.696339 0.696339
1853.378174 0.000000 2104.125488 0.000000 0.660761 0.000000 0.750596 1.070288 1.070288 1.070288
1848.956177 0.000000 2106.879639 0.000000 0.009768 0.000000 0.999952 0.961492 0.961492 0.961492
1832.615356 0.000000 2107.121826 0.000000 0.059307 0.000000 -0.998240 0.953956 0.953956 0.953956
1841.154297 0.000000 2109.026367 0.000000 0.121902 0.000000 -0.992542 0.947552 0.947552 0.947552
1833.024536 0.000000 2099.679688 0.000000 0.282060 0.000000 0.959397 0.669126 0.669126 0.669126
1826.885620 0.000000 2095.214600 0.000000 0.769243 0.000000 0.638956 0.729397 0.729397 0.729397
1839.320923 0.000000 2104.561279 0.000000 0.460014 0.000000 -0.887911 1.366965 1.366965 1.366965
1852.012451 0.000000 2107.766602 0.000000 0.998033 0.000000 -0.062691 0.806390 0.806390 0.806390
1826.067139 0.000000 2098.703857 0.000000 0.910334 0.000000 0.413874 0.756536 0.756536 0.756536
1831.294067 0.000000 2104.034424 0.000000 0.983438 0.000000 -0.181243 1.227846 1.227846 1.227846
1851.755127 0.000000 2084.766357 0.000000 0.966500 0.000000 0.256665 0.773560 0.773560 0.773560
1831.373779 0.000000 2095.140137 0.000000 0.103512 0.000000 -0.994628 0.949437 0.949437 0.949437
1849.015503 0.000000 2087.653076 0.000000 0.769023 0.000000 0.639221 1.094043 1.094043 1.094043
1840.234619 0.000000 2092.938477 0.000000 0.950902 0.000000 0.309492 1.151924 1.151924 1.151924
1847.045166 0.000000 2102.482666 0.000000 0.896733 0.000000 0.442571 1.129952 1.129952 1.129952
1841.347290 0.000000 2090.368408 0.000000 0.573876 0.000000 -0.818942 1.346611 1.346611 1.346611
1852.539551 0.000000 2099.423828 0.000000 0.726162 0.000000 0.687524 1.084175 1.084175 1.084175
1848.302368 0.000000 2098.820801 0.000000 0.688382 0.000000 -0.725348 0.882663 0.882663 0.882663
1854.413574 0.000000 2096.128418 0.000000 0.834633 0.000000 -0.550806 0.859418 0.859418 0.859418
1841.264038 0.000000 2105.656494 0.000000 0.367532 0.000000 0.930011 0.678335 0.678335 0.678335
1839.950928 0.000000 2085.996094 0.000000 0.845716 0.000000 0.533632 0.742665 0.742665 0.742665
1855.769897 0.000000 2085.881104 0.000000 0.616510 0.000000 0.787347 0.707665 0.707665 0.707665
1834.160522 0.000000 2091.743164 0.000000 0.834713 0.000000 -0.550686 0.859403 0.859403 0.859403
1840.605713 0.000000 2096.935791 0.000000 0.035507 0.000000 -0.999369 0.956383 0.956383 0.956383
1851.578735 0.000000 2102.608887 0.000000 0.923408 0.000000 0.383820 1.139812 1.139812 1.139812
1844.778564 0.000000 2099.789795 0.000000 0.564072 0.000000 -0.825725 1.128101 1.128101 1.128101
1850.287720 0.000000 2086.140381 0.000000 0.955764 0.000000 -0.294135 0.830410 0.830410 0.830410
1829.793457 0.000000 2096.324951 0.000000 0.364854 0.000000 0.931065 1.017063 1.017063 1.017063
1854.846680 0.000000 2081.618164 0.000000 0.084795 0.000000 0.996398 0.648647 0.648647 0.648647
1855.031250 0.000000 2102.478027 0.000000 0.206843 0.000000 0.978374 0.661222 0.661222 0.661222
1838.564087 0.000000 2089.016357 0.000000 0.121029 0.000000 -0.992649 1.421463 1.421463 1.421463
1829.024780 0.000000 2101.369385 0.000000 0.773870 0.000000 0.633345 0.730138 0.730138 0.730138
1840.286011 0.000000 2100.920898 0.000000 0.078508 0.000000 -0.996913 1.427993 1.427993 1.427993
1836.314209 0.000000 2101.919434 0.000000 0.999259 0.000000 0.038480 1.194119 1.194119 1.194119
1849.239746 0.000000 2104.843506 0.000000 0.233174 0.000000 -0.972435 1.404043 1.404043 1.404043
1838.082520 0.000000 2092.479004 0.000000 0.319970 0.000000 0.947428 0.673175 0.673175 0.673175
1847.540405 0.000000 2084.050781 0.000000 0.948745 0.000000 0.316042 0.767247 0.767247 0.767247
1845.003662 0.000000 2096.452393 0.000000 0.318612 0.000000 0.947885 1.009544 1.009544 1.009544
1841.779907 0.000000 2110.846191 0.000000 0.896894 0.000000 -0.442245 0.846662 0.846662 0.846662
1848.761108 0.000000 2100.774414 0.000000 0.980799 0.000000 -0.195021 1.229989 1.229989 1.229989
1834.742432 0.000000 2088.723145 0.000000 0.764901 0.000000 -0.644147 0.871292 0.871292 0.871292
1837.991943 0.000000 2105.853271 0.000000 0.243851 0.000000 0.969813 0.997637 0.997637 0.997637
1838.655640 0.000000 2102.833252 0.000000 0.971775 0.000000 -0.235909 1.236387 1.236387 1.236387
1838.528198 0.000000 2099.253662 0.000000 0.999899 0.000000 0.014196 0.798554 0.798554 0.798554
1854.995239 0.000000 2100.526611 0.000000 0.704378 0.000000 -0.709825 1.320588 1.320588 1.320588
1849.501343 0.000000 2081.326904 0.000000 0.263816 0.000000 0.964573 1.000791 1.000791 1.000791
1844.147583 0.000000 2092.833984 0.000000 0.833691 0.000000 -0.552232 1.289387 1.289387 1.289387
1835.054443 0.000000 2103.658936 0.000000 0.813025 0.000000 -0.582229 1.294953 1.294953 1.294953
1842.798096 0.000000 2094.023682 0.000000 0.740026 0.000000 0.672579 1.087290 1.087290 1.087290
1832.798584 0.000000 2102.959961 0.000000 0.523566 0.000000 -0.851985 1.355809 1.355809 1.355809
1834.350952 0.000000 2106.857178 0.000000 1.000000 0.000000 -0.000850 0.800087 0.800087 0.800087
1843.375244 0.000000 2090.771729 0.000000 0.705756 0.000000 0.708455 0.832717 0.832717 0.832717
1827.800415 0.000000 2099.195068 0.000000 0.999957 0.000000 -0.009234 0.800941 0.800941 0.800941
1842.147339 0.000000 2098.672607 0.000000 0.718505 0.000000 0.695522 1.082483 1.082483 1.082483
1835.356201 0.000000 2090.503906 0.000000 0.996201 0.000000 0.087082 0.791119 0.791119 0.791119
1851.309204 0.000000 2098.117188 0.000000 0.938070 0.000000 -0.346445 1.254053 1.254053 1.254053
1837.482788 0.000000 2107.539551 0.000000 0.982631 0.000000 0.185572 0.780988 0.780988 0.780988
1841.039307 0.000000 2094.416992 0.000000 0.037102 0.000000 0.999312 0.643780 0.643780 0.643780
1851.652466 0.000000 2100.908203 0.000000 0.943241 0.000000 -0.332108 1.251725 1.251725 1.251725
1837.412598 0.000000 2090.832764 0.000000 0.833983 0.000000 -0.551790 1.213465 1.213465 1.213465
1847.149536 0.000000 2106.689941 0.000000 0.013670 0.000000 0.999907 0.641392 0.641392 0.641392
1831.847046 0.000000 2105.655518 0.000000 0.943040 0.000000 0.332681 1.148183 1.148183 1.148183
1852.719971 0.000000 2105.848389 0.000000 0.289921 0.000000 0.957051 1.004942 1.004942 1.004942
1831.453979 0.000000 2099.273438 0.000000 0.742625 0.000000 0.669707 1.087881 1.087881 1.087881
1848.775391 0.000000 2085.483643 0.000000 0.988565 0.000000 -0.150794 0.815419 0.815419 0.815419
1850.550415 0.000000 2103.909424 0.000000 0.891142 0.000000 0.453725 1.128046 1.128046 1.128046
1849.101685 0.000000 2108.572998 0.000000 0.993167 0.000000 0.116699 0.788086 0.788086 0.788086
1848.292969 0.000000 2103.581299 0.000000 0.896357 0.000000 -0.443333 1.270178 1.270178 1.270178
1830.136475 0.000000 2098.033447 0.000000 0.831272 0.000000 0.555866 1.109946 1.109946 1.109946
1850.435059 0.000000 2107.677490 0.000000 0.100367 0.000000 0.994950 0.975361 0.975361 0.975361
1846.889038 0.000000 2087.699463 0.000000 0.072705 0.000000 -0.997353 1.363508 1.363508 1.363508
1851.866211 0.000000 2109.321045 0.000000 0.994939 0.000000 -0.100480 0.810252 0.810252 0.810252
1838.935181 0.000000 2093.739502 0.000000 0.903852 0.000000 -0.427846 0.845033 0.845033 0.845033
1830.437500 0.000000 2102.750244 0.000000 0.858571 0.000000 -0.512695 1.282249 1.282249 1.282249
1828.362183 0.000000 2095.634521 0.000000 0.996892 0.000000 0.078779 1.187951 1.187951 1.187951
1855.155151 0.000000 2080.001465 0.000000 0.999238 0.000000 -0.039024 0.803976 0.803976 0.803976
1833.023438 0.000000 2101.265137 0.000000 0.586160 0.000000 0.810196 1.055693 1.055693 1.055693
1851.993286 0.000000 2086.288330 0.000000 0.477457 0.000000 0.878655 0.690701 0.690701 0.690701
1834.370361 0.000000 2100.473633 0.000000 0.962414 0.000000 -0.271586 1.242023 1.242023 1.242023
1836.077759 0.000000 2104.960205 0.000000 0.030874 0.000000 0.999523 0.964718 0.964718 0.964718
1846.126953 0.000000 2103.692139 0.000000 0.716753 0.000000 -0.697327 1.317901 1.317901 1.317901
1842.444336 0.000000 2097.197754 0.000000 0.882537 0.000000 0.470244 1.125200 1.125200 1.125200
1826.815063 0.000000 2096.749512 0.000000 0.789581 0.000000 0.613646 1.099057 1.099057 1.099057
1841.474365 0.000000 2100.006348 0.000000 0.770078 0.000000 0.637950 1.094296 1.094296 1.094296
1845.245605 0.000000 2098.366455 0.000000 0.261778 0.000000 -0.965128 1.170850 1.170850 1.170850
1840.873901 0.000000 2104.234131 0.000000 0.805110 0.000000 -0.593126 0.864674 0.864674 0.864674
1843.710327 0.000000 2095.622070 0.000000 0.198202 0.000000 0.980161 0.990485 0.990485 0.990485
1850.273682 0.000000 2101.261475 0.000000 0.092905 0.000000 0.995675 0.974215 0.974215 0.974215
1832.914795 0.000000 2098.255371 0.000000 0.927130 0.000000 -0.374739 0.839126 0.839126 0.839126
1839.452515 0.000000 2087.336182 0.000000 0.856691 0.000000 0.515831 1.117192 1.117192 1.117192
1837.088867 0.000000 2087.967285 0.000000 0.626987 0.000000 -0.779030 0.890972 0.890972 0.890972
1840.656494 0.000000 2091.584473 0.000000 0.608420 0.000000 -0.793616 1.340066 1.340066 1.340066
1841.922119 0.000000 2088.241455 0.000000 0.594707 0.000000 -0.803943 1.263708 1.263708 1.263708
1851.928711 0.000000 2104.108643 0.000000 0.998932 0.000000 0.046211 1.192937 1.192937 1.192937
1839.811523 0.000000 2089.663086 0.000000 0.796484 0.000000 0.604660 1.100788 1.100788 1.100788
1855.115601 0.000000 2097.359863 0.000000 0.458061 0.000000 0.888921 0.688466 0.688466 0.688466
1839.900146 0.000000 2105.805664 0.000000 0.386480 0.000000 0.922298 1.020628 1.020628 1.020628
1830.481567 0.000000 2100.803955 0.000000 0.498580 0.000000 -0.866843 1.360250 1.360250 1.360250
1834.777100 0.000000 2105.378418 0.000000 0.809577 0.000000 -0.587013 1.295854 1.295854 1.295854
1848.615845 0.000000 2088.956299 0.000000 0.553122 0.000000 -0.833100 0.900300 0.900300 0.900300
1853.674683 0.000000 2100.163818 0.000000 0.654906 0.000000 0.755710 1.069100 1.069100 1.069100
1848.213013 0.000000 2105.718506 0.000000 0.996340 0.000000 -0.085484 1.213077 1.213077 1.213077
1830.059814 0.000000 2104.554199 0.000000 0.235286 0.000000 -0.971926 1.403711 1.403711 1.403711
1843.392578 0.000000 2099.365479 0.000000 0.813100 0.000000 0.582124 1.105067 1.105067 1.105067
1841.547119 0.000000 2101.429932 0.000000 0.940552 0.000000 0.339650 1.147052 1.147052 1.147052
1848.516113 0.000000 2109.781738 0.000000 0.051359 0.000000 0.998680 0.645234 0.645234 0.645234
1839.854858 0.000000 2102.195557 0.000000 0.643647 0.000000 -0.765323 1.333162 1.333162 1.333162
1836.900513 0.000000 2086.263428 0.000000 0.351428 0.000000 -0.936215 0.923423 0.923423 0.923423
1849.905640 0.000000 2105.979980 0.000000 0.330978 0.000000 0.943639 1.011542 1.011542 1.011542
1828.936035 0.000000 2098.579834 0.000000 0.023381 0.000000 0.999727 0.963573 0.963573 0.963573
1835.832520 0.000000 2100.718506 0.000000 0.058212 0.000000 -0.998304 1.431101 1.431101 1.431101
1848.290161 0.000000 2102.043457 0.000000 0.999633 0.000000 0.027093 1.195860 1.195860 1.195860
1853.547241 0.000000 2102.806641 0.000000 0.976154 0.000000 0.217078 1.166567 1.166567 1.166567
1847.931396 0.000000 2107.765137 0.000000 0.613188 0.000000 -0.789937 0.892764 0.892764 0.892764
1832.035889 0.000000 2100.464355 0.000000 0.548223 0.000000 0.836332 1.048654 1.048654 1.048654
1841.505249 0.000000 2093.220703 0.000000 0.996266 0.000000 -0.086332 1.213207 1.213207 1.213207
1831.998291 0.000000 2096.209229 0.000000 0.403357 0.000000 -0.915043 1.376565 1.376565 1.376565
1853.890991 0.000000 2105.272949 0.000000 0.791354 0.000000 -0.611359 1.300501 1.300501 1.300501
1840.724487 0.000000 2095.667236 0.000000 0.996167 0.000000 -0.087467 0.808921 0.808921 0.808921
1854.704590 0.000000 2103.671631 0.000000 0.287443 0.000000 -0.957798 0.930302 0.930302 0.930302
1828.313843 0.000000 2100.333496 0.000000 0.590089 0.000000 0.807338 0.704290 0.704290 0.704290
1837.376953 0.000000 2102.549316 0.000000 0.414370 0.000000 0.910108 1.025279 1.025279 1.025279
1833.080811 0.000000 2105.961426 0.000000 0.539022 0.000000 0.842292 1.046979 1.046979 1.046979
1837.935791 0.000000 2104.620361 0.000000 0.313960 0.000000 -0.949436 1.391205 1.391205 1.391205
1845.870361 0.000000 2095.016602 0.000000 0.823716 0.000000 -0.567002 0.861407 0.861407 0.861407
1833.844482 0.000000 2103.634033 0.000000 0.763095 0.000000 -0.646286 1.307366 1.307366 1.307366
1845.280762 0.000000 2093.426514 0.000000 0.977534 0.000000 -0.210776 1.232448 1.232448 1.232448
1851.683838 0.000000 2106.583252 0.000000 0.983089 0.000000 0.183127 1.171862 1.171862 1.171862
1839.596680 0.000000 2099.914795 0.000000 0.297133 0.000000 -0.954836 0.929270 0.929270 0.929270
1839.941406 0.000000 2103.432861 0.000000 0.773347 0.000000 0.633983 1.095081 1.095081 1.095081
1827.082520 0.000000 2098.028564 0.000000 0.894825 0.000000 0.446418 0.752864 0.752864 0.752864
1855.660645 0.000000 2098.969727 0.000000 0.999751 0.000000 -0.022296 1.203407 1.203407 1.203407
1839.246338 0.000000 2092.313477 0.000000 0.569135 0.000000 0.822244 0.701671 0.701671 0.701671
1848.445557 0.000000 2086.641113 0.000000 0.530201 0.000000 -0.847872 1.354616 1.354616 1.354616
1832.576416 0.000000 2104.118652 0.000000 0.954022 0.000000 0.299737 1.153489 1.153489 1.153489
1843.433350 0.000000 2091.913574 0.000000 0.954162 0.000000 -0.299290 0.961307 0.961307 0.961307
1841.444580 0.000000 2097.750977 0.000000 0.811703 0.000000 -0.584070 0.863533 0.863533 0.863533
1838.427612 0.000000 2090.166260 0.000000 0.976589 0.000000 -0.215113 1.233126 1.233126 1.233126
1841.232666 0.000000 2089.236328 0.000000 0.540709 0.000000 0.841209 0.985681 0.985681 0.985681
1836.037964 0.000000 2103.081299 0.000000 0.950383 0.000000 0.311081 1.151668 1.151668 1.151668
1843.616821 0.000000 2096.759521 0.000000 0.206931 0.000000 0.978356 0.991847 0.991847 0.991847
1837.028931 0.000000 2100.986328 0.000000 0.155834 0.000000 -0.987783 1.416093 1.416093 1.416093
1848.466309 0.000000 2080.878418 0.000000 0.255616 0.000000 -0.966778 1.400506 1.400506 1.400506
1842.229370 0.000000 2091.099121 0.000000 0.990407 0.000000 -0.138181 0.941826 0.941826 0.941826
1830.900757 0.000000 2096.554932 0.000000 0.088896 0.000000 -0.996041 1.426400 1.426400 1.426400
1831.682007 0.000000 2102.748535 0.000000 0.573891 0.000000 0.818931 1.053392 1.053392 1.053392
1836.893921 0.000000 2105.751465 0.000000 0.999997 0.000000 -0.002272 1.200347 1.200347 1.200347
1829.233521 0.000000 2097.383301 0.000000 0.681579 0.000000 0.731744 1.074579 1.074579 1.074579
1838.469971 0.000000 2087.936035 0.000000 0.997679 0.000000 0.068095 1.189588 1.189588 1.189588
1852.544434 0.000000 2103.225098 0.000000 0.653979 0.000000 -0.756513 1.331087 1.331087 1.331087
1851.428589 0.000000 2099.822021 0.000000 0.989728 0.000000 -0.142964 1.221918 1.221918 1.221918
1839.254883 0.000000 2101.307861 0.000000 0.850314 0.000000 -0.526276 1.284678 1.284678 1.284678
1845.870728 0.000000 2099.630127 0.000000 0.899428 0.000000 -0.437069 1.061741 1.061741 1.061741
1830.025391 0.000000 2101.758057 0.000000 0.109144 0.000000 -0.994026 1.423291 1.423291 1.423291
1854.361938 0.000000 2101.652588 0.000000 0.939934 0.000000 -0.341357 1.253226 1.253226 1.253226
1836.455688 0.000000 2090.380859 0.000000 0.959166 0.000000 -0.282845 1.170648 1.170648 1.170648
1838.964478 0.000000 2086.358643 0.000000 0.809316 0.000000 0.587373 1.104078 1.104078 1.104078
1852.630005 0.000000 2100.494385 0.000000 0.121545 0.000000 -0.992586 1.421383 1.421383 1.421383
1843.849854 0.000000 2093.941895 0.000000 0.335654 0.000000 -0.941985 1.387701 1.387701 1.387701
1826.781616 0.000000 2099.487549 0.000000 0.783034 0.000000 -0.621979 0.868375 0.868375 0.868375
1852.281372 0.000000 2101.763672 0.000000 0.890062 0.000000 -0.455839 1.272317 1.272317 1.272317
1853.510132 0.000000 2098.959473 0.000000 0.377387 0.000000 -0.926056 1.380875 1.380875 1.380875
1850.593506 0.000000 2102.282715 0.000000 0.656211 0.000000 -0.754578 1.330636 1.330636 1.330636
1843.116577 0.000000 2093.012451 0.000000 0.992749 0.000000 -0.120209 1.218411 1.218411 1.218411
1830.855347 0.000000 2105.357178 0.000000 0.711895 0.000000 -0.702286 1.318962 1.318962 1.318962
1837.181763 0.000000 2091.949951 0.000000 0.203200 0.000000 0.979137 0.932955 0.932955 0.932955
1848.063110 0.000000 2104.602783 0.000000 0.914293 0.000000 0.405053 1.136282 1.136282 1.136282
1847.211792 0.000000 2103.956055 0.000000 0.909322 0.000000 -0.416094 1.265569 1.265569 1.265569
1838.294922 0.000000 2091.442627 0.000000 0.508861 0.000000 0.860849 1.041568 1.041568 1.041568
1848.590698 0.000000 2084.406250 0.000000 0.751333 0.000000 -0.659923 0.873412 0.873412 0.873412
1826.153809 0.000000 2097.582520 0.000000 0.692092 0.000000 -0.721810 1.323211 1.323211 1.323211
1844.332275 0.000000 2098.854492 0.000000 0.939415 0.000000 -0.342782 1.048644 1.048644 1.048644
1841.558350 0.000000 2096.540283 0.000000 0.035183 0.000000 -0.999381 0.956416 0.956416 0.956416
1840.283203 0.000000 2097.909180 0.000000 0.862370 0.000000 0.506279 0.745927 0.745927 0.745927
1835.244019 0.000000 2102.449219 0.000000 0.860982 0.000000 0.508636 1.118472 1.118472 1.118472
1844.628906 0.000000 2097.411377 0.000000 0.059694 0.000000 -0.998217 1.430874 1.430874 1.430874
1845.962646 0.000000 2096.764648 0.000000 0.230113 0.000000 0.973164 0.995477 0.995477 0.995477
1850.257080 0.000000 2104.878418 0.000000 0.768586 0.000000 -0.639746 1.306061 1.306061 1.306061
1840.268555 0.000000 2090.640137 0.000000 0.597470 0.000000 0.801891 1.057837 1.057837 1.057837
1852.707520 0.000000 2104.856934 0.000000 0.999559 0.000000 -0.029711 1.204540 1.204540 1.204540
1844.994263 0.000000 2092.249512 0.000000 0.970743 0.000000 -0.240120 1.237050 1.237050 1.237050
1848.997681 0.000000 2080.039307 0.000000 0.236042 0.000000 -0.971743 1.403592 1.403592 1.403592
1837.603638 0.000000 2089.608154 0.000000 0.818275 0.000000 -0.574827 1.293567 1.293567 1.293567
1849.339233 0.000000 2101.630615 0.000000 0.236654 0.000000 -0.971594 1.403496 1.403496 1.403496
1831.111206 0.000000 2098.342041 0.000000 0.608156 0.000000 -0.793818 1.340117 1.340117 1.340117
1852.247559 0.000000 2098.457764 0.000000 0.999791 0.000000 0.020466 1.196873 1.196873 1.196873
1837.967285 0.000000 2103.588379 0.000000 0.580282 0.000000 0.814416 1.054588 1.054588 1.054588
1842.436523 0.000000 2099.659180 0.000000 0.953481 0.000000 0.301453 1.153214 1.153214 1.153214
1827.856201 0.000000 2096.486084 0.000000 0.870354 0.000000 -0.492427 1.278667 1.278667 1.278667
1828.296875 0.000000 2094.583008 0.000000 0.989329 0.000000 -0.145701 1.222341 1.222341 1.222341
1849.308594 0.000000 2103.577148 0.000000 0.988078 0.000000 0.153955 1.176383 1.176383 1.176383
1839.431274 0.000000 2088.431641 0.000000 0.115923 0.000000 0.993258 0.977752 0.977752 0.977752
1835.118042 0.000000 2101.426270 0.000000 0.322013 0.000000 -0.946735 1.389908 1.389908 1.389908
1850.637695 0.000000 2106.650146 0.000000 0.575899 0.000000 0.817521 1.053767 1.053767 1.053767
1844.356567 0.000000 2090.620605 0.000000 0.999976 0.000000 0.006998 0.799287 0.799287 0.799287
1846.142212 0.000000 2104.679688 0.000000 0.504874 0.000000 0.863193 0.693907 0.693907 0.693907
1829.168701 0.000000 2095.126953 0.000000 0.647860 0.000000 0.761760 1.067681 1.067681 1.067681
1842.932007 0.000000 2094.969482 0.000000 0.824639 0.000000 -0.565659 1.291862 1.291862 1.291862
1850.499512 0.000000 2098.611328 0.000000 0.714475 0.000000 -0.699661 1.318400 1.318400 1.318400
1849.506836 0.000000 2086.723633 0.000000 0.947146 0.000000 0.320802 1.150103 1.150103 1.150103
1844.675537 0.000000 2095.561768 0.000000 0.190587 0.000000 0.981670 0.659532 0.659532 0.659532
1830.005005 0.000000 2103.599121 0.000000 0.428919 0.000000 0.903343 1.027731 1.027731 1.027731
1834.455444 0.000000 2104.441162 0.000000 0.781248 0.000000 -0.624221 1.303000 1.303000 1.303000
1854.751465 0.000000 2099.594971 0.000000 0.507312 0.000000 0.861763 1.041293 1.041293 1.041293
1849.790405 0.000000 2100.413574 0.000000 0.549278 0.000000 0.835640 1.048847 1.048847 1.048847
1832.435669 0.000000 2102.034668 0.000000 0.809635 0.000000 0.586934 1.104161 1.104161 1.104161
1838.165649 0.000000 2102.008545 0.000000 0.945239 0.000000 -0.326378 1.250798 1.250798 1.250798
1845.958862 0.000000 2091.688232 0.000000 0.590199 0.000000 0.807258 0.704304 0.704304 0.704304
1847.624512 0.000000 2087.088867 0.000000 0.416626 0.000000 0.909078 0.978733 0.978733 0.978733
1838.087769 0.000000 2100.080322 0.000000 0.079588 0.000000 0.996828 0.972173 0.972173 0.972173
1828.868164 0.000000 2096.522705 0.000000 0.917277 0.000000 0.398250 1.137416 1.137416 1.137416
1849.990967 0.000000 2080.470947 0.000000 0.795061 0.000000 -0.606529 1.299571 1.299571 1.299571
1828.813599 0.000000 2099.504150 0.000000 0.323863 0.000000 0.946104 1.010391 1.010391 1.010391
1841.406494 0.000000 2092.203369 0.000000 0.229523 0.000000 -0.973303 1.404616 1.404616 1.404616
1833.379395 0.000000 2102.245361 0.000000 0.212014 0.000000 0.977267 0.992641 0.992641 0.992641
1842.880249 0.000000 2098.054199 0.000000 0.201712 0.000000 -0.979445 1.408968 1.408968 1.408968
1849.486328 0.000000 2107.709717 0.000000 0.227824 0.000000 -0.973702 1.404883 1.404883 1.404883
1837.751831 0.000000 2088.593994 0.000000 0.263833 0.000000 -0.964568 1.399206 1.399206 1.399206
1838.921631 0.000000 2103.722168 0.000000 0.923495 0.000000 0.383611 1.139847 1.139847 1.139847
1850.813232 0.000000 2100.512207 0.000000 0.610081 0.000000 0.792339 1.060254 1.060254 1.060254
1841.323486 0.000000 2099.099854 0.000000 0.538050 0.000000 0.842913 1.046803 1.046803 1.046803
1836.440308 0.000000 2091.291992 0.000000 0.980630 0.000000 -0.195871 1.157762 1.157762 1.157762
1832.578003 0.000000 2105.095459 0.000000 0.377752 0.000000 0.925907 1.019185 1.019185 1.019185
1838.644165 0.000000 2105.206299 0.000000 0.549146 0.000000 -0.835727 1.351177 1.351177 1.351177
1846.412842 0.000000 2086.167480 0.000000 0.798094 0.000000 0.602534 1.050815 1.050815 1.050815
1848.080200 0.000000 2106.676025 0.000000 0.273346 0.000000 -0.961916 1.397697 1.397697 1.397697
1840.643677 0.000000 2101.741455 0.000000 0.551783 0.000000 -0.833988 1.350695 1.350695 1.350695
1831.116089 0.000000 2100.138916 0.000000 0.909433 0.000000 -0.415849 1.265528 1.265528 1.265528
1840.562500 0.000000 2100.036377 0.000000 0.821286 0.000000 0.570517 1.107237 1.107237 1.107237
1855.222046 0.000000 2101.417236 0.000000 0.173092 0.000000 -0.984906 1.413420 1.413420 1.413420
1830.427490 0.000000 2098.925537 0.000000 0.163210 0.000000 0.986591 0.985049 0.985049 0.985049
1835.849365 0.000000 2104.105713 0.000000 0.349674 0.000000 -0.936872 1.385420 1.385420 1.385420
1833.908936 0.000000 2101.252441 0.000000 0.223122 0.000000 0.974790 0.994380 0.994380 0.994380
1828.089722 0.000000 2098.345215 0.000000 0.703702 0.000000 -0.710495 1.320734 1.320734 1.320734
1834.475708 0.000000 2102.912354 0.000000 0.514687 0.000000 0.857378 1.042604 1.042604 1.042604
1842.943726 0.000000 2096.200439 0.000000 0.384307 0.000000 -0.923205 1.379732 1.379732 1.379732
1833.451538 0.000000 2100.484375 0.000000 0.915475 0.000000 -0.402375 1.263271 1.263271 1.263271
1851.368286 0.000000 2103.454590 0.000000 0.758515 0.000000 -0.651656 1.308444 1.308444 1.308444
1838.902832 0.000000 2100.508057 0.000000 0.575794 0.000000 -0.817595 1.346253 1.346253 1.346253
1851.417603 0.000000 2101.760742 0.000000 0.724534 0.000000 -0.689239 1.316186 1.316186 1.316186
1851.151123 0.000000 2104.522217 0.000000 0.919880 0.000000 0.392200 1.138423 1.138423 1.138423
1850.285156 0.000000 2103.090576 0.000000 0.739625 0.000000 0.673019 1.087199 1.087199 1.087199
1830.082764 0.000000 2097.137451 0.000000 0.409682 0.000000 0.912228 1.024493 1.024493 1.024493
1851.963135 0.000000 2105.297363 0.000000 0.741619 0.000000 -0.670821 1.312348 1.312348 1.312348
1845.527466 0.000000 2097.522217 0.000000 0.115423 0.000000 -0.993316 1.422325 1.422325 1.422325
1851.237061 0.000000 2107.389404 0.000000 0.799388 0.000000 0.600816 1.101524 1.101524 1.101524
1836.909058 0.000000 2104.760986 0.000000 0.174511 0.000000 -0.984655 1.413199 1.413199 1.413199
1831.818604 0.000000 2104.691406 0.000000 0.979009 0.000000 0.203817 1.168639 1.168639 1.168639
1851.575073 0.000000 2098.980225 0.000000 0.980368 0.000000 -0.197174 1.230325 1.230325 1.230325
1848.697876 0.000000 2102.799072 0.000000 0.034164 0.000000 0.999416 0.965221 0.965221 0.965221
1847.798706 0.000000 2102.894287 0.000000 0.198627 0.000000 0.980075 0.990551 0.990551 0.990551
1840.743652 0.000000 2093.615234 0.000000 0.436427 0.000000 -0.899740 1.370997 1.370997 1.370997
1855.446533 0.000000 2098.165771 0.000000 0.988589 0.000000 0.150636 1.176897 1.176897 1.176897
1831.985962 0.000000 2103.534180 0.000000 0.196433 0.000000 -0.980517 1.409791 1.409791 1.409791
1839.805176 0.000000 2091.646729 0.000000 0.899807 0.000000 -0.436287 1.268979 1.268979 1.268979
1835.256592 0.000000 2104.698730 0.000000 0.270278 0.000000 -0.962782 1.398185 1.398185 1.398185
1841.987305 0.000000 2100.725342 0.000000 0.077240 0.000000 0.997013 0.971813 0.971813 0.971813
1849.822632 0.000000 2106.924561 0.000000 0.517320 0.000000 -0.855792 1.356926 1.356926 1.356926
1841.422241 0.000000 2091.246338 0.000000 0.781541 0.000000 -0.623854 1.302928 1.302928 1.302928
1837.397339 0.000000 2101.720947 0.000000 0.999627 0.000000 -0.027307 1.204173 1.204173 1.204173
1830.805908 0.000000 2097.562744 0.000000 0.999999 0.000000 -0.001192 1.200182 1.200182 1.200182
1827.171265 0.000000 2096.019531 0.000000 0.799698 0.000000 0.600403 1.101603 1.101603 1.101603
1849.823975 0.000000 2087.674316 0.000000 0.674759 0.000000 -0.738038 1.326839 1.326839 1.326839
1843.730103 0.000000 2094.745361 0.000000 0.299328 0.000000 -0.954150 1.393554 1.393554 1.393554
1842.323730 0.000000 2093.286377 0.000000 0.587810 0.000000 0.808999 1.056005 1.056005 1.056005
1848.978638 0.000000 2105.989014 0.000000 0.447873 0.000000 0.894097 1.030953 1.030953 1.030953
1855.932983 0.000000 2078.545166 0.000000 0.912914 0.000000 -0.408151 0.842824 0.842824 0.842824
1861.188843 0.000000 2094.114502 0.000000 0.766705 0.000000 -0.642000 0.871006 0.871006 0.871006
1856.073975 0.000000 2080.050537 0.000000 0.372989 0.000000 0.927836 0.678933 0.678933 0.678933
1855.928833 0.000000 2104.226074 0.000000 0.997452 0.000000 -0.071334 0.807272 0.807272 0.807272
1855.870605 0.000000 2097.824707 0.000000 0.970629 0.000000 0.240580 0.775252 0.775252 0.775252
1859.136475 0.000000 2100.833496 0.000000 0.340869 0.000000 -0.940111 0.924569 0.924569 0.924569
1863.136841 0.000000 2083.904541 0.000000 0.943622 0.000000 0.331026 0.765634 0.765634 0.765634
1856.773926 0.000000 2084.069824 0.000000 0.353003 0.000000 0.935622 0.875793 0.875793 0.875793
1860.125732 0.000000 2097.464355 0.000000 0.999672 0.000000 0.025607 1.196087 1.196087 1.196087
1856.562256 0.000000 2094.416016 0.000000 0.780913 0.000000 -0.624640 0.868721 0.868721 0.868721
1856.823120 0.000000 2087.675537 0.000000 0.724407 0.000000 -0.689373 1.316215 1.316215 1.316215
1856.043091 0.000000 2101.075928 0.000000 0.743142 0.000000 -0.669134 0.874667 0.874667 0.874667
1861.818848 0.000000 2099.587158 0.000000 0.770685 0.000000 -0.637216 1.305559 1.305559 1.305559
1858.881714 0.000000 2095.214600 0.000000 0.761722 0.000000 -0.647904 0.871793 0.871793 0.871793
1858.063232 0.000000 2098.703857 0.000000 0.943867 0.000000 -0.330325 1.251436 1.251436 1.251436
1857.657104 0.000000 2081.908447 0.000000 0.648027 0.000000 0.761618 0.711810 0.711810 0.711810
1863.418701 0.000000 2085.995605 0.000000 0.995472 0.000000 -0.095051 0.809696 0.809696 0.809696
1857.360596 0.000000 2096.502930 0.000000 0.948582 0.000000 -0.316532 1.249209 1.249209 1.249209
1861.789551 0.000000 2096.324951 0.000000 0.968972 0.000000 0.247170 1.161840 1.161840 1.161840
1865.181763 0.000000 2095.786621 0.000000 0.883887 0.000000 0.467701 0.750426 0.750426 0.750426
1857.173706 0.000000 2085.905273 0.000000 0.509903 0.000000 -0.860232 1.171821 1.171821 1.171821
1859.796509 0.000000 2099.195068 0.000000 0.133507 0.000000 0.991048 0.980460 0.980460 0.980460
1857.983521 0.000000 2080.248047 0.000000 0.973706 0.000000 0.227809 0.776590 0.776590 0.776590
1856.603516 0.000000 2099.466797 0.000000 0.209957 0.000000 -0.977711 1.407680 1.407680 1.407680
1855.781982 0.000000 2096.161865 0.000000 0.838584 0.000000 0.544773 0.741317 0.741317 0.741317
1857.660400 0.000000 2101.434326 0.000000 0.452803 0.000000 0.891611 0.687864 0.687864 0.687864
1863.613281 0.000000 2082.417480 0.000000 0.338704 0.000000 -0.940893 0.924804 0.924804 0.924804
1858.811157 0.000000 2096.749512 0.000000 0.639389 0.000000 -0.768883 1.334010 1.334010 1.334010
1865.349976 0.000000 2094.391602 0.000000 0.994458 0.000000 -0.105132 0.810728 0.810728 0.810728
1857.898804 0.000000 2100.062744 0.000000 0.205463 0.000000 0.978665 0.661078 0.661078 0.661078
1862.261108 0.000000 2084.926270 0.000000 0.943703 0.000000 -0.330795 0.834341 0.834341 0.834341
1860.932129 0.000000 2098.579834 0.000000 0.716869 0.000000 0.697208 1.082124 1.082124 1.082124
1856.514771 0.000000 2081.280029 0.000000 0.619875 0.000000 -0.784700 0.891899 0.891899 0.891899
1857.130371 0.000000 2097.792969 0.000000 0.174054 0.000000 -0.984736 1.413270 1.413270 1.413270
1856.150513 0.000000 2085.216309 0.000000 0.190129 0.000000 -0.981759 1.217137 1.217137 1.217137
1859.078613 0.000000 2098.028564 0.000000 0.409364 0.000000 0.912371 1.024440 1.024440 1.024440
1856.166992 0.000000 2086.680176 0.000000 0.614177 0.000000 0.789168 1.061046 1.061046 1.061046
1857.586182 0.000000 2084.858398 0.000000 0.829955 0.000000 0.557830 0.957289 0.957289 0.957289
1857.732178 0.000000 2087.037598 0.000000 0.380598 0.000000 -0.924741 1.380345 1.380345 1.380345
1861.229614 0.000000 2097.383301 0.000000 0.460966 0.000000 0.887418 1.033199 1.033199 1.033199
1864.275024 0.000000 2094.373047 0.000000 0.584216 0.000000 -0.811599 0.896449 0.896449 0.896449
1855.791992 0.000000 2102.128418 0.000000 0.731514 0.000000 -0.681826 0.876420 0.876420 0.876420
1858.777710 0.000000 2099.487549 0.000000 0.231740 0.000000 -0.972778 1.404268 1.404268 1.404268
1856.979858 0.000000 2100.648682 0.000000 0.754412 0.000000 0.656401 0.727065 0.727065 0.727065
1858.149902 0.000000 2097.582520 0.000000 0.712909 0.000000 -0.701256 1.318741 1.318741 1.318741
1855.790283 0.000000 2103.136963 0.000000 0.619690 0.000000 -0.784847 0.891923 0.891923 0.891923
1856.454834 0.000000 2096.928711 0.000000 0.872814 0.000000 -0.488052 1.277900 1.277900 1.277900
1855.783203 0.000000 2100.096436 0.000000 0.081202 0.000000 -0.996698 1.427580 1.427580 1.427580
1859.852295 0.000000 2096.486084 0.000000 0.985630 0.000000 0.168918 1.174067 1.174067 1.174067
1860.864258 0.000000 2096.522705 0.000000 0.975318 0.000000 0.220803 1.165983 1.165983 1.165983
1856.519531 0.000000 2098.497070 0.000000 0.305997 0.000000 0.952032 1.007515 1.007515 1.007515
1860.809692 0.000000 2099.504150 0.000000 0.231034 0.000000 0.972946 0.995621 0.995621 0.995621
1860.085815 0.000000 2098.345215 0.000000 0.629079 0.000000 -0.777341 1.336047 1.336047 1.336047
1857.446533 0.000000 2099.306641 0.000000 0.955561 0.000000 -0.294792 1.245720 1.245720 1.245720
1855.782471 0.000000 2098.883057 0.000000 0.304290 0.000000 0.952579 1.007241 1.007241 1.007241
1859.167358 0.000000 2096.019531 0.000000 0.142882 0.000000 -0.989740 1.418094 1.418094 1.418094
1815.276367 0.000000 2121.187500 0.000000 0.076339 0.000000 0.997082 0.971675 0.971675 0.971675
1808.387939 0.000000 2130.947021 0.000000 0.988391 0.000000 0.151933 0.784464 0.784464 0.784464
1820.342896 0.000000 2128.583252 0.000000 0.607205 0.000000 -0.794545 1.340300 1.340300 1.340300
1807.264404 0.000000 2122.937012 0.000000 0.099878 0.000000 -0.995000 0.949810 0.949810 0.949810
1823.617676 0.000000 2120.054688 0.000000 0.842631 0.000000 -0.538491 1.286883 1.286883 1.286883
1795.991455 0.000000 2118.716309 0.000000 0.432851 0.000000 0.901465 0.685598 0.685598 0.685598
1809.779053 0.000000 2116.885986 0.000000 0.765471 0.000000 0.643470 0.728798 0.728798 0.728798
1814.781128 0.000000 2132.349365 0.000000 0.885491 0.000000 -0.464657 0.849223 0.849223 0.849223
1812.745361 0.000000 2126.572266 0.000000 0.459985 0.000000 0.887927 1.033030 1.033030 1.033030
1819.581299 0.000000 2123.768311 0.000000 0.605362 0.000000 0.795950 0.706231 0.706231 0.706231
1793.293945 0.000000 2123.022705 0.000000 0.710764 0.000000 -0.703431 0.879472 0.879472 0.879472
1821.316772 0.000000 2133.517822 0.000000 0.961920 0.000000 0.273330 0.771800 0.771800 0.771800
1806.835815 0.000000 2112.660156 0.000000 0.672674 0.000000 0.739939 0.715153 0.715153 0.715153
1811.223511 0.000000 2120.825195 0.000000 0.928265 0.000000 0.371919 1.141776 1.141776 1.141776
1819.491211 0.000000 2119.703125 0.000000 0.948093 0.000000 0.317992 0.767037 0.767037 0.767037
1806.070801 0.000000 2118.908203 0.000000 0.875909 0.000000 -0.482477 0.851284 0.851284 0.851284
1816.662720 0.000000 2127.209717 0.000000 0.868903 0.000000 0.494982 0.747256 0.747256 0.747256
1813.629517 0.000000 2115.793945 0.000000 0.641616 0.000000 0.767026 0.710955 0.710955 0.710955
1807.515869 0.000000 2127.177979 0.000000 0.607075 0.000000 -0.794644 0.893550 0.893550 0.893550
1809.116211 0.000000 2134.759766 0.000000 0.452378 0.000000 0.891826 0.687816 0.687816 0.687816
1822.396484 0.000000 2115.619629 0.000000 0.776774 0.000000 -0.629780 1.304090 1.304090 1.304090
1823.214111 0.000000 2126.111572 0.000000 0.350520 0.000000 -0.936555 1.385283 1.385283 1.385283
1818.370239 0.000000 2131.550293 0.000000 0.279126 0.000000 -0.960255 0.931186 0.931186 0.931186
1811.805054 0.000000 2129.988281 0.000000 0.499724 0.000000 -0.866185 1.360049 1.360049 1.360049
1810.351318 0.000000 2124.246826 0.000000 0.052640 0.000000 0.998614 0.968047 0.968047 0.968047
1791.920410 0.000000 2139.529053 0.000000 0.775253 0.000000 -0.631651 0.869639 0.869639 0.869639
1822.197021 0.000000 2138.502441 0.000000 0.845299 0.000000 0.534293 0.742585 0.742585 0.742585
1792.830933 0.000000 2119.667725 0.000000 0.969635 0.000000 0.244556 0.774835 0.774835 0.774835
1815.850586 0.000000 2124.243408 0.000000 0.841603 0.000000 0.540096 1.112826 1.112826 1.112826
1822.509766 0.000000 2123.046143 0.000000 0.944201 0.000000 0.329371 1.148718 1.148718 1.148718
1822.540283 0.000000 2130.657959 0.000000 0.040522 0.000000 -0.999179 1.433807 1.433807 1.433807
1815.332031 0.000000 2118.187256 0.000000 0.736083 0.000000 0.676892 0.724265 0.724265 0.724265
1813.094971 0.000000 2123.255859 0.000000 0.961746 0.000000 0.273942 1.157603 1.157603 1.157603
1808.444824 0.000000 2120.396729 0.000000 0.726011 0.000000 0.687683 1.084141 1.084141 1.084141
1819.531494 0.000000 2114.055420 0.000000 0.220104 0.000000 0.975476 0.662605 0.662605 0.662605
1812.207886 0.000000 2118.231689 0.000000 0.558434 0.000000 -0.829549 1.349473 1.349473 1.349473
1810.816162 0.000000 2132.593506 0.000000 0.213004 0.000000 0.977051 0.661864 0.661864 0.661864
1814.499146 0.000000 2129.605469 0.000000 0.878714 0.000000 0.477349 1.123967 1.123967 1.123967
1810.207886 0.000000 2127.719482 0.000000 0.941648 0.000000 0.336599 1.147547 1.147547 1.147547
1821.731201 0.000000 2118.201416 0.000000 0.668823 0.000000 0.743422 1.071937 1.071937 1.071937
1818.989258 0.000000 2126.249756 0.000000 0.647718 0.000000 -0.761880 0.888232 0.888232 0.888232
1795.481079 0.000000 2124.292969 0.000000 0.483049 0.000000 0.875594 0.691351 0.691351 0.691351
1819.759033 0.000000 2116.758545 0.000000 0.649162 0.000000 -0.760650 0.888038 0.888038 0.888038
1796.866943 0.000000 2116.507080 0.000000 0.131238 0.000000 -0.991351 0.946593 0.946593 0.946593
1821.305298 0.000000 2121.101562 0.000000 0.496519 0.000000 -0.868026 1.360613 1.360613 1.360613
1808.963135 0.000000 2111.729736 0.000000 0.992898 0.000000 -0.118973 0.812147 0.812147 0.812147
1808.238525 0.000000 2124.930664 0.000000 0.985405 0.000000 -0.170225 1.226136 1.226136 1.226136
1808.709351 0.000000 2114.509766 0.000000 0.570299 0.000000 -0.821437 0.898185 0.898185 0.898185
1811.479126 0.000000 2115.373291 0.000000 0.804246 0.000000 0.594297 0.735178 0.735178 0.735178
1821.203247 0.000000 2125.242920 0.000000 0.340784 0.000000 0.940142 1.013132 1.013132 1.013132
1809.351196 0.000000 2122.360596 0.000000 0.610770 0.000000 0.791808 1.060387 1.060387 1.060387
1820.543457 0.000000 2131.416016 0.000000 0.942773 0.000000 -0.333434 1.096470 1.096470 1.096470
1816.306274 0.000000 2130.812988 0.000000 0.118819 0.000000 -0.992916 0.947869 0.947869 0.947869
1794.708740 0.000000 2116.966309 0.000000 0.627216 0.000000 -0.778845 0.890942 0.890942 0.890942
1822.417480 0.000000 2128.120605 0.000000 0.895875 0.000000 0.444307 1.129656 1.129656 1.129656
1813.244873 0.000000 2120.068604 0.000000 0.999508 0.000000 0.031376 1.195205 1.195205 1.195205
1807.954834 0.000000 2117.988281 0.000000 0.954385 0.000000 0.298579 0.769116 0.769116 0.769116
1814.809082 0.000000 2126.173096 0.000000 0.720773 0.000000 -0.693171 1.317018 1.317018 1.317018
1810.765991 0.000000 2135.971436 0.000000 0.724117 0.000000 -0.689677 0.877519 0.877519 0.877519
1823.773804 0.000000 2117.873291 0.000000 0.707203 0.000000 -0.707011 1.319979 1.319979 1.319979
1808.609619 0.000000 2128.927979 0.000000 0.587622 0.000000 -0.809136 1.344031 1.344031 1.344031
1810.220337 0.000000 2118.842529 0.000000 0.248469 0.000000 0.968640 0.998365 0.998365 0.998365
1812.782471 0.000000 2131.781982 0.000000 0.998056 0.000000 0.062319 1.190472 1.190472 1.190472
1818.291626 0.000000 2118.132568 0.000000 0.747945 0.000000 0.663761 0.726067 0.726067 0.726067
1822.850586 0.000000 2113.610352 0.000000 0.674738 0.000000 0.738057 0.715438 0.715438 0.715438
1806.567993 0.000000 2121.008545 0.000000 0.998615 0.000000 -0.052615 0.805362 0.805362 0.805362
1808.289917 0.000000 2132.913086 0.000000 0.451438 0.000000 0.892303 0.687708 0.687708 0.687708
1806.086426 0.000000 2124.471191 0.000000 0.782341 0.000000 0.622850 0.731512 0.731512 0.731512
1815.544312 0.000000 2116.042969 0.000000 0.865180 0.000000 -0.501461 0.853505 0.853505 0.853505
1813.007568 0.000000 2128.444580 0.000000 0.450564 0.000000 0.892744 1.031413 1.031413 1.031413
1823.037842 0.000000 2140.322510 0.000000 0.611348 0.000000 -0.791362 0.893001 0.893001 0.893001
1793.686279 0.000000 2124.922607 0.000000 0.205863 0.000000 -0.978581 0.938880 0.938880 0.938880
1822.999146 0.000000 2132.518799 0.000000 0.999807 0.000000 0.019622 0.798001 0.798001 0.798001
1812.151489 0.000000 2124.826172 0.000000 0.963244 0.000000 -0.268627 1.241554 1.241554 1.241554
1810.802002 0.000000 2126.015869 0.000000 0.085952 0.000000 -0.996299 1.426851 1.426851 1.426851
1819.628906 0.000000 2121.630127 0.000000 0.986498 0.000000 -0.163771 0.816757 0.816757 0.816757
1811.379150 0.000000 2122.763916 0.000000 0.951041 0.000000 -0.309065 1.248008 1.248008 1.248008
1810.151245 0.000000 2130.664795 0.000000 0.003812 0.000000 -0.999993 1.439418 1.439418 1.439418
1814.702759 0.000000 2127.898682 0.000000 0.988747 0.000000 0.149596 1.177057 1.177057 1.177057
1819.313110 0.000000 2130.109375 0.000000 0.814206 0.000000 -0.580576 0.863095 0.863095 0.863095
1794.627319 0.000000 2119.791992 0.000000 0.947256 0.000000 -0.320479 0.833230 0.833230 0.833230
1809.043213 0.000000 2126.409180 0.000000 0.945858 0.000000 0.324579 1.149493 1.149493 1.149493
1814.707275 0.000000 2122.777100 0.000000 0.616647 0.000000 0.787240 1.061525 1.061525 1.061525
1793.588745 0.000000 2121.322998 0.000000 0.491237 0.000000 0.871026 0.692306 0.692306 0.692306
1820.745850 0.000000 2115.363037 0.000000 0.196353 0.000000 0.980533 0.660131 0.660131 0.660131
1820.928955 0.000000 2126.969482 0.000000 0.208371 0.000000 -0.978050 1.407928 1.407928 1.407928
1814.195801 0.000000 2124.608154 0.000000 0.249140 0.000000 0.968468 0.998471 0.998471 0.998471
1812.654419 0.000000 2121.656494 0.000000 0.802691 0.000000 0.596396 1.102368 1.102368 1.102368
1813.772583 0.000000 2117.516113 0.000000 0.746910 0.000000 -0.664925 0.874092 0.874092 0.874092
1820.878662 0.000000 2122.821045 0.000000 0.202890 0.000000 -0.979202 1.408784 1.408784 1.408784
1810.653076 0.000000 2134.250244 0.000000 0.521702 0.000000 0.853128 0.695905 0.695905 0.695905
1814.892944 0.000000 2119.691650 0.000000 0.617342 0.000000 -0.786695 0.892227 0.892227 0.892227
1821.115479 0.000000 2129.940674 0.000000 0.822176 0.000000 0.569233 1.107475 1.107475 1.107475
1808.437134 0.000000 2116.026611 0.000000 0.949664 0.000000 0.313269 0.767544 0.767544 0.767544
1822.056152 0.000000 2119.732666 0.000000 0.971469 0.000000 -0.237166 1.236585 1.236585 1.236585
1822.989502 0.000000 2121.515381 0.000000 0.993014 0.000000 0.117994 1.181930 1.181930 1.181930
1812.311523 0.000000 2116.649902 0.000000 0.474225 0.000000 -0.880404 0.909673 0.909673 0.909673
1823.230347 0.000000 2124.500000 0.000000 0.994921 0.000000 0.100656 1.184595 1.184595 1.184595
1819.997192 0.000000 2118.280518 0.000000 0.061026 0.000000 -0.998136 0.953780 0.953780 0.953780
1795.696533 0.000000 2125.773682 0.000000 0.835781 0.000000 -0.549063 0.859205 0.859205 0.859205
1821.319214 0.000000 2116.759521 0.000000 0.858406 0.000000 0.512971 1.117702 1.117702 1.117702
1810.448242 0.000000 2129.189941 0.000000 0.690079 0.000000 -0.723734 1.323636 1.323636 1.323636
1813.249512 0.000000 2130.358643 0.000000 0.716712 0.000000 -0.697369 1.317910 1.317910 1.317910
1811.714233 0.000000 2127.614258 0.000000 0.835744 0.000000 0.549120 1.111182 1.111182 1.111182
1807.456421 0.000000 2119.328369 0.000000 0.992226 0.000000 0.124447 0.787291 0.787291 0.787291
1808.660400 0.000000 2123.576660 0.000000 0.522012 0.000000 0.852938 1.043913 1.043913 1.043913
1823.726440 0.000000 2116.299072 0.000000 0.765684 0.000000 0.643217 1.093248 1.093248 1.093248
1818.242554 0.000000 2120.386230 0.000000 0.979654 0.000000 0.200694 0.779418 0.779418 0.779418
1823.775391 0.000000 2138.136719 0.000000 0.442649 0.000000 -0.896695 0.913292 0.913292 0.913292
1809.926025 0.000000 2120.233643 0.000000 0.636392 0.000000 0.771366 1.065395 1.065395 1.065395
1811.473877 0.000000 2119.473145 0.000000 0.540573 0.000000 0.841297 1.047260 1.047260 1.047260
1807.815430 0.000000 2121.655273 0.000000 0.906090 0.000000 0.423086 0.755503 0.755503 0.755503
1823.119507 0.000000 2129.352051 0.000000 0.551398 0.000000 -0.834242 1.350765 1.350765 1.350765
1810.970825 0.000000 2117.563232 0.000000 0.522919 0.000000 0.852382 0.900771 0.900771 0.900771
1808.823120 0.000000 2119.107910 0.000000 0.847277 0.000000 -0.531151 1.285555 1.285555 1.285555
1811.396484 0.000000 2131.357666 0.000000 0.089518 0.000000 0.995985 0.973696 0.973696 0.973696
1814.727661 0.000000 2130.934814 0.000000 0.860026 0.000000 0.510251 0.745457 0.745457 0.745457
1813.971313 0.000000 2121.614990 0.000000 0.689342 0.000000 0.724436 1.076208 1.076208 1.076208
1822.620850 0.000000 2117.221680 0.000000 0.058120 0.000000 -0.998310 1.431115 1.431115 1.431115
1820.791382 0.000000 2119.351318 0.000000 0.551584 0.000000 -0.834119 1.350731 1.350731 1.350731
1795.923340 0.000000 2117.429688 0.000000 0.997449 0.000000 -0.071381 0.807277 0.807277 0.807277
1813.857178 0.000000 2118.915039 0.000000 0.168936 0.000000 0.985627 0.985936 0.985936 0.985936
1821.568970 0.000000 2124.009766 0.000000 0.072645 0.000000 -0.997358 1.428891 1.428891 1.428891
1809.509155 0.000000 2125.212891 0.000000 0.387476 0.000000 -0.921880 1.379207 1.379207 1.379207
1808.728394 0.000000 2127.659424 0.000000 0.888045 0.000000 0.459757 1.127010 1.127010 1.127010
1823.005615 0.000000 2118.890137 0.000000 0.644635 0.000000 -0.764490 1.332965 1.332965 1.332965
1810.466431 0.000000 2121.793213 0.000000 0.975634 0.000000 -0.219403 1.233797 1.233797 1.233797
1813.874268 0.000000 2127.008789 0.000000 0.927880 0.000000 -0.372879 1.258382 1.258382 1.258382
1813.284668 0.000000 2125.418701 0.000000 0.993542 0.000000 -0.113467 1.217374 1.217374 1.217374
1821.989258 0.000000 2126.318604 0.000000 0.290848 0.000000 -0.956769 1.394910 1.394910 1.394910
1823.202637 0.000000 2114.747803 0.000000 0.994835 0.000000 -0.101506 1.215536 1.215536 1.215536
1809.359009 0.000000 2118.061279 0.000000 0.909988 0.000000 -0.414635 1.265324 1.265324 1.265324
1823.409546 0.000000 2127.407959 0.000000 0.496867 0.000000 -0.867827 1.360552 1.360552 1.360552
1823.166748 0.000000 2139.152100 0.000000 0.700177 0.000000 0.713969 0.719007 0.719007 0.719007
1823.664551 0.000000 2130.961914 0.000000 0.998481 0.000000 -0.055090 1.208421 1.208421 1.208421
1810.839111 0.000000 2116.393799 0.000000 0.138610 0.000000 0.990347 0.846566 0.846566 0.846566
1811.437256 0.000000 2123.905762 0.000000 0.976870 0.000000 0.213835 1.167074 1.167074 1.167074
1809.448486 0.000000 2129.743164 0.000000 0.740664 0.000000 -0.671875 1.312565 1.312565 1.312565
1820.220825 0.000000 2120.589600 0.000000 0.849365 0.000000 -0.527806 1.284953 1.284953 1.284953
1809.236572 0.000000 2121.228516 0.000000 0.970049 0.000000 -0.242910 1.237489 1.237489 1.237489
1821.476685 0.000000 2128.802734 0.000000 0.996357 0.000000 -0.085276 1.213045 1.213045 1.213045
1811.620728 0.000000 2128.751709 0.000000 0.295447 0.000000 -0.955359 1.394175 1.394175 1.394175
1815.528687 0.000000 2127.052002 0.000000 0.346102 0.000000 -0.938197 1.386002 1.386002 1.386002
1821.889160 0.000000 2122.055176 0.000000 0.681284 0.000000 0.732019 1.074517 1.074517 1.074517
1815.550537 0.000000 2129.977783 0.000000 0.810603 0.000000 -0.585597 1.295587 1.295587 1.295587
1810.233276 0.000000 2123.091309 0.000000 0.985861 0.000000 -0.167565 1.225724 1.225724 1.225724
1822.415405 0.000000 2125.297607 0.000000 0.998775 0.000000 -0.049484 1.207564 1.207564 1.207564
1815.556274 0.000000 2125.302490 0.000000 0.481961 0.000000 -0.876193 1.363164 1.363164 1.363164
1808.002197 0.000000 2126.047119 0.000000 0.921683 0.000000 -0.387945 1.260871 1.260871 1.260871
1808.676147 0.000000 2117.148438 0.000000 0.723114 0.000000 0.690729 0.722333 0.722333 0.722333
1822.107666 0.000000 2114.548828 0.000000 0.504414 0.000000 0.863462 1.040780 1.040780 1.040780
1820.525269 0.000000 2124.322021 0.000000 0.961786 0.000000 0.273802 1.157625 1.157625 1.157625
1814.228149 0.000000 2120.549072 0.000000 0.247095 0.000000 0.968991 0.998148 0.998148 0.998148
1813.874634 0.000000 2131.622314 0.000000 0.439566 0.000000 -0.898210 1.370464 1.370464 1.370464
1792.683838 0.000000 2120.781006 0.000000 0.996335 0.000000 0.085542 0.791276 0.791276 0.791276
1815.935425 0.000000 2120.101074 0.000000 0.115140 0.000000 0.993349 0.977631 0.977631 0.977631
1812.223999 0.000000 2120.364014 0.000000 0.471604 0.000000 0.881811 1.035036 1.035036 1.035036
1811.853760 0.000000 2125.934082 0.000000 0.459861 0.000000 -0.887991 1.366992 1.366992 1.366992
1812.627563 0.000000 2119.215820 0.000000 0.519592 0.000000 0.854415 1.043480 1.043480 1.043480
1794.701904 0.000000 2125.350830 0.000000 0.219004 0.000000 0.975724 0.662490 0.662490 0.662490
1820.182007 0.000000 2126.170166 0.000000 0.912259 0.000000 0.409614 1.135518 1.135518 1.135518
1821.514038 0.000000 2130.951660 0.000000 0.315818 0.000000 0.948820 0.883782 0.883782 0.883782
1822.128052 0.000000 2129.668701 0.000000 0.181904 0.000000 -0.983316 1.412051 1.412051 1.412051
1811.120483 0.000000 2125.004639 0.000000 0.802178 0.000000 -0.597085 1.297764 1.297764 1.297764
1812.336182 0.000000 2130.846680 0.000000 0.954466 0.000000 0.298319 1.153716 1.153716 1.153716
1820.574707 0.000000 2117.443604 0.000000 0.933567 0.000000 0.358402 1.143995 1.143995 1.143995
1809.562256 0.000000 2128.532471 0.000000 0.110926 0.000000 -0.993829 1.423017 1.423017 1.423017
1808.287109 0.000000 2129.901367 0.000000 0.256078 0.000000 -0.966656 1.400433 1.400433 1.400433
1812.632812 0.000000 2129.403564 0.000000 0.999985 0.000000 -0.005435 1.200830 1.200830 1.200830
1815.558105 0.000000 2122.157959 0.000000 0.338230 0.000000 -0.941064 1.387283 1.387283 1.387283
1822.329468 0.000000 2120.744141 0.000000 0.430143 0.000000 0.902761 1.027938 1.027938 1.027938
1813.966553 0.000000 2128.756836 0.000000 0.995267 0.000000 -0.097181 1.214872 1.214872 1.214872
1808.272461 0.000000 2122.632324 0.000000 0.268849 0.000000 0.963182 1.001589 1.001589 1.001589
1812.998169 0.000000 2124.241699 0.000000 0.343895 0.000000 0.939008 1.013638 1.013638 1.013638
1815.111572 0.000000 2128.801514 0.000000 0.999156 0.000000 0.041074 1.193723 1.193723 1.193723
1820.251465 0.000000 2130.449951 0.000000 0.068545 0.000000 -0.997648 1.251997 1.251997 1.251997
1815.766357 0.000000 2128.011719 0.000000 0.995579 0.000000 0.093930 1.185627 1.185627 1.185627
1814.891724 0.000000 2123.757080 0.000000 0.407735 0.000000 -0.913101 1.375833 1.375833 1.375833
1810.440430 0.000000 2131.651367 0.000000 0.895403 0.000000 -0.445257 1.270506 1.270506 1.270506
1811.643066 0.000000 2121.741211 0.000000 0.988379 0.000000 -0.152008 1.223315 1.223315 1.223315
1811.158936 0.000000 2118.552734 0.000000 0.997609 0.000000 0.069110 1.189432 1.189432 1.189432
1820.613403 0.000000 2121.865967 0.000000 0.414559 0.000000 -0.910022 1.374689 1.374689 1.374689
1812.360474 0.000000 2122.612793 0.000000 0.306639 0.000000 0.951826 1.007618 1.007618 1.007618
1809.975586 0.000000 2126.638428 0.000000 0.007290 0.000000 0.999973 0.961114 0.961114 0.961114
1810.935913 0.000000 2126.961670 0.000000 0.021094 0.000000 -0.999777 1.436777 1.436777 1.436777
1821.770386 0.000000 2127.420654 0.000000 0.571268 0.000000 0.820764 1.052903 1.052903 1.052903
1812.679443 0.000000 2127.553955 0.000000 0.965383 0.000000 0.260835 1.159681 1.159681 1.159681
1822.755371 0.000000 2131.587158 0.000000 0.780677 0.000000 0.624935 1.096860 1.096860 1.096860
1815.962158 0.000000 2126.166992 0.000000 0.972571 0.000000 0.232606 1.164132 1.164132 1.164132
1813.962769 0.000000 2123.680420 0.000000 0.258218 0.000000 -0.966087 1.400095 1.400095 1.400095
1820.238892 0.000000 2129.512451 0.000000 0.676386 0.000000 -0.736548 1.326502 1.326502 1.326502
1815.606079 0.000000 2123.103271 0.000000 0.193290 0.000000 -0.981142 1.410280 1.410280 1.410280
1809.410400 0.000000 2124.195557 0.000000 0.918922 0.000000 0.394440 1.138051 1.138051 1.138051
1813.637329 0.000000 2122.495361 0.000000 0.918568 0.000000 -0.395264 1.262087 1.262087 1.262087
1810.884155 0.000000 2130.046387 0.000000 0.944546 0.000000 -0.328378 1.251121 1.251121 1.251121
1823.366455 0.000000 2123.576904 0.000000 0.966063 0.000000 0.258307 1.160081 1.160081 1.160081
1820.994995 0.000000 2127.920654 0.000000 0.960549 0.000000 0.278110 1.156940 1.156940 1.156940
1822.496704 0.000000 2123.958496 0.000000 0.746329 0.000000 0.665577 1.088729 1.088729 1.088729
1821.258179 0.000000 2120.194824 0.000000 0.069529 0.000000 0.997580 0.970632 0.970632 0.970632
1813.218506 0.000000 2118.246582 0.000000 0.925728 0.000000 -0.378190 1.259258 1.259258 1.259258
1810.594116 0.000000 2119.635010 0.000000 0.963724 0.000000 0.266902 1.158720 1.158720 1.158720
1822.662476 0.000000 2126.947998 0.000000 0.955335 0.000000 -0.295524 1.245837 1.245837 1.245837
1822.600952 0.000000 2118.102295 0.000000 0.839728 0.000000 -0.543008 1.287703 1.287703 1.287703
1822.164307 0.000000 2116.464600 0.000000 0.347463 0.000000 -0.937694 1.385781 1.385781 1.385781
1810.947632 0.000000 2128.192627 0.000000 0.256264 0.000000 -0.966607 1.400404 1.400404 1.400404
1813.667603 0.000000 2127.854980 0.000000 0.824018 0.000000 0.566563 1.107971 1.107971 1.107971
1813.715210 0.000000 2126.160645 0.000000 0.370921 0.000000 -0.928664 1.381940 1.381940 1.381940
1813.531372 0.000000 2129.514404 0.000000 0.813872 0.000000 0.581044 1.105269 1.105269 1.105269
1814.264893 0.000000 2125.484131 0.000000 0.811654 0.000000 0.584139 1.104687 1.104687 1.104687
1812.338501 0.000000 2123.663574 0.000000 0.889980 0.000000 0.456000 1.127655 1.127655 1.127655
1820.870850 0.000000 2118.271729 0.000000 0.745249 0.000000 -0.666786 1.311519 1.311519 1.311519
1823.067993 0.000000 2122.355957 0.000000 0.015457 0.000000 0.999881 0.962362 0.962362 0.962362
1813.335571 0.000000 2120.976074 0.000000 0.463632 0.000000 0.886028 1.033658 1.033658 1.033658
1808.293091 0.000000 2126.853760 0.000000 0.433751 0.000000 0.901033 1.028549 1.028549 1.028549
1808.747559 0.000000 2125.607422 0.000000 0.818924 0.000000 -0.573901 1.293394 1.293394 1.293394
1821.574951 0.000000 2119.062744 0.000000 0.969967 0.000000 0.243235 1.162460 1.162460 1.162460
1821.175903 0.000000 2126.086426 0.000000 0.084238 0.000000 0.996446 0.972886 0.972886 0.972886
1815.067993 0.000000 2124.619385 0.000000 0.399727 0.000000 0.916634 1.022830 1.022830 1.022830
1810.260620 0.000000 2120.991943 0.000000 0.346678 0.000000 0.937984 1.014091 1.014091 1.014091
1823.450439 0.000000 2130.157959 0.000000 0.173467 0.000000 0.984840 0.986639 0.986639 0.986639
1809.632935 0.000000 2119.429443 0.000000 0.929210 0.000000 0.369553 1.142165 1.142165 1.142165
1823.517578 0.000000 2128.613525 0.000000 0.530808 0.000000 0.847492 1.045493 1.045493 1.045493
1808.619507 0.000000 2121.869385 0.000000 0.855959 0.000000 0.517044 1.116976 1.116976 1.116976
1809.426147 0.000000 2123.238525 0.000000 0.992329 0.000000 -0.123626 1.218937 1.218937 1.218937
1814.778931 0.000000 2121.937500 0.000000 0.915095 0.000000 0.403238 1.136585 1.136585 1.136585
1823.308960 0.000000 2125.308594 0.000000 0.248854 0.000000 0.968541 0.998426 0.998426 0.998426
1811.734009 0.000000 2126.737549 0.000000 0.696204 0.000000 -0.717844 1.322338 1.322338 1.322338
1820.316406 0.000000 2123.425781 0.000000 0.999545 0.000000 -0.030160 1.204609 1.204609 1.204609
1810.327637 0.000000 2125.278564 0.000000 0.018034 0.000000 0.999837 0.962756 0.962756 0.962756
1814.680908 0.000000 2126.974609 0.000000 0.998695 0.000000 0.051077 1.192193 1.192193 1.192193
1834.260498 0.000000 2141.007568 0.000000 0.555743 0.000000 -0.831354 0.899979 0.899979 0.899979
1824.077881 0.000000 2112.042725 0.000000 0.221001 0.000000 0.975274 0.662698 0.662698 0.662698
1835.380249 0.000000 2115.660645 0.000000 0.367281 0.000000 0.930110 0.678308 0.678308 0.678308
1827.987549 0.000000 2118.716309 0.000000 0.389659 0.000000 -0.920959 1.378845 1.378845 1.378845
1823.874512 0.000000 2129.816895 0.000000 0.693577 0.000000 0.720383 1.077104 1.077104 1.077104
1833.260498 0.000000 2121.867920 0.000000 0.200980 0.000000 0.979595 0.660612 0.660612 0.660612
1825.290039 0.000000 2123.022705 0.000000 0.675472 0.000000 0.737386 1.073309 1.073309 1.073309
1824.777832 0.000000 2116.062012 0.000000 0.291411 0.000000 -0.956598 1.394820 1.394820 1.394820
1843.452759 0.000000 2141.872559 0.000000 0.919493 0.000000 0.393107 0.758848 0.758848 0.758848
1827.947510 0.000000 2114.293701 0.000000 0.585730 0.000000 0.810506 0.703741 0.703741 0.703741
1824.566162 0.000000 2126.408203 0.000000 0.998830 0.000000 0.048353 1.192609 1.192609 1.192609
1829.781006 0.000000 2122.722900 0.000000 0.993176 0.000000 -0.116628 0.811907 0.811907 0.811907
1823.916504 0.000000 2139.529053 0.000000 0.395261 0.000000 0.918569 0.681391 0.681391 0.681391
1824.827026 0.000000 2119.667725 0.000000 0.953482 0.000000 0.301449 1.153214 1.153214 1.153214
1837.274048 0.000000 2141.278076 0.000000 0.406084 0.000000 0.913836 0.682594 0.682594 0.682594
1836.072266 0.000000 2138.481201 0.000000 0.352146 0.000000 0.935945 0.676655 0.676655 0.676655
1824.046997 0.000000 2133.068115 0.000000 0.041482 0.000000 -0.999139 0.955773 0.955773 0.955773
1827.388550 0.000000 2121.446533 0.000000 0.903704 0.000000 0.428158 1.132398 1.132398 1.132398
1841.154297 0.000000 2141.018555 0.000000 0.572904 0.000000 0.819622 0.702139 0.702139 0.702139
1826.885620 0.000000 2127.206787 0.000000 0.482867 0.000000 0.875694 0.691329 0.691329 0.691329
1827.477173 0.000000 2124.292969 0.000000 0.214334 0.000000 0.976760 0.662003 0.662003 0.662003
1826.067139 0.000000 2130.696045 0.000000 0.666374 0.000000 -0.745618 0.885711 0.885711 0.885711
1840.959229 0.000000 2111.729736 0.000000 0.406383 0.000000 -0.913703 0.917373 0.917373 0.917373
1826.704834 0.000000 2116.966309 0.000000 0.790107 0.000000 0.612969 0.732792 0.732792 0.732792
1843.381836 0.000000 2111.487305 0.000000 0.618877 0.000000 -0.785488 0.892028 0.892028 0.892028
1823.778809 0.000000 2124.428955 0.000000 0.940644 0.000000 0.339395 1.147093 1.147093 1.147093
1851.578735 0.000000 2134.601074 0.000000 0.916793 0.000000 0.399362 0.758154 0.758154 0.758154
1825.364502 0.000000 2128.495117 0.000000 0.583870 0.000000 -0.811847 1.344738 1.344738 1.344738
1823.907837 0.000000 2121.494141 0.000000 0.990198 0.000000 0.139671 1.178590 1.178590 1.178590
1823.864624 0.000000 2114.418213 0.000000 0.886727 0.000000 0.462293 1.126573 1.126573 1.126573
1832.542969 0.000000 2120.124268 0.000000 0.929600 0.000000 0.368570 0.761551 0.761551 0.761551
1825.682373 0.000000 2124.922607 0.000000 0.928338 0.000000 0.371738 1.141806 1.141806 1.141806
1829.070068 0.000000 2120.863525 0.000000 0.623307 0.000000 0.781977 0.708548 0.708548 0.708548
1825.177612 0.000000 2117.897461 0.000000 0.723073 0.000000 -0.690772 1.316510 1.316510 1.316510
1834.350952 0.000000 2138.849365 0.000000 0.916477 0.000000 0.400088 0.758073 0.758073 0.758073
1827.800415 0.000000 2131.187256 0.000000 0.298848 0.000000 0.954301 0.670913 0.670913 0.670913
1826.623413 0.000000 2119.791992 0.000000 0.269385 0.000000 0.963033 1.001674 1.001674 1.001674
1835.875488 0.000000 2140.282715 0.000000 0.923295 0.000000 -0.384092 0.840155 0.840155 0.840155
1851.652466 0.000000 2132.900391 0.000000 0.855582 0.000000 0.517667 0.744576 0.744576 0.744576
1825.584839 0.000000 2121.322998 0.000000 0.871753 0.000000 0.489945 1.121768 1.121768 1.121768
1824.607422 0.000000 2131.458984 0.000000 0.893390 0.000000 -0.449282 1.271194 1.271194 1.271194
1837.353638 0.000000 2115.148438 0.000000 0.583270 0.000000 0.812278 1.055149 1.055149 1.055149
1823.785889 0.000000 2128.154053 0.000000 0.334067 0.000000 -0.942549 1.387958 1.387958 1.387958
1850.550415 0.000000 2135.901611 0.000000 0.742927 0.000000 0.669373 0.725300 0.725300 0.725300
1827.692627 0.000000 2125.773682 0.000000 0.735490 0.000000 0.677536 0.724175 0.724175 0.724175
1826.815063 0.000000 2128.741699 0.000000 0.825855 0.000000 0.563883 0.738978 0.738978 0.738978
1826.746704 0.000000 2122.845459 0.000000 0.295200 0.000000 0.955435 0.841442 0.841442 0.841442
1850.273682 0.000000 2133.253662 0.000000 0.638467 0.000000 -0.769649 0.889462 0.889462 0.889462
1826.634888 0.000000 2118.381104 0.000000 0.996815 0.000000 -0.079750 1.212198 1.212198 1.212198
1825.893433 0.000000 2126.216064 0.000000 0.513352 0.000000 -0.858178 1.357634 1.357634 1.357634
1827.892334 0.000000 2120.075439 0.000000 0.743353 0.000000 0.668900 1.088048 1.088048 1.088048
1827.919434 0.000000 2117.429688 0.000000 0.978897 0.000000 -0.204354 0.820963 0.820963 0.820963
1823.839478 0.000000 2122.789551 0.000000 0.950754 0.000000 0.309945 1.151851 1.151851 1.151851
1825.134277 0.000000 2129.785156 0.000000 0.867666 0.000000 -0.497148 1.279497 1.279497 1.279497
1843.875488 0.000000 2140.699463 0.000000 0.822833 0.000000 0.568283 0.738434 0.738434 0.738434
1824.154419 0.000000 2117.208496 0.000000 0.345622 0.000000 0.938374 1.013919 1.013919 1.013919
1835.420898 0.000000 2141.444580 0.000000 0.994818 0.000000 -0.101671 0.810374 0.810374 0.810374
1825.490479 0.000000 2127.312256 0.000000 0.044789 0.000000 -0.998996 1.433155 1.433155 1.433155
1825.187134 0.000000 2114.971436 0.000000 0.306596 0.000000 -0.951840 0.928259 0.928259 0.928259
1824.170898 0.000000 2118.672363 0.000000 0.067147 0.000000 0.997743 0.970267 0.970267 0.970267
1826.314209 0.000000 2123.937988 0.000000 0.018789 0.000000 -0.999823 1.202304 1.202304 1.202304
1833.465698 0.000000 2120.764160 0.000000 0.914686 0.000000 0.404165 0.757620 0.757620 0.757620
1825.590088 0.000000 2116.850586 0.000000 0.844485 0.000000 -0.535579 1.286355 1.286355 1.286355
1823.840576 0.000000 2125.554199 0.000000 0.571885 0.000000 0.820334 1.053018 1.053018 1.053018
1824.839111 0.000000 2124.053467 0.000000 0.160801 0.000000 -0.986987 1.415324 1.415324 1.415324
1825.736084 0.000000 2119.029785 0.000000 0.081240 0.000000 0.996695 0.972426 0.972426 0.972426
1824.679932 0.000000 2120.781006 0.000000 0.871947 0.000000 -0.489601 1.278172 1.278172 1.278172
1824.830078 0.000000 2122.061523 0.000000 0.099867 0.000000 0.995001 0.975284 0.975284 0.975284
1832.376221 0.000000 2121.256592 0.000000 0.930194 0.000000 -0.367069 0.838284 0.838284 0.838284
1823.846069 0.000000 2115.521973 0.000000 0.189652 0.000000 -0.981851 1.410847 1.410847 1.410847
1836.408081 0.000000 2115.604004 0.000000 0.203429 0.000000 -0.979090 1.408700 1.408700 1.408700
1823.821045 0.000000 2120.140381 0.000000 0.928802 0.000000 0.370577 1.141997 1.141997 1.141997
1826.438721 0.000000 2121.868164 0.000000 0.970416 0.000000 -0.241438 1.237257 1.237257 1.237257
1825.685059 0.000000 2120.271484 0.000000 0.464231 0.000000 -0.885714 1.366239 1.366239 1.366239
1824.458740 0.000000 2128.920898 0.000000 0.994247 0.000000 0.107113 1.183603 1.183603 1.183603
1826.567871 0.000000 2120.882812 0.000000 0.987871 0.000000 0.155277 1.176179 1.176179 1.176179
1824.527466 0.000000 2127.482910 0.000000 0.013722 0.000000 -0.999906 1.437903 1.437903 1.437903
1824.701416 0.000000 2125.110107 0.000000 0.991774 0.000000 -0.127998 1.219610 1.219610 1.219610
1824.523438 0.000000 2130.489258 0.000000 0.812513 0.000000 0.582943 1.104913 1.104913 1.104913
1827.165039 0.000000 2119.063721 0.000000 0.471954 0.000000 0.881623 1.035097 1.035097 1.035097
1824.054565 0.000000 2123.634277 0.000000 0.875929 0.000000 0.482440 1.123080 1.123080 1.123080
1825.719238 0.000000 2122.270020 0.000000 0.977655 0.000000 0.210217 1.167640 1.167640 1.167640
1823.827393 0.000000 2127.008301 0.000000 0.868631 0.000000 0.495460 1.120800 1.120800 1.120800
1823.786377 0.000000 2130.875244 0.000000 0.382277 0.000000 -0.924048 1.380067 1.380067 1.380067
1823.975708 0.000000 2116.390625 0.000000 0.992365 0.000000 -0.123337 1.218893 1.218893 1.218893
1825.166504 0.000000 2125.830078 0.000000 0.863332 0.000000 0.504636 1.119181 1.119181 1.119181
1840.959229 0.000000 2143.721924 0.000000 0.994992 0.000000 -0.099951 0.810198 0.810198 0.810198
1843.381836 0.000000 2143.479492 0.000000 0.824041 0.000000 0.566531 0.738651 0.738651 0.738651
1867.161743 0.000000 2127.471924 0.000000 0.339493 0.000000 0.940609 0.675282 0.675282 0.675282
1875.448853 0.000000 2141.872559 0.000000 0.989764 0.000000 0.142716 1.178120 1.178120 1.178120
1865.546143 0.000000 2136.805176 0.000000 0.315791 0.000000 0.948829 0.672726 0.672726 0.672726
1864.624512 0.000000 2125.178223 0.000000 0.702016 0.000000 -0.712161 0.880731 0.880731 0.880731
1866.326782 0.000000 2134.014404 0.000000 0.999299 0.000000 0.037437 0.796186 0.796186 0.796186
1873.150391 0.000000 2141.018555 0.000000 0.986856 0.000000 0.161602 0.783467 0.783467 0.783467
1865.181763 0.000000 2127.778809 0.000000 0.061264 0.000000 0.998122 0.646244 0.646244 0.646244
1866.537842 0.000000 2125.652832 0.000000 0.815150 0.000000 -0.579250 0.862929 0.862929 0.862929
1864.794678 0.000000 2134.952148 0.000000 0.921920 0.000000 -0.387381 0.840518 0.840518 0.840518
1865.349976 0.000000 2126.383789 0.000000 0.987216 0.000000 0.159386 0.783696 0.783696 0.783696
1875.871582 0.000000 2140.699463 0.000000 0.637999 0.000000 0.770037 1.065714 1.065714 1.065714
1865.076904 0.000000 2137.953613 0.000000 0.744925 0.000000 0.667148 0.725605 0.725605 0.725605
1865.840576 0.000000 2135.626221 0.000000 0.566413 0.000000 0.824121 0.701334 0.701334 0.701334
1874.367798 0.000000 2141.214844 0.000000 0.167430 0.000000 0.985884 0.985703 0.985703 0.985703
1875.038818 0.000000 2143.062500 0.000000 0.481921 0.000000 0.876215 0.691219 0.691219 0.691219
1864.572510 0.000000 2136.110840 0.000000 0.955538 0.000000 -0.294869 0.830488 0.830488 0.830488
1864.275024 0.000000 2126.365234 0.000000 0.856183 0.000000 -0.516673 0.855305 0.855305 0.855305
1874.557129 0.000000 2142.192871 0.000000 0.483750 0.000000 0.875206 0.691432 0.691432 0.691432
1875.042725 0.000000 2140.697998 0.000000 0.998708 0.000000 0.050816 1.192233 1.192233 1.192233
1875.377930 0.000000 2143.479492 0.000000 0.994774 0.000000 -0.102099 0.810418 0.810418 0.810418
1979.101318 0.000000 2265.473633 0.000000 0.893650 0.000000 0.448764 0.752597 0.752597 0.752597
1975.416504 0.000000 2268.941406 0.000000 0.624591 0.000000 0.780952 0.708715 0.708715 0.708715
1981.419800 0.000000 2269.675049 0.000000 0.998847 0.000000 -0.048005 1.207337 1.207337 1.207337
1982.177490 0.000000 2266.471191 0.000000 0.099326 0.000000 -0.995055 0.949866 0.949866 0.949866
1978.354980 0.000000 2269.557129 0.000000 0.882011 0.000000 -0.471229 1.274971 1.274971 1.274971
1976.940552 0.000000 2266.840576 0.000000 0.603739 0.000000 0.797182 0.706023 0.706023 0.706023
1979.996826 0.000000 2267.727539 0.000000 0.359607 0.000000 0.933104 0.677469 0.677469 0.677469
1975.848389 0.000000 2270.921143 0.000000 0.205663 0.000000 0.978623 0.661099 0.661099 0.661099
1979.785889 0.000000 2270.923096 0.000000 0.669175 0.000000 0.743105 1.072009 1.072009 1.072009
1983.018311 0.000000 2268.291260 0.000000 0.601753 0.000000 0.798682 1.058655 1.058655 1.058655
1983.139160 0.000000 2270.955811 0.000000 0.610089 0.000000 -0.792333 1.339744 1.339744 1.339744
1977.086060 0.000000 2268.533936 0.000000 0.771950 0.000000 0.635683 1.094745 1.094745 1.094745
1978.419434 0.000000 2267.638428 0.000000 0.445611 0.000000 -0.895227 0.912956 0.912956 0.912956
1977.465820 0.000000 2270.964111 0.000000 0.486276 0.000000 -0.873805 1.362410 1.362410 1.362410
1979.850586 0.000000 2269.281982 0.000000 0.981079 0.000000 -0.193609 1.229769 1.229769 1.229769
1981.499878 0.000000 2267.867920 0.000000 0.755071 0.000000 -0.655643 0.872833 0.872833 0.872833
1983.755859 0.000000 2266.105469 0.000000 0.544065 0.000000 0.839043 0.698597 0.698597 0.698597
1976.500488 0.000000 2269.742676 0.000000 0.956270 0.000000 0.292484 1.154649 1.154649 1.154649
1982.971069 0.000000 2269.616455 0.000000 0.195577 0.000000 -0.980688 1.409924 1.409924 1.409924
1979.668213 0.000000 2266.544189 0.000000 0.995734 0.000000 -0.092274 0.809412 0.809412 0.809412
1980.940430 0.000000 2270.764160 0.000000 0.999993 0.000000 -0.003825 1.200585 1.200585 1.200585
1983.147217 0.000000 2267.120850 0.000000 0.559457 0.000000 0.828860 0.700477 0.700477 0.700477
1978.691528 0.000000 2270.700928 0.000000 0.564407 0.000000 -0.825497 1.348370 1.348370 1.348370
1982.047974 0.000000 2270.601318 0.000000 0.465307 0.000000 0.885149 1.033947 1.033947 1.033947
1980.786011 0.000000 2268.698730 0.000000 0.147186 0.000000 0.989109 0.982570 0.982570 0.982570
1978.925171 0.000000 2268.632812 0.000000 0.632075 0.000000 0.774908 1.064542 1.064542 1.064542
1982.071655 0.000000 2268.801270 0.000000 0.741146 0.000000 0.671344 1.087544 1.087544 1.087544
1980.858643 0.000000 2266.874023 0.000000 0.186911 0.000000 0.982377 0.659151 0.659151 0.659151
1980.266113 0.000000 2270.119385 0.000000 0.279710 0.000000 -0.960085 1.396686 1.396686 1.396686
1977.429932 0.000000 2269.695557 0.000000 0.821267 0.000000 -0.570543 1.292768 1.292768 1.292768
1978.005127 0.000000 2268.653320 0.000000 0.764684 0.000000 0.644406 1.093010 1.093010 1.093010
1979.268188 0.000000 2270.013428 0.000000 0.339924 0.000000 0.940453 1.012993 1.012993 1.012993
1976.304565 0.000000 2268.897949 0.000000 0.991759 0.000000 0.128114 1.180372 1.180372 1.180372
1976.724854 0.000000 2270.564697 0.000000 0.857551 0.000000 0.514399 1.117447 1.117447 1.117447
1930.248779 0.000000 2300.968506 0.000000 0.607127 0.000000 0.794605 1.059686 1.059686 1.059686
1943.260742 0.000000 2281.148438 0.000000 0.271812 0.000000 -0.962350 1.397941 1.397941 1.397941
1936.372314 0.000000 2290.907959 0.000000 0.905762 0.000000 -0.423786 1.266864 1.266864 1.266864
1948.327271 0.000000 2288.544189 0.000000 0.581041 0.000000 -0.813874 1.345270 1.345270 1.345270
1935.248779 0.000000 2282.897949 0.000000 0.434342 0.000000 0.900748 0.685766 0.685766 0.685766
1951.602051 0.000000 2280.015625 0.000000 0.742310 0.000000 0.670056 0.725206 0.725206 0.725206
1939.315186 0.000000 2297.986816 0.000000 0.150989 0.000000 0.988535 0.655439 0.655439 0.655439
1937.763428 0.000000 2276.846924 0.000000 0.611410 0.000000 0.791314 0.707007 0.707007 0.707007
1931.153931 0.000000 2287.432861 0.000000 0.031117 0.000000 -0.999516 0.956830 0.956830 0.956830
1940.729736 0.000000 2286.533203 0.000000 0.759568 0.000000 -0.650428 1.308197 1.308197 1.308197
1932.979614 0.000000 2295.698730 0.000000 0.910832 0.000000 0.412778 1.134988 1.134988 1.134988
1935.870239 0.000000 2303.180420 0.000000 0.805704 0.000000 0.592319 1.103142 1.103142 1.103142
1945.551880 0.000000 2275.994873 0.000000 0.504914 0.000000 0.863170 0.979641 0.979641 0.979641
1949.301147 0.000000 2293.478760 0.000000 0.836724 0.000000 -0.547625 0.859030 0.859030 0.859030
1939.207886 0.000000 2280.786133 0.000000 0.591770 0.000000 0.806107 1.056754 1.056754 1.056754
1935.367065 0.000000 2299.078125 0.000000 0.698151 0.000000 -0.715950 1.321923 1.321923 1.321923
1931.558228 0.000000 2291.406738 0.000000 0.828667 0.000000 -0.559742 0.860512 0.860512 0.860512
1944.647095 0.000000 2287.170654 0.000000 0.231324 0.000000 -0.972877 0.936222 0.936222 0.936222
1941.613892 0.000000 2275.754883 0.000000 0.990976 0.000000 0.134041 0.786306 0.786306 0.786306
1935.500244 0.000000 2287.138916 0.000000 0.197107 0.000000 -0.980382 1.409686 1.409686 1.409686
1937.100586 0.000000 2294.720703 0.000000 0.936889 0.000000 -0.349628 0.836381 0.836381 0.836381
1939.441040 0.000000 2301.833496 0.000000 0.319322 0.000000 0.947646 0.673106 0.673106 0.673106
1951.198486 0.000000 2286.072510 0.000000 0.999844 0.000000 0.017647 1.197304 1.197304 1.197304
1946.354614 0.000000 2291.511230 0.000000 0.754178 0.000000 -0.656670 1.309457 1.309457 1.309457
1929.538330 0.000000 2296.766113 0.000000 0.827846 0.000000 -0.560956 0.860661 0.860661 0.860661
1939.789429 0.000000 2289.949219 0.000000 0.075711 0.000000 -0.997130 1.428421 1.428421 1.428421
1938.335693 0.000000 2284.207764 0.000000 0.155094 0.000000 -0.987900 1.416207 1.416207 1.416207
1932.156372 0.000000 2284.126709 0.000000 0.992110 0.000000 0.125374 0.787196 0.787196 0.787196
1926.841553 0.000000 2301.378906 0.000000 0.851842 0.000000 0.523800 0.743845 0.743845 0.743845
1943.834961 0.000000 2284.204346 0.000000 0.209248 0.000000 -0.977863 1.104150 1.104150 1.104150
1950.494141 0.000000 2283.007080 0.000000 0.521655 0.000000 -0.853156 0.904101 0.904101 0.904101
1933.262329 0.000000 2301.239014 0.000000 0.986999 0.000000 -0.160728 1.224664 1.224664 1.224664
1950.524658 0.000000 2290.618896 0.000000 0.391551 0.000000 -0.920156 1.378531 1.378531 1.378531
1934.137085 0.000000 2292.987793 0.000000 0.963551 0.000000 0.267525 1.158621 1.158621 1.158621
1932.060547 0.000000 2298.442139 0.000000 0.952015 0.000000 0.306050 1.152476 1.152476 1.152476
1933.779419 0.000000 2289.468994 0.000000 0.677623 0.000000 -0.735410 1.326245 1.326245 1.326245
1943.316406 0.000000 2278.148193 0.000000 0.315433 0.000000 0.948948 1.009032 1.009032 1.009032
1930.318970 0.000000 2293.975342 0.000000 0.629125 0.000000 -0.777304 0.890692 0.890692 0.890692
1941.079346 0.000000 2283.216797 0.000000 0.999922 0.000000 -0.012497 1.201910 1.201910 1.201910
1943.726196 0.000000 2273.815918 0.000000 0.973315 0.000000 -0.229473 0.823584 0.823584 0.823584
1936.429199 0.000000 2280.357666 0.000000 0.805442 0.000000 -0.592674 0.864617 0.864617 0.864617
1947.515869 0.000000 2274.016357 0.000000 0.830173 0.000000 -0.557506 0.860237 0.860237 0.860237
1940.192261 0.000000 2278.192627 0.000000 0.649005 0.000000 -0.760784 1.332089 1.332089 1.332089
1938.800537 0.000000 2292.554443 0.000000 0.270405 0.000000 -0.962747 0.932110 0.932110 0.932110
1942.483521 0.000000 2289.566406 0.000000 0.999859 0.000000 -0.016810 0.801712 0.801712 0.801712
1938.192261 0.000000 2287.680420 0.000000 0.990100 0.000000 -0.140365 1.221517 1.221517 1.221517
1928.889160 0.000000 2303.093994 0.000000 0.738485 0.000000 -0.674270 1.313060 1.313060 1.313060
1946.973633 0.000000 2286.210693 0.000000 0.362263 0.000000 0.932076 0.677759 0.677759 0.677759
1928.603638 0.000000 2299.074951 0.000000 0.199580 0.000000 -0.979882 0.939534 0.939534 0.939534
1937.142578 0.000000 2300.979492 0.000000 0.110172 0.000000 0.993912 0.976867 0.976867 0.976867
1935.309204 0.000000 2296.514404 0.000000 0.022964 0.000000 -0.999736 1.436491 1.436491 1.436491
1933.201538 0.000000 2286.248291 0.000000 0.427122 0.000000 0.904194 0.684951 0.684951 0.684951
1945.795044 0.000000 2289.201416 0.000000 0.773407 0.000000 0.633909 1.095096 1.095096 1.095096
1947.743408 0.000000 2276.719482 0.000000 0.554146 0.000000 0.832420 0.699826 0.699826 0.699826
1930.146851 0.000000 2289.519531 0.000000 0.134412 0.000000 0.990926 0.653733 0.653733 0.653733
1924.688477 0.000000 2302.513672 0.000000 0.904842 0.000000 -0.425747 1.267195 1.267195 1.267195
1936.222900 0.000000 2284.891602 0.000000 0.854566 0.000000 0.519343 1.116565 1.116565 1.116565
1937.335571 0.000000 2282.321533 0.000000 0.214607 0.000000 -0.976700 1.406953 1.406953 1.406953
1948.527832 0.000000 2291.376953 0.000000 0.192757 0.000000 0.981247 0.989637 0.989637 0.989637
1944.290649 0.000000 2290.773926 0.000000 0.513456 0.000000 0.858116 1.008320 1.008320 1.008320
1950.401855 0.000000 2288.081543 0.000000 0.171420 0.000000 -0.985198 1.413679 1.413679 1.413679
1937.252319 0.000000 2297.609619 0.000000 0.336143 0.000000 0.941811 1.012379 1.012379 1.012379
1941.229248 0.000000 2280.029541 0.000000 0.144404 0.000000 -0.989519 1.417859 1.417859 1.417859
1942.793457 0.000000 2286.134033 0.000000 0.312921 0.000000 -0.949779 0.927582 0.927582 0.927582
1938.750366 0.000000 2295.932373 0.000000 0.383229 0.000000 -0.923654 0.919940 0.919940 0.919940
1931.606567 0.000000 2302.589600 0.000000 0.664293 0.000000 -0.747472 1.328992 1.328992 1.328992
1936.593994 0.000000 2288.888916 0.000000 0.889790 0.000000 -0.456370 1.272408 1.272408 1.272408
1938.204712 0.000000 2278.803467 0.000000 0.732779 0.000000 0.680467 1.085653 1.085653 1.085653
1940.766846 0.000000 2291.742920 0.000000 0.417307 0.000000 0.908765 0.683848 0.683848 0.683848
1936.274292 0.000000 2292.874023 0.000000 0.909365 0.000000 -0.415999 1.265553 1.265553 1.265553
1932.302490 0.000000 2293.872559 0.000000 0.714638 0.000000 0.699495 0.721091 0.721091 0.721091
1934.070801 0.000000 2284.432129 0.000000 0.544740 0.000000 0.838605 0.698679 0.698679 0.698679
1943.528687 0.000000 2276.003906 0.000000 0.993574 0.000000 -0.113186 1.217331 1.217331 1.217331
1940.991943 0.000000 2288.405518 0.000000 0.764803 0.000000 0.644264 0.728692 0.728692 0.728692
1937.768188 0.000000 2302.799316 0.000000 0.312434 0.000000 0.949940 1.008549 1.008549 1.008549
1933.460938 0.000000 2303.187500 0.000000 0.987810 0.000000 0.155665 1.176119 1.176119 1.176119
1935.296997 0.000000 2301.395508 0.000000 0.747413 0.000000 -0.664360 1.311022 1.311022 1.311022
1933.980225 0.000000 2297.806396 0.000000 0.979925 0.000000 -0.199368 1.230667 1.230667 1.230667
1921.735229 0.000000 2303.108398 0.000000 0.122122 0.000000 -0.992515 0.947530 0.947530 0.947530
1934.643921 0.000000 2294.786377 0.000000 0.965503 0.000000 -0.260393 1.240249 1.240249 1.240249
1931.945557 0.000000 2289.145508 0.000000 0.092162 0.000000 0.995744 0.649401 0.649401 0.649401
1934.516479 0.000000 2291.206787 0.000000 0.065224 0.000000 -0.997871 1.430028 1.430028 1.430028
1945.489624 0.000000 2273.280029 0.000000 0.477966 0.000000 0.878378 0.690760 0.690760 0.690760
1940.135864 0.000000 2284.787109 0.000000 0.050853 0.000000 -0.998706 1.432227 1.432227 1.432227
1931.042725 0.000000 2295.612061 0.000000 0.264548 0.000000 -0.964373 0.932729 0.932729 0.932729
1938.786377 0.000000 2285.976807 0.000000 0.247257 0.000000 0.968950 0.998174 0.998174 0.998174
1930.339233 0.000000 2298.810303 0.000000 0.183180 0.000000 0.983079 0.988147 0.988147 0.988147
1939.363525 0.000000 2282.724854 0.000000 0.690580 0.000000 -0.723256 1.323531 1.323531 1.323531
1938.135620 0.000000 2290.625732 0.000000 0.873481 0.000000 -0.486858 0.851794 0.851794 0.851794
1942.687134 0.000000 2287.859619 0.000000 0.973833 0.000000 -0.227266 0.823353 0.823353 0.823353
1947.297485 0.000000 2290.070312 0.000000 0.433269 0.000000 -0.901264 1.371533 1.371533 1.371533
1933.471069 0.000000 2299.492676 0.000000 0.516113 0.000000 -0.856520 1.357142 1.357142 1.357142
1944.106689 0.000000 2288.897217 0.000000 0.936843 0.000000 -0.349751 1.254592 1.254592 1.254592
1931.863770 0.000000 2300.243652 0.000000 0.874019 0.000000 0.485893 1.122478 1.122478 1.122478
1937.027588 0.000000 2286.370117 0.000000 0.836211 0.000000 -0.548408 1.288688 1.288688 1.288688
1942.691650 0.000000 2282.738037 0.000000 0.997511 0.000000 0.070506 1.189219 1.189219 1.189219
1947.640747 0.000000 2292.861328 0.000000 0.990202 0.000000 -0.139640 0.814270 0.814270 0.814270
1948.913330 0.000000 2286.930420 0.000000 0.755785 0.000000 -0.654820 0.872722 0.872722 0.872722
1928.462402 0.000000 2300.926758 0.000000 0.413078 0.000000 0.910696 0.683375 0.683375 0.683375
1942.180176 0.000000 2284.569092 0.000000 0.712433 0.000000 0.701741 0.847965 0.847965 0.847965
1940.638794 0.000000 2281.617432 0.000000 0.751995 0.000000 -0.659169 1.309964 1.309964 1.309964
1933.890991 0.000000 2287.795898 0.000000 0.133564 0.000000 -0.991040 0.946355 0.946355 0.946355
1941.756958 0.000000 2277.477051 0.000000 0.662691 0.000000 -0.748893 1.329319 1.329319 1.329319
1946.817139 0.000000 2287.852539 0.000000 0.538141 0.000000 -0.842855 0.902121 0.902121 0.902121
1944.763672 0.000000 2277.436768 0.000000 0.734725 0.000000 0.678365 0.851836 0.851836 0.851836
1942.877319 0.000000 2279.652588 0.000000 0.999941 0.000000 -0.010828 1.201654 1.201654 1.201654
1949.099854 0.000000 2289.901611 0.000000 0.032756 0.000000 0.999463 0.965006 0.965006 0.965006
1936.894287 0.000000 2299.342529 0.000000 0.269913 0.000000 -0.962885 1.398242 1.398242 1.398242
1933.064331 0.000000 2291.783447 0.000000 0.520779 0.000000 -0.853691 1.356308 1.356308 1.356308
1950.973877 0.000000 2281.476318 0.000000 0.672322 0.000000 -0.740259 0.884895 0.884895 0.884895
1942.314697 0.000000 2274.357910 0.000000 0.417798 0.000000 -0.908540 1.365164 1.365164 1.365164
1926.218628 0.000000 2302.833496 0.000000 0.126182 0.000000 0.992007 0.652887 0.652887 0.652887
1940.295898 0.000000 2276.610840 0.000000 0.998324 0.000000 0.057866 1.191154 1.191154 1.191154
1934.923462 0.000000 2285.692627 0.000000 0.973434 0.000000 0.228968 0.776469 0.776469 0.776469
1951.214722 0.000000 2284.460938 0.000000 0.998413 0.000000 -0.056314 1.208609 1.208609 1.208609
1935.262939 0.000000 2289.826660 0.000000 0.846813 0.000000 0.531890 1.114311 1.114311 1.114311
1932.066040 0.000000 2296.913330 0.000000 0.735567 0.000000 0.677452 1.086281 1.086281 1.086281
1938.432617 0.000000 2289.150879 0.000000 0.794604 0.000000 0.607128 1.100314 1.100314 1.100314
1946.090942 0.000000 2274.601318 0.000000 0.648748 0.000000 -0.761003 0.888094 0.888094 0.888094
1937.462646 0.000000 2291.959473 0.000000 0.264986 0.000000 -0.964252 1.399024 1.399024 1.399024
1936.862183 0.000000 2296.187256 0.000000 0.128985 0.000000 0.991647 0.979763 0.979763 0.979763
1939.698608 0.000000 2287.575195 0.000000 0.096116 0.000000 -0.995370 1.425292 1.425292 1.425292
1946.261963 0.000000 2293.214600 0.000000 0.964326 0.000000 -0.264716 0.827289 0.827289 0.827289
1936.644775 0.000000 2283.537598 0.000000 0.758110 0.000000 -0.652127 1.308539 1.308539 1.308539
1930.186279 0.000000 2302.458252 0.000000 0.821710 0.000000 0.569906 1.107350 1.107350 1.107350
1932.690918 0.000000 2290.410889 0.000000 0.859589 0.000000 -0.510986 1.281945 1.281945 1.281945
1937.910400 0.000000 2280.194580 0.000000 0.552188 0.000000 0.833719 0.699586 0.699586 0.699586
1944.529419 0.000000 2274.987793 0.000000 0.973659 0.000000 0.228011 1.096333 1.096333 1.096333
1930.208618 0.000000 2290.960938 0.000000 0.773523 0.000000 0.633768 0.730082 0.730082 0.730082
1939.458252 0.000000 2279.434082 0.000000 0.998743 0.000000 -0.050129 1.207662 1.207662 1.207662
1947.263916 0.000000 2275.363281 0.000000 0.894821 0.000000 0.446426 0.752863 0.752863 0.752863
1951.103882 0.000000 2289.312988 0.000000 0.739172 0.000000 -0.673517 1.312904 1.312904 1.312904
1932.503174 0.000000 2287.876953 0.000000 0.168652 0.000000 0.985676 0.657261 0.657261 0.657261
1935.888428 0.000000 2297.758789 0.000000 0.635787 0.000000 0.771864 1.065276 1.065276 1.065276
1927.632324 0.000000 2302.525146 0.000000 0.871708 0.000000 -0.490026 0.852164 0.852164 0.852164
1923.138672 0.000000 2302.702881 0.000000 0.574785 0.000000 -0.818304 0.897627 0.897627 0.897627
1938.955200 0.000000 2277.524170 0.000000 0.522045 0.000000 -0.852918 0.904054 0.904054 0.904054
1930.765381 0.000000 2297.331543 0.000000 0.655141 0.000000 0.755507 1.069147 1.069147 1.069147
1949.662964 0.000000 2292.116943 0.000000 0.543568 0.000000 -0.839365 0.901463 0.901463 0.901463
1939.380859 0.000000 2291.318604 0.000000 0.911835 0.000000 -0.410556 0.843093 0.843093 0.843093
1937.535400 0.000000 2293.383057 0.000000 0.776769 0.000000 -0.629785 1.304091 1.304091 1.304091
1942.712036 0.000000 2290.895752 0.000000 0.330464 0.000000 0.943818 0.674306 0.674306 0.674306
1935.078369 0.000000 2288.455811 0.000000 0.506766 0.000000 0.862084 1.041196 1.041196 1.041196
1934.591064 0.000000 2300.214600 0.000000 0.968011 0.000000 -0.250907 1.238750 1.238750 1.238750
1935.843140 0.000000 2294.148682 0.000000 0.231690 0.000000 -0.972790 1.404276 1.404276 1.404276
1941.955688 0.000000 2281.575928 0.000000 0.961117 0.000000 -0.276141 1.242747 1.242747 1.242747
1934.647217 0.000000 2302.619629 0.000000 0.804266 0.000000 0.594270 1.102772 1.102772 1.102772
1941.841553 0.000000 2278.875977 0.000000 0.990180 0.000000 -0.139797 1.221430 1.221430 1.221430
1935.967896 0.000000 2300.317383 0.000000 0.416035 0.000000 -0.909349 1.374441 1.374441 1.374441
1936.636475 0.000000 2302.172852 0.000000 0.245228 0.000000 0.969465 0.997854 0.997854 0.997854
1937.493530 0.000000 2285.173828 0.000000 0.025384 0.000000 0.999678 0.963879 0.963879 0.963879
1936.712769 0.000000 2287.620361 0.000000 0.693188 0.000000 0.720757 1.077021 1.077021 1.077021
1945.517090 0.000000 2290.508789 0.000000 0.746117 0.000000 -0.665815 1.268466 1.268466 1.268466
1933.365234 0.000000 2294.502441 0.000000 0.651624 0.000000 0.758542 1.068438 1.068438 1.068438
1933.924072 0.000000 2296.573486 0.000000 0.599315 0.000000 0.800513 1.058189 1.058189 1.058189
1938.450806 0.000000 2281.754150 0.000000 0.767332 0.000000 -0.641250 1.306360 1.306360 1.306360
1941.858643 0.000000 2286.969727 0.000000 0.300266 0.000000 0.953856 1.006596 1.006596 1.006596
1941.269043 0.000000 2285.379639 0.000000 0.986236 0.000000 0.165342 1.174621 1.174621 1.174621
1935.584961 0.000000 2291.867920 0.000000 0.989594 0.000000 -0.143887 1.222061 1.222061 1.222061
1949.973633 0.000000 2286.279541 0.000000 0.258116 0.000000 -0.966114 0.933407 0.933407 0.933407
1931.271362 0.000000 2290.207764 0.000000 0.997237 0.000000 -0.074285 0.807573 0.807573 0.807573
1930.267456 0.000000 2288.309082 0.000000 0.991022 0.000000 0.133702 0.786340 0.786340 0.786340
1935.929688 0.000000 2295.385986 0.000000 0.873990 0.000000 0.485943 1.122469 1.122469 1.122469
1931.409180 0.000000 2301.405518 0.000000 0.674416 0.000000 -0.738352 1.326910 1.326910 1.326910
1939.031006 0.000000 2303.023438 0.000000 0.650683 0.000000 0.759349 0.712166 0.712166 0.712166
1951.393921 0.000000 2287.368896 0.000000 0.839111 0.000000 0.543960 1.112124 1.112124 1.112124
1933.045654 0.000000 2285.009521 0.000000 0.405086 0.000000 -0.914279 0.917517 0.917517 0.917517
1951.648926 0.000000 2290.922852 0.000000 0.999896 0.000000 0.014404 1.197799 1.197799 1.197799
1935.234619 0.000000 2284.266602 0.000000 0.646133 0.000000 0.763225 0.711557 0.711557 0.711557
1938.823486 0.000000 2276.354736 0.000000 0.948767 0.000000 0.315975 0.767254 0.767254 0.767254
1945.162231 0.000000 2291.632324 0.000000 0.340838 0.000000 -0.940122 1.341537 1.341537 1.341537
1939.421631 0.000000 2283.866699 0.000000 0.718626 0.000000 -0.695397 1.317490 1.317490 1.317490
1937.432861 0.000000 2289.704102 0.000000 0.293411 0.000000 0.955986 1.005499 1.005499 1.005499
1943.866089 0.000000 2291.992432 0.000000 0.244198 0.000000 -0.969725 0.934872 0.934872 0.934872
1942.572021 0.000000 2276.651367 0.000000 0.534889 0.000000 0.844922 1.046230 1.046230 1.046230
1929.102051 0.000000 2301.922607 0.000000 0.709768 0.000000 0.704435 0.720384 0.720384 0.720384
1937.220947 0.000000 2281.189453 0.000000 0.425021 0.000000 0.905184 0.684715 0.684715 0.684715
1932.108765 0.000000 2286.720459 0.000000 0.303341 0.000000 0.952882 0.671393 0.671393 0.671393
1930.734131 0.000000 2299.900391 0.000000 0.463124 0.000000 0.886294 1.033570 1.033570 1.033570
1949.461060 0.000000 2288.763672 0.000000 0.999944 0.000000 -0.010593 1.201619 1.201619 1.201619
1932.026245 0.000000 2295.034424 0.000000 0.532013 0.000000 0.846736 1.045711 1.045711 1.045711
1939.605103 0.000000 2288.712646 0.000000 0.475802 0.000000 -0.879552 1.364236 1.364236 1.364236
1933.017212 0.000000 2292.939453 0.000000 0.198044 0.000000 0.980193 0.660307 0.660307 0.660307
1934.371338 0.000000 2286.683350 0.000000 0.495399 0.000000 0.868666 1.039190 1.039190 1.039190
1943.513062 0.000000 2287.012939 0.000000 0.907047 0.000000 0.421030 0.755734 0.755734 0.755734
1932.670532 0.000000 2302.222412 0.000000 0.406617 0.000000 -0.913599 1.376020 1.376020 1.376020
1943.534912 0.000000 2289.938721 0.000000 0.659403 0.000000 -0.751789 0.886659 0.886659 0.886659
1938.217651 0.000000 2283.052246 0.000000 0.859723 0.000000 0.510761 1.118095 1.118095 1.118095
1943.356934 0.000000 2274.870850 0.000000 0.063859 0.000000 0.997959 0.963426 0.963426 0.963426
1932.882202 0.000000 2297.704590 0.000000 0.981925 0.000000 -0.189270 1.229094 1.229094 1.229094
1950.399780 0.000000 2285.258545 0.000000 0.796793 0.000000 -0.604253 1.299134 1.299134 1.299134
1943.540649 0.000000 2285.263428 0.000000 0.928842 0.000000 -0.370477 0.986657 0.986657 0.986657
1935.986572 0.000000 2286.008057 0.000000 0.230041 0.000000 0.973181 0.995465 0.995465 0.995465
1947.186401 0.000000 2288.922119 0.000000 0.621897 0.000000 -0.783099 1.337454 1.337454 1.337454
1943.581909 0.000000 2277.079590 0.000000 0.997577 0.000000 -0.069574 1.210639 1.210639 1.210639
1942.212524 0.000000 2280.510010 0.000000 0.946232 0.000000 0.323489 1.149669 1.149669 1.149669
1947.416870 0.000000 2291.775146 0.000000 0.605982 0.000000 0.795479 1.059465 1.059465 1.059465
1935.243164 0.000000 2293.260986 0.000000 0.990457 0.000000 -0.137826 1.221125 1.221125 1.221125
1943.919800 0.000000 2280.062012 0.000000 0.461062 0.000000 0.887368 1.033215 1.033215 1.033215
1940.208374 0.000000 2280.324951 0.000000 0.984591 0.000000 -0.174872 1.226857 1.226857 1.226857
1939.838135 0.000000 2285.895020 0.000000 0.997474 0.000000 0.071039 1.189137 1.189137 1.189137
1940.611938 0.000000 2279.176758 0.000000 0.842724 0.000000 0.538346 1.113144 1.113144 1.113144
1944.833008 0.000000 2289.677979 0.000000 0.094454 0.000000 0.995529 0.974453 0.974453 0.974453
1948.166382 0.000000 2286.131104 0.000000 0.282219 0.000000 0.959350 0.669143 0.669143 0.669143
1949.498413 0.000000 2290.912598 0.000000 0.716972 0.000000 -0.697102 1.317853 1.317853 1.317853
1950.112427 0.000000 2289.629639 0.000000 0.627707 0.000000 -0.778449 1.336317 1.336317 1.336317
1939.104858 0.000000 2284.965576 0.000000 0.560836 0.000000 -0.827927 1.349030 1.349030 1.349030
1934.274902 0.000000 2301.510986 0.000000 0.226654 0.000000 -0.973975 1.405066 1.405066 1.405066
1932.953857 0.000000 2288.831055 0.000000 0.738110 0.000000 -0.674680 1.313145 1.313145 1.313145
1944.578979 0.000000 2276.359375 0.000000 0.979742 0.000000 0.200266 0.917015 0.917015 0.917015
1934.284790 0.000000 2298.785400 0.000000 0.996983 0.000000 0.077624 1.188128 1.188128 1.188128
1933.711914 0.000000 2290.558594 0.000000 0.657053 0.000000 -0.753844 1.330465 1.330465 1.330465
1937.546631 0.000000 2288.493408 0.000000 0.809433 0.000000 0.587213 1.104108 1.104108 1.104108
1937.778564 0.000000 2300.187988 0.000000 0.798317 0.000000 0.602237 1.101253 1.101253 1.101253
1936.271484 0.000000 2289.862305 0.000000 0.929645 0.000000 -0.368458 1.257655 1.257655 1.257655
1931.232300 0.000000 2294.402344 0.000000 0.012389 0.000000 -0.999923 0.958738 0.958738 0.958738
1940.617188 0.000000 2289.364502 0.000000 0.378393 0.000000 -0.925645 0.920473 0.920473 0.920473
1943.542480 0.000000 2282.118896 0.000000 0.019382 0.000000 -0.999812 1.437038 1.437038 1.437038
1932.891846 0.000000 2300.302734 0.000000 0.537442 0.000000 0.843301 1.046693 1.046693 1.046693
1936.256836 0.000000 2282.593262 0.000000 0.994851 0.000000 0.101346 1.184489 1.184489 1.184489
1940.982544 0.000000 2284.202637 0.000000 0.834641 0.000000 0.550794 1.110876 1.110876 1.110876
1943.095947 0.000000 2288.762451 0.000000 0.953705 0.000000 -0.300744 0.831115 0.831115 0.831115
1948.235840 0.000000 2290.410889 0.000000 0.229433 0.000000 -0.973325 1.404630 1.404630 1.404630
1933.955566 0.000000 2295.541504 0.000000 0.995175 0.000000 -0.098120 1.215016 1.215016 1.215016
1942.876099 0.000000 2283.718018 0.000000 0.850218 0.000000 -0.526431 1.284706 1.284706 1.284706
1939.627441 0.000000 2281.702148 0.000000 0.959148 0.000000 0.282904 1.156177 1.156177 1.156177
1939.143311 0.000000 2278.513672 0.000000 0.448681 0.000000 -0.893692 1.368909 1.368909 1.368909
1932.287109 0.000000 2303.314453 0.000000 0.711401 0.000000 0.702787 1.080931 1.080931 1.080931
1932.450684 0.000000 2299.407227 0.000000 0.131657 0.000000 0.991295 0.980174 0.980174 0.980174
1942.588501 0.000000 2275.512451 0.000000 0.051027 0.000000 -0.998697 1.422840 1.422840 1.422840
1931.362915 0.000000 2299.162109 0.000000 0.985336 0.000000 0.170626 1.173802 1.173802 1.173802
1934.945190 0.000000 2298.039062 0.000000 0.488564 0.000000 -0.872528 1.362010 1.362010 1.362010
1940.344849 0.000000 2282.573730 0.000000 0.794676 0.000000 0.607034 1.100332 1.100332 1.100332
1937.670898 0.000000 2301.845215 0.000000 0.018911 0.000000 -0.999821 1.437110 1.437110 1.437110
1937.959961 0.000000 2286.599365 0.000000 0.354613 0.000000 -0.935013 1.384614 1.384614 1.384614
1938.920288 0.000000 2286.922607 0.000000 0.181932 0.000000 0.983311 0.987953 0.987953 0.987953
1946.487793 0.000000 2290.564453 0.000000 0.783825 0.000000 -0.620982 1.302368 1.302368 1.302368
1922.109863 0.000000 2302.234619 0.000000 0.400131 0.000000 -0.916458 0.918069 0.918069 0.918069
1949.754761 0.000000 2287.381592 0.000000 0.387603 0.000000 -0.921826 0.919457 0.919457 0.919457
1940.663818 0.000000 2287.514893 0.000000 0.620594 0.000000 -0.784132 1.337708 1.337708 1.337708
1936.726685 0.000000 2298.404785 0.000000 0.740277 0.000000 0.672302 1.087347 1.087347 1.087347
1930.443726 0.000000 2296.394287 0.000000 0.281706 0.000000 0.959501 1.003632 1.003632 1.003632
1950.739746 0.000000 2291.548096 0.000000 0.971779 0.000000 -0.235893 1.236385 1.236385 1.236385
1940.825806 0.000000 2277.386475 0.000000 0.197958 0.000000 0.980211 0.990447 0.990447 0.990447
1933.322998 0.000000 2298.541016 0.000000 0.026082 0.000000 0.999660 0.963986 0.963986 0.963986
1937.837158 0.000000 2296.220459 0.000000 0.738157 0.000000 0.674629 1.086866 1.086866 1.086866
1932.329102 0.000000 2301.268311 0.000000 0.548187 0.000000 -0.836355 1.351353 1.351353 1.351353
1936.267822 0.000000 2301.294434 0.000000 0.448067 0.000000 -0.894000 1.369014 1.369014 1.369014
1934.153931 0.000000 2293.961670 0.000000 0.831066 0.000000 -0.556173 1.290111 1.290111 1.290111
1930.370728 0.000000 2303.388184 0.000000 0.499173 0.000000 0.866502 1.039854 1.039854 1.039854
1941.947144 0.000000 2283.641357 0.000000 0.394037 0.000000 0.919095 1.021883 1.021883 1.021883
1943.612793 0.000000 2279.041992 0.000000 0.988724 0.000000 -0.149749 1.222966 1.222966 1.222966
1948.223267 0.000000 2289.473389 0.000000 0.619474 0.000000 0.785017 1.062074 1.062074 1.062074
1943.590454 0.000000 2283.064209 0.000000 0.056253 0.000000 -0.998417 1.431401 1.431401 1.431401
1934.076050 0.000000 2292.033447 0.000000 0.841012 0.000000 -0.541016 1.287341 1.287341 1.287341
1935.443970 0.000000 2290.752686 0.000000 0.939626 0.000000 -0.342202 1.253363 1.253363 1.253363
1931.131470 0.000000 2298.242432 0.000000 0.339523 0.000000 -0.940598 1.387073 1.387073 1.387073
1937.394775 0.000000 2284.156494 0.000000 0.571349 0.000000 0.820707 1.052918 1.052918 1.052918
1941.621704 0.000000 2282.456299 0.000000 0.647060 0.000000 -0.762439 1.332479 1.332479 1.332479
1938.549316 0.000000 2302.153809 0.000000 0.270538 0.000000 -0.962709 0.932096 0.932096 0.932096
1936.411987 0.000000 2297.006348 0.000000 0.863603 0.000000 -0.504172 1.280737 1.280737 1.280737
1935.876221 0.000000 2288.001953 0.000000 0.398170 0.000000 0.917311 1.022570 1.022570 1.022570
1933.654663 0.000000 2302.196289 0.000000 0.429714 0.000000 0.902965 1.027865 1.027865 1.027865
1935.500977 0.000000 2302.284424 0.000000 0.429195 0.000000 -0.903212 1.372223 1.372223 1.372223
1934.909912 0.000000 2295.675293 0.000000 0.942833 0.000000 -0.333264 1.251912 1.251912 1.251912
1933.124390 0.000000 2287.177002 0.000000 0.718487 0.000000 0.695540 0.721653 0.721653 0.721653
1937.311768 0.000000 2291.052979 0.000000 0.942765 0.000000 -0.333459 1.251944 1.251944 1.251944
1944.733521 0.000000 2288.170654 0.000000 0.890307 0.000000 0.455360 1.127765 1.127765 1.127765
1934.632446 0.000000 2297.159424 0.000000 0.974445 0.000000 0.224626 1.165384 1.165384 1.165384
1941.202881 0.000000 2278.207520 0.000000 0.922303 0.000000 0.386467 1.139374 1.139374 1.139374
1942.401123 0.000000 2278.120605 0.000000 0.185819 0.000000 -0.982584 1.411443 1.411443 1.411443
1936.631958 0.000000 2293.694580 0.000000 0.410878 0.000000 0.911690 1.024693 1.024693 1.024693
1941.322144 0.000000 2276.639648 0.000000 0.994244 0.000000 -0.107140 1.216401 1.216401 1.216401
1936.550781 0.000000 2291.989502 0.000000 0.949415 0.000000 0.314025 1.151195 1.151195 1.151195
1938.578491 0.000000 2279.595947 0.000000 0.604584 0.000000 -0.796541 1.340803 1.340803 1.340803
1934.178467 0.000000 2288.669922 0.000000 0.997475 0.000000 -0.071017 1.210860 1.210860 1.210860
1950.646851 0.000000 2286.908936 0.000000 0.690268 0.000000 0.723554 1.076403 1.076403 1.076403
1931.837646 0.000000 2296.058838 0.000000 0.960019 0.000000 -0.279936 1.243350 1.243350 1.243350
1938.932007 0.000000 2288.153564 0.000000 0.339655 0.000000 0.940550 1.012949 1.012949 1.012949
1934.891113 0.000000 2292.461182 0.000000 0.864809 0.000000 -0.502101 1.280371 1.280371 1.280371
1941.651978 0.000000 2287.815918 0.000000 0.711339 0.000000 -0.702849 1.319083 1.319083 1.319083
1934.441650 0.000000 2290.105713 0.000000 0.038054 0.000000 -0.999276 1.434184 1.434184 1.434184
1941.699585 0.000000 2286.121582 0.000000 0.426766 0.000000 0.904362 1.027367 1.027367 1.027367
1933.787476 0.000000 2300.527100 0.000000 0.930348 0.000000 0.366679 1.142637 1.142637 1.142637
1935.740356 0.000000 2289.006836 0.000000 0.929360 0.000000 0.369175 1.142227 1.142227 1.142227
1940.322876 0.000000 2283.624512 0.000000 0.894739 0.000000 0.446590 1.129267 1.129267 1.129267
1932.408691 0.000000 2291.254883 0.000000 0.731164 0.000000 -0.682202 1.314709 1.314709 1.314709
1932.897339 0.000000 2296.714111 0.000000 0.380793 0.000000 0.924660 1.019688 1.019688 1.019688
1941.319946 0.000000 2280.937012 0.000000 0.911610 0.000000 0.411057 1.135277 1.135277 1.135277
1934.707397 0.000000 2287.457764 0.000000 0.881928 0.000000 0.471384 1.125002 1.125002 1.125002
1946.401001 0.000000 2288.604736 0.000000 0.465975 0.000000 0.884798 1.034062 1.034062 1.034062
1947.653809 0.000000 2288.010986 0.000000 0.701239 0.000000 0.712926 1.078737 1.078737 1.078737
1946.606812 0.000000 2289.535889 0.000000 0.527201 0.000000 0.849740 1.044844 1.044844 1.044844
1947.563354 0.000000 2290.933350 0.000000 0.307022 0.000000 0.951702 1.007680 1.007680 1.007680
1936.277466 0.000000 2286.814697 0.000000 0.890653 0.000000 -0.454683 1.272119 1.272119 1.272119
1936.731934 0.000000 2285.568359 0.000000 0.141426 0.000000 0.989949 0.981681 0.981681 0.981681
1938.244995 0.000000 2280.952881 0.000000 0.432211 0.000000 0.901773 1.028288 1.028288 1.028288
1951.434814 0.000000 2290.118896 0.000000 0.932111 0.000000 -0.362173 1.256623 1.256623 1.256623
1942.014282 0.000000 2279.709229 0.000000 0.872172 0.000000 -0.489200 1.278101 1.278101 1.278101
1931.244873 0.000000 2296.651855 0.000000 0.649306 0.000000 0.760527 1.067971 1.067971 1.067971
1937.975586 0.000000 2292.678467 0.000000 0.104415 0.000000 0.994534 0.975982 0.975982 0.975982
1951.501953 0.000000 2288.574463 0.000000 0.745773 0.000000 0.666200 1.088601 1.088601 1.088601
1930.926392 0.000000 2302.112793 0.000000 0.994309 0.000000 -0.106530 1.216308 1.216308 1.216308
1937.410522 0.000000 2283.199463 0.000000 0.331071 0.000000 0.943606 1.011557 1.011557 1.011557
1936.670532 0.000000 2303.066895 0.000000 0.964546 0.000000 -0.263917 1.240807 1.240807 1.240807
1942.763306 0.000000 2281.898438 0.000000 0.890876 0.000000 -0.454247 1.272044 1.272044 1.272044
1939.718384 0.000000 2286.698486 0.000000 0.907687 0.000000 0.419648 1.133834 1.133834 1.133834
1938.312012 0.000000 2285.239502 0.000000 0.826401 0.000000 -0.563082 1.291385 1.291385 1.291385
1957.177124 0.000000 2286.067627 0.000000 0.531671 0.000000 0.846951 0.697100 0.697100 0.697100
1983.598145 0.000000 2280.015625 0.000000 0.609213 0.000000 0.793006 0.706725 0.706725 0.706725
1955.971924 0.000000 2278.677246 0.000000 0.525762 0.000000 0.850632 0.696390 0.696390 0.696390
1981.504639 0.000000 2271.887207 0.000000 0.895023 0.000000 0.446020 1.129364 1.129364 1.129364
1951.858887 0.000000 2289.777832 0.000000 0.072430 0.000000 0.997373 0.971076 0.971076 0.971076
1977.547974 0.000000 2275.994873 0.000000 0.961653 0.000000 -0.274270 0.828300 0.828300 0.828300
1953.274414 0.000000 2282.983643 0.000000 0.988023 0.000000 0.154310 1.176329 1.176329 1.176329
1982.376953 0.000000 2275.580566 0.000000 0.958497 0.000000 0.285103 1.155827 1.155827 1.155827
1977.847900 0.000000 2271.495361 0.000000 0.267066 0.000000 -0.963678 1.398694 1.398694 1.398694
1956.114014 0.000000 2289.417480 0.000000 0.766664 0.000000 -0.642049 0.871013 0.871013 0.871013
1952.550537 0.000000 2286.369141 0.000000 0.925797 0.000000 0.378020 1.140771 1.140771 1.140771
1957.765381 0.000000 2282.683838 0.000000 0.472082 0.000000 0.881554 0.920106 0.920106 0.920106
1952.811401 0.000000 2279.628662 0.000000 0.020641 0.000000 0.999787 0.642103 0.642103 0.642103
1979.511963 0.000000 2274.016357 0.000000 0.217864 0.000000 -0.975979 0.937629 0.937629 0.937629
1955.372925 0.000000 2281.407471 0.000000 0.342113 0.000000 -0.939659 1.386652 1.386652 1.386652
1954.869995 0.000000 2287.167725 0.000000 0.474838 0.000000 -0.880073 1.364403 1.364403 1.364403
1955.461548 0.000000 2284.253906 0.000000 0.220645 0.000000 -0.975354 1.406008 1.406008 1.406008
1983.754272 0.000000 2277.834229 0.000000 0.954083 0.000000 -0.299542 1.246480 1.246480 1.246480
1951.763184 0.000000 2284.389893 0.000000 0.444336 0.000000 0.895860 1.030349 1.030349 1.030349
1953.348877 0.000000 2288.456055 0.000000 0.201302 0.000000 -0.979529 1.409032 1.409032 1.409032
1957.777832 0.000000 2288.278076 0.000000 0.628287 0.000000 -0.777982 0.890802 0.890802 0.890802
1951.892212 0.000000 2281.455078 0.000000 0.445680 0.000000 0.895192 0.687052 0.687052 0.687052
1982.831055 0.000000 2273.571289 0.000000 0.521893 0.000000 0.853011 1.043892 1.043892 1.043892
1975.967285 0.000000 2271.758545 0.000000 0.994299 0.000000 0.106632 0.789118 0.789118 0.789118
1953.666748 0.000000 2284.883545 0.000000 0.843709 0.000000 0.536800 1.113424 1.113424 1.113424
1979.652710 0.000000 2271.670410 0.000000 0.848265 0.000000 0.529572 1.114729 1.114729 1.114729
1977.485718 0.000000 2273.280029 0.000000 0.902197 0.000000 0.431323 0.754575 0.754575 0.754575
1957.054443 0.000000 2280.824463 0.000000 0.997305 0.000000 -0.073368 0.807480 0.807480 0.807480
1957.677368 0.000000 2278.180176 0.000000 0.999985 0.000000 0.005507 0.799439 0.799439 0.799439
1954.607788 0.000000 2279.752930 0.000000 0.323737 0.000000 0.946147 0.673581 0.673581 0.673581
1953.569214 0.000000 2281.283936 0.000000 0.974529 0.000000 -0.224264 1.234559 1.234559 1.234559
1980.726318 0.000000 2275.323975 0.000000 0.999954 0.000000 -0.009635 1.201472 1.201472 1.201472
1951.770264 0.000000 2288.114990 0.000000 0.753094 0.000000 -0.657913 1.309709 1.309709 1.309709
1956.214478 0.000000 2282.833252 0.000000 0.962803 0.000000 -0.270206 1.103826 1.103826 1.103826
1981.234497 0.000000 2273.834229 0.000000 0.958323 0.000000 -0.285688 1.244267 1.244267 1.244267
1982.036621 0.000000 2279.693604 0.000000 0.887116 0.000000 0.461547 0.751134 0.751134 0.751134
1956.346558 0.000000 2287.587646 0.000000 0.988681 0.000000 0.150032 0.784660 0.784660 0.784660
1956.973145 0.000000 2284.206787 0.000000 0.933452 0.000000 -0.358701 0.837370 0.837370 0.837370
1983.139526 0.000000 2271.954590 0.000000 0.302913 0.000000 -0.953018 1.392980 1.392980 1.392980
1955.677002 0.000000 2285.734619 0.000000 0.183837 0.000000 -0.982957 1.411751 1.411751 1.411751
1981.299683 0.000000 2276.720459 0.000000 0.723755 0.000000 0.690057 0.722427 0.722427 0.722427
1954.799438 0.000000 2288.702637 0.000000 0.715380 0.000000 -0.698735 0.878801 0.878801 0.878801
1954.731079 0.000000 2282.806396 0.000000 0.663848 0.000000 -0.747868 1.329083 1.329083 1.329083
1978.087036 0.000000 2274.601318 0.000000 0.567414 0.000000 -0.823432 0.898542 0.898542 0.898542
1983.706909 0.000000 2276.260010 0.000000 0.418476 0.000000 0.908228 1.025969 1.025969 1.025969
1954.619263 0.000000 2278.342041 0.000000 0.728208 0.000000 -0.685356 0.876913 0.876913 0.876913
1979.260010 0.000000 2275.363281 0.000000 0.965487 0.000000 -0.260452 0.826839 0.826839 0.826839
1978.828003 0.000000 2272.802246 0.000000 0.762125 0.000000 0.647430 1.092405 1.092405 1.092405
1980.402344 0.000000 2272.769775 0.000000 0.432770 0.000000 0.901504 1.028383 1.028383 1.028383
1982.601318 0.000000 2277.182617 0.000000 0.027102 0.000000 -0.999633 1.435859 1.435859 1.435859
1953.877808 0.000000 2286.177002 0.000000 0.837380 0.000000 0.546622 1.111639 1.111639 1.111639
1955.876709 0.000000 2280.036377 0.000000 0.931391 0.000000 -0.364021 1.256926 1.256926 1.256926
1951.823853 0.000000 2282.750488 0.000000 0.901580 0.000000 -0.432612 0.845571 0.845571 0.845571
1953.118652 0.000000 2289.746094 0.000000 0.376875 0.000000 0.926264 1.019041 1.019041 1.019041
1982.986084 0.000000 2278.851074 0.000000 0.661517 0.000000 0.749930 0.713628 0.713628 0.713628
1955.066895 0.000000 2289.981689 0.000000 0.998149 0.000000 -0.060823 0.806199 0.806199 0.806199
1983.183105 0.000000 2274.708740 0.000000 0.570659 0.000000 0.821187 1.052790 1.052790 1.052790
1953.474854 0.000000 2287.273193 0.000000 0.772071 0.000000 0.635536 1.094774 1.094774 1.094774
1952.155273 0.000000 2278.633301 0.000000 0.371808 0.000000 0.928310 0.678804 0.678804 0.678804
1954.298584 0.000000 2283.898926 0.000000 0.998567 0.000000 -0.053523 1.208182 1.208182 1.208182
1976.450684 0.000000 2272.831543 0.000000 0.314119 0.000000 0.949384 0.672547 0.672547 0.672547
1951.824951 0.000000 2285.515137 0.000000 0.276105 0.000000 -0.961127 1.397259 1.397259 1.397259
1952.823486 0.000000 2284.014404 0.000000 0.934412 0.000000 0.356193 1.144356 1.144356 1.144356
1953.720459 0.000000 2278.990723 0.000000 0.730526 0.000000 -0.682885 0.876568 0.876568 0.876568
1956.960449 0.000000 2281.925781 0.000000 0.582740 0.000000 -0.812659 0.896634 0.896634 0.896634
1981.853394 0.000000 2272.936523 0.000000 0.946794 0.000000 -0.321839 1.250064 1.250064 1.250064
1982.088135 0.000000 2274.509766 0.000000 0.776113 0.000000 0.630594 1.095749 1.095749 1.095749
1952.664307 0.000000 2280.741943 0.000000 0.173976 0.000000 0.984750 0.986718 0.986718 0.986718
1952.814453 0.000000 2282.022461 0.000000 0.989779 0.000000 0.142611 1.178136 1.178136 1.178136
1954.682373 0.000000 2285.311768 0.000000 0.645904 0.000000 0.763419 1.067289 1.067289 1.067289
1956.543213 0.000000 2285.170166 0.000000 0.355210 0.000000 0.934787 0.676989 0.676989 0.676989
1954.423096 0.000000 2281.829102 0.000000 0.988194 0.000000 -0.153210 1.223501 1.223501 1.223501
1953.669434 0.000000 2280.232422 0.000000 0.692562 0.000000 -0.721359 1.323111 1.323111 1.323111
1976.739258 0.000000 2273.979736 0.000000 0.351116 0.000000 0.936332 0.676543 0.676543 0.676543
1952.443115 0.000000 2288.881836 0.000000 0.634897 0.000000 -0.772597 1.334900 1.334900 1.334900
1976.982056 0.000000 2271.992432 0.000000 0.661113 0.000000 0.750286 1.070360 1.070360 1.070360
1983.545654 0.000000 2272.855957 0.000000 0.595629 0.000000 -0.803260 1.342513 1.342513 1.342513
1954.552246 0.000000 2280.843750 0.000000 0.314989 0.000000 -0.949095 1.391040 1.391040 1.391040
1952.511841 0.000000 2287.443848 0.000000 0.967675 0.000000 0.252202 1.161046 1.161046 1.161046
1978.380127 0.000000 2273.669678 0.000000 0.926082 0.000000 0.377321 1.140886 1.140886 1.140886
1952.685791 0.000000 2285.071045 0.000000 0.999519 0.000000 0.031006 1.195262 1.195262 1.195262
1980.620361 0.000000 2271.446045 0.000000 0.857790 0.000000 -0.514000 1.282482 1.282482 1.282482
1954.187012 0.000000 2287.915039 0.000000 0.999375 0.000000 -0.035339 1.205400 1.205400 1.205400
1980.404541 0.000000 2274.380615 0.000000 0.399258 0.000000 -0.916839 1.377249 1.377249 1.377249
1957.831543 0.000000 2283.881836 0.000000 0.292000 0.000000 0.956418 0.893577 0.893577 0.893577
1978.735229 0.000000 2271.873047 0.000000 0.077245 0.000000 -0.997012 1.428186 1.428186 1.428186
1957.066528 0.000000 2283.297119 0.000000 0.024923 0.000000 0.999689 0.856719 0.856719 0.856719
1954.788940 0.000000 2286.260254 0.000000 0.593517 0.000000 0.804822 1.057085 1.057085 1.057085
1982.332031 0.000000 2271.491699 0.000000 0.242927 0.000000 -0.970045 1.402508 1.402508 1.402508
1981.506348 0.000000 2275.795898 0.000000 0.875481 0.000000 0.483252 1.122939 1.122939 1.122939
1956.195557 0.000000 2283.744629 0.000000 0.171279 0.000000 -0.985223 1.256623 1.256623 1.256623
1980.004761 0.000000 2275.823730 0.000000 0.213256 0.000000 0.976996 0.992835 0.992835 0.992835
1982.144775 0.000000 2276.425537 0.000000 0.482223 0.000000 -0.876049 1.363118 1.363118 1.363118
1955.471191 0.000000 2282.318359 0.000000 0.873092 0.000000 0.487556 1.122186 1.122186 1.122186
1955.454712 0.000000 2283.304443 0.000000 0.132722 0.000000 -0.991153 1.419662 1.419662 1.419662
1952.038940 0.000000 2283.595215 0.000000 0.809677 0.000000 -0.586876 1.295828 1.295828 1.295828
1979.648071 0.000000 2273.182617 0.000000 0.261324 0.000000 0.965251 1.000396 1.000396 1.000396
1982.726929 0.000000 2272.729248 0.000000 0.520413 0.000000 -0.853915 1.356374 1.356374 1.356374
1953.703613 0.000000 2282.230957 0.000000 0.880548 0.000000 0.473956 1.124556 1.124556 1.124556
1951.811768 0.000000 2286.969238 0.000000 0.998388 0.000000 -0.056752 1.208676 1.208676 1.208676
1951.770752 0.000000 2290.836182 0.000000 0.922553 0.000000 0.385872 1.139472 1.139472 1.139472
1953.150879 0.000000 2285.791016 0.000000 0.774086 0.000000 0.633080 1.095259 1.095259 1.095259
1955.155640 0.000000 2287.972656 0.000000 0.849041 0.000000 -0.528327 1.285047 1.285047 1.285047
1983.360229 0.000000 2275.515869 0.000000 0.973049 0.000000 0.230597 1.164447 1.164447 1.164447
1994.240967 0.000000 2268.976318 0.000000 0.950171 0.000000 0.311729 1.151564 1.151564 1.151564
1983.913208 0.000000 2264.187012 0.000000 0.987906 0.000000 -0.155055 0.815858 0.815858 0.815858
1996.971802 0.000000 2263.706543 0.000000 0.987918 0.000000 -0.154980 1.223775 1.223775 1.223775
1986.606689 0.000000 2269.430176 0.000000 0.771302 0.000000 -0.636470 1.305411 1.305411 1.305411
1990.223267 0.000000 2266.232178 0.000000 0.399883 0.000000 -0.916566 1.377144 1.377144 1.377144
1999.359253 0.000000 2267.085938 0.000000 0.815438 0.000000 -0.578844 1.294318 1.294318 1.294318
2001.092773 0.000000 2262.728516 0.000000 0.486488 0.000000 0.873687 0.691751 0.691751 0.691751
1993.530518 0.000000 2264.773926 0.000000 0.968922 0.000000 0.247365 1.161809 1.161809 1.161809
1983.896973 0.000000 2267.497803 0.000000 0.877822 0.000000 -0.478988 0.850879 0.850879 0.850879
1990.833740 0.000000 2269.386719 0.000000 0.439196 0.000000 0.898391 1.029474 1.029474 1.029474
1997.254517 0.000000 2269.246826 0.000000 0.646589 0.000000 0.762839 1.067426 1.067426 1.067426
1998.129272 0.000000 2260.995605 0.000000 0.999982 0.000000 0.005932 0.799396 0.799396 0.799396
1996.052734 0.000000 2266.449951 0.000000 0.056688 0.000000 0.998392 0.968666 0.968666 0.968666
1994.311157 0.000000 2261.983154 0.000000 0.549340 0.000000 0.835599 0.699239 0.699239 0.699239
1983.917358 0.000000 2270.498291 0.000000 0.393142 0.000000 -0.919478 1.378266 1.378266 1.378266
1992.881348 0.000000 2271.101807 0.000000 0.188198 0.000000 -0.982131 1.411073 1.411073 1.411073
1992.595825 0.000000 2267.082764 0.000000 0.949929 0.000000 0.312467 1.151446 1.151446 1.151446
1999.301392 0.000000 2264.522217 0.000000 0.735198 0.000000 -0.677853 1.313803 1.313803 1.313803
1988.333984 0.000000 2267.750244 0.000000 0.929990 0.000000 0.367584 0.761659 0.761659 0.761659
1988.680664 0.000000 2270.521484 0.000000 0.998792 0.000000 -0.049132 1.207510 1.207510 1.207510
2001.244507 0.000000 2265.617432 0.000000 0.846803 0.000000 -0.531906 1.041999 1.041999 1.041999
1995.598755 0.000000 2270.597412 0.000000 0.673765 0.000000 0.738946 0.715304 0.715304 0.715304
1986.195068 0.000000 2267.447998 0.000000 0.976047 0.000000 0.217558 0.777661 0.777661 0.777661
1996.294678 0.000000 2261.880371 0.000000 0.709412 0.000000 0.704794 0.720333 0.720333 0.720333
1999.289185 0.000000 2269.403320 0.000000 0.847020 0.000000 -0.531562 0.857086 0.857086 0.857086
1997.972412 0.000000 2265.814209 0.000000 0.074438 0.000000 0.997226 0.971384 0.971384 0.971384
1985.727417 0.000000 2271.116211 0.000000 0.018341 0.000000 -0.999832 1.437198 1.437198 1.437198
1998.636108 0.000000 2262.794189 0.000000 0.714584 0.000000 0.699549 1.081624 1.081624 1.081624
1995.034912 0.000000 2263.619873 0.000000 0.983725 0.000000 0.179680 1.172397 1.172397 1.172397
1994.331421 0.000000 2266.818115 0.000000 0.099931 0.000000 -0.994994 1.424706 1.424706 1.424706
1984.926514 0.000000 2268.942627 0.000000 0.913779 0.000000 0.406212 1.136088 1.136088 1.136088
1997.463257 0.000000 2267.500488 0.000000 0.059656 0.000000 -0.998219 1.430880 1.430880 1.430880
1995.855957 0.000000 2268.251465 0.000000 0.761383 0.000000 0.648302 1.092230 1.092230 1.092230
1992.454590 0.000000 2268.934570 0.000000 0.389585 0.000000 -0.920991 1.378857 1.378857 1.378857
1991.096069 0.000000 2267.752441 0.000000 0.693351 0.000000 -0.720600 1.322944 1.322944 1.322944
1989.238892 0.000000 2269.039062 0.000000 0.818909 0.000000 0.573923 1.106602 1.106602 1.106602
1990.210815 0.000000 2270.841309 0.000000 0.655522 0.000000 -0.755176 1.330775 1.330775 1.330775
1996.058228 0.000000 2264.921143 0.000000 0.407098 0.000000 -0.913385 1.375940 1.375940 1.375940
2000.854370 0.000000 2264.195068 0.000000 0.991967 0.000000 0.126498 0.956843 0.956843 0.956843
1994.178467 0.000000 2270.466064 0.000000 0.843799 0.000000 0.536659 0.742299 0.742299 0.742299
1999.880615 0.000000 2265.766602 0.000000 0.991674 0.000000 0.128777 1.180269 1.180269 1.180269
1991.624512 0.000000 2270.532959 0.000000 0.047152 0.000000 0.998888 0.967207 0.967207 0.967207
1987.130859 0.000000 2270.710693 0.000000 0.989923 0.000000 -0.141604 1.221709 1.221709 1.221709
1994.757568 0.000000 2265.339355 0.000000 0.863189 0.000000 0.504881 1.119138 1.119138 1.119138
1988.143677 0.000000 2266.285889 0.000000 0.311196 0.000000 0.950346 0.672234 0.672234 0.672234
1989.773804 0.000000 2267.505615 0.000000 0.737929 0.000000 0.674878 0.724543 0.724543 0.724543
1999.835327 0.000000 2262.156494 0.000000 0.633269 0.000000 0.773932 1.064778 1.064778 1.064778
1987.916382 0.000000 2268.998535 0.000000 0.728208 0.000000 0.685356 1.084630 1.084630 1.084630
1993.429321 0.000000 2267.992188 0.000000 0.750622 0.000000 -0.660732 1.310282 1.310282 1.310282
1997.357422 0.000000 2262.510254 0.000000 0.006997 0.000000 0.999976 0.961069 0.961069 0.961069
1993.061279 0.000000 2265.922363 0.000000 0.111354 0.000000 0.993781 0.977049 0.977049 0.977049
1997.916260 0.000000 2264.581299 0.000000 0.663357 0.000000 0.748303 1.070817 1.070817 1.070817
1999.921875 0.000000 2263.393799 0.000000 0.953668 0.000000 -0.300861 1.246691 1.246691 1.246691
1995.401367 0.000000 2269.413330 0.000000 0.454740 0.000000 -0.890624 1.367871 1.367871 1.367871
1992.556885 0.000000 2264.079590 0.000000 0.848113 0.000000 0.529815 1.114685 1.114685 1.114685
1983.786011 0.000000 2268.731689 0.000000 0.928507 0.000000 0.371314 1.141876 1.141876 1.141876
1987.096069 0.000000 2268.143066 0.000000 0.087766 0.000000 -0.996141 1.426573 1.426573 1.426573
1993.094238 0.000000 2269.930420 0.000000 0.968751 0.000000 0.248034 1.161703 1.161703 1.161703
1994.726318 0.000000 2267.908203 0.000000 0.844050 0.000000 0.536264 1.113521 1.113521 1.113521
1996.018433 0.000000 2263.042236 0.000000 0.295317 0.000000 0.955399 1.005804 1.005804 1.005804
1985.017700 0.000000 2270.202148 0.000000 0.941981 0.000000 -0.335667 1.252302 1.252302 1.252302
1996.874390 0.000000 2265.712402 0.000000 0.890896 0.000000 0.454207 1.127963 1.127963 1.127963
1991.264526 0.000000 2266.541260 0.000000 0.338307 0.000000 0.941036 1.012730 1.012730 1.012730
1990.175049 0.000000 2268.504150 0.000000 0.095285 0.000000 -0.995450 1.425419 1.425419 1.425419
1989.189575 0.000000 2266.509766 0.000000 0.890350 0.000000 -0.455277 0.848147 0.848147 0.848147
1985.944580 0.000000 2268.501953 0.000000 0.574729 0.000000 -0.818344 1.346452 1.346452 1.346452
1998.276978 0.000000 2266.793213 0.000000 0.988139 0.000000 0.153560 1.176445 1.176445 1.176445
1989.879883 0.000000 2269.881592 0.000000 0.957837 0.000000 -0.287311 1.244526 1.244526 1.244526
1995.224487 0.000000 2262.410156 0.000000 0.173245 0.000000 0.984879 0.986604 0.986604 0.986604
1992.084961 0.000000 2267.980469 0.000000 0.029114 0.000000 0.999576 0.964449 0.964449 0.964449
1996.884033 0.000000 2268.310547 0.000000 0.472166 0.000000 -0.881510 1.364867 1.364867 1.364867
1997.947754 0.000000 2263.549316 0.000000 0.788369 0.000000 0.615202 1.098756 1.098756 1.098756
1996.442871 0.000000 2267.415039 0.000000 0.935898 0.000000 -0.352271 1.255003 1.255003 1.255003
1995.355103 0.000000 2267.169922 0.000000 0.728953 0.000000 -0.684564 1.315204 1.315204 1.315204
1998.937378 0.000000 2266.046875 0.000000 0.671985 0.000000 0.740565 1.072588 1.072588 1.072588
1986.102051 0.000000 2270.242432 0.000000 0.494198 0.000000 0.869350 1.038978 1.038978 1.038978
1994.435913 0.000000 2264.402100 0.000000 0.828058 0.000000 -0.560643 1.290934 1.290934 1.290934
1997.315186 0.000000 2266.548828 0.000000 0.115403 0.000000 0.993319 0.977672 0.977672 0.977672
2001.829346 0.000000 2264.228271 0.000000 0.231906 0.000000 0.972738 0.807020 0.807020 0.807020
1996.321289 0.000000 2269.276123 0.000000 0.730783 0.000000 -0.682609 1.314794 1.314794 1.314794
1984.182251 0.000000 2269.576660 0.000000 0.420708 0.000000 0.907196 1.026345 1.026345 1.026345
1987.832886 0.000000 2269.945557 0.000000 0.796677 0.000000 0.604406 1.100837 1.100837 1.100837
1984.675293 0.000000 2268.047119 0.000000 0.861256 0.000000 0.508171 1.118554 1.118554 1.118554
1995.123657 0.000000 2266.250244 0.000000 0.918203 0.000000 0.396111 1.137773 1.137773 1.137773
2000.404175 0.000000 2265.014160 0.000000 0.327542 0.000000 0.944836 0.819361 0.819361 0.819361
1998.902100 0.000000 2263.683105 0.000000 0.915106 0.000000 0.403212 1.136589 1.136589 1.136589
1993.985840 0.000000 2265.968018 0.000000 0.819429 0.000000 0.573180 1.106741 1.106741 1.106741
1992.558472 0.000000 2265.056396 0.000000 0.996667 0.000000 0.081580 1.187522 1.187522 1.187522
1998.624634 0.000000 2265.167236 0.000000 0.439366 0.000000 0.898308 1.029503 1.029503 1.029503
1991.404541 0.000000 2268.656982 0.000000 0.731838 0.000000 -0.681479 1.314558 1.314558 1.314558
1993.502319 0.000000 2267.116211 0.000000 0.767830 0.000000 -0.640653 1.306241 1.306241 1.306241
1995.829834 0.000000 2264.066650 0.000000 0.162696 0.000000 -0.986676 1.415031 1.415031 1.415031
1991.802124 0.000000 2269.630127 0.000000 0.064583 0.000000 -0.997912 1.430126 1.430126 1.430126
1985.733032 0.000000 2269.363770 0.000000 0.387130 0.000000 -0.922025 1.379264 1.379264 1.379264
1994.456177 0.000000 2262.873291 0.000000 0.365961 0.000000 -0.930630 1.382756 1.382756 1.382756
1989.151367 0.000000 2268.128662 0.000000 0.137900 0.000000 0.990446 0.981137 0.981137 0.981137
1990.539673 0.000000 2267.049561 0.000000 0.863782 0.000000 0.503866 1.119317 1.119317 1.119317
1997.779663 0.000000 2268.534912 0.000000 0.121236 0.000000 0.992624 0.978569 0.978569 0.978569
1996.889526 0.000000 2264.721924 0.000000 0.649415 0.000000 0.760434 1.067993 1.067993 1.067993
1990.828735 0.000000 2270.231689 0.000000 0.091800 0.000000 -0.995777 1.425954 1.425954 1.425954
1993.345093 0.000000 2269.141113 0.000000 0.720124 0.000000 -0.693845 1.317161 1.317161 1.317161
1988.626343 0.000000 2269.600830 0.000000 0.984542 0.000000 -0.175148 1.226899 1.226899 1.226899
1995.237061 0.000000 2264.659668 0.000000 0.157070 0.000000 0.987588 0.984098 0.984098 0.984098
1992.061646 0.000000 2266.407227 0.000000 0.054012 0.000000 0.998540 0.968257 0.968257 0.968257
1991.058594 0.000000 2271.134277 0.000000 0.127279 0.000000 -0.991867 1.420500 1.420500 1.420500
1988.364624 0.000000 2271.330078 0.000000 0.401613 0.000000 0.915810 1.023144 1.023144 1.023144
1984.623413 0.000000 2270.951904 0.000000 0.858325 0.000000 -0.513106 1.282323 1.282323 1.282323
1991.769409 0.000000 2267.214355 0.000000 0.979845 0.000000 -0.199761 1.230728 1.230728 1.230728
1989.401001 0.000000 2271.104980 0.000000 0.441656 0.000000 0.897184 1.029892 1.029892 1.029892
1984.058350 0.000000 2272.003662 0.000000 0.504994 0.000000 0.863123 1.040883 1.040883 1.040883
1987.968018 0.000000 2278.677246 0.000000 0.827467 0.000000 0.561514 0.739270 0.739270 0.739270
1990.394043 0.000000 2271.598145 0.000000 0.891750 0.000000 0.452528 1.128251 1.128251 1.128251
1991.121216 0.000000 2275.857666 0.000000 0.996605 0.000000 0.082335 0.791604 0.791604 0.791604
1984.758301 0.000000 2276.022949 0.000000 0.235144 0.000000 0.971960 0.996267 0.996267 0.996267
1995.345825 0.000000 2271.632568 0.000000 0.823474 0.000000 0.567354 0.738550 0.738550 0.738550
1987.927979 0.000000 2274.254639 0.000000 0.830284 0.000000 -0.557340 1.290326 1.290326 1.290326
1984.807495 0.000000 2279.628662 0.000000 0.676848 0.000000 -0.736123 1.326406 1.326406 1.326406
1992.858154 0.000000 2273.392334 0.000000 0.865103 0.000000 -0.501594 0.853521 0.853521 0.853521
1987.556030 0.000000 2271.450439 0.000000 0.226146 0.000000 0.974093 0.994854 0.994854 0.994854
1985.641479 0.000000 2273.861572 0.000000 0.432231 0.000000 -0.901763 1.371709 1.371709 1.371709
1990.128662 0.000000 2273.871338 0.000000 0.298626 0.000000 0.954370 0.670889 0.670889 0.670889
1986.685303 0.000000 2276.927246 0.000000 0.294535 0.000000 -0.955641 1.394321 1.394321 1.394321
1983.845093 0.000000 2274.379150 0.000000 0.932543 0.000000 0.361059 1.143559 1.143559 1.143559
1985.158081 0.000000 2277.858398 0.000000 0.876086 0.000000 -0.482154 1.276870 1.276870 1.276870
1988.934937 0.000000 2272.566895 0.000000 0.996687 0.000000 0.081327 1.187560 1.187560 1.187560
1992.312744 0.000000 2271.663086 0.000000 0.997447 0.000000 0.071405 1.189081 1.189081 1.189081
1986.603882 0.000000 2279.752930 0.000000 0.655277 0.000000 -0.755389 0.887217 0.887217 0.887217
1985.967896 0.000000 2272.201172 0.000000 0.991509 0.000000 -0.130039 1.219925 1.219925 1.219925
1986.626221 0.000000 2275.314209 0.000000 0.702315 0.000000 -0.711866 1.321032 1.321032 1.321032
1991.362305 0.000000 2272.805176 0.000000 0.874604 0.000000 0.484839 0.748441 0.748441 0.748441
1987.341553 0.000000 2272.906494 0.000000 0.068605 0.000000 -0.997644 1.429510 1.429510 1.429510
1987.914062 0.000000 2275.572510 0.000000 0.766086 0.000000 -0.642739 1.306657 1.306657 1.306657
1987.899902 0.000000 2277.390625 0.000000 0.968620 0.000000 -0.248547 1.238378 1.238378 1.238378
1984.499146 0.000000 2273.233154 0.000000 0.999769 0.000000 -0.021490 1.203284 1.203284 1.203284
1984.134888 0.000000 2277.169434 0.000000 0.395226 0.000000 0.918584 1.022080 1.022080 1.022080
1985.167603 0.000000 2274.932373 0.000000 0.770973 0.000000 -0.636868 1.305490 1.305490 1.305490
1984.151367 0.000000 2278.633301 0.000000 0.385418 0.000000 0.922742 1.020453 1.020453 1.020453
1985.570557 0.000000 2276.811523 0.000000 0.832498 0.000000 0.554028 1.110283 1.110283 1.110283
1986.761841 0.000000 2273.909912 0.000000 0.884601 0.000000 0.466349 1.125873 1.125873 1.125873
1988.925537 0.000000 2273.718018 0.000000 0.994826 0.000000 0.101598 1.184450 1.184450 1.184450
1989.164795 0.000000 2271.454834 0.000000 0.094697 0.000000 0.995506 0.974490 0.974490 0.974490
1985.716553 0.000000 2278.990723 0.000000 0.999616 0.000000 -0.027698 1.204232 1.204232 1.204232
1985.061890 0.000000 2271.527100 0.000000 0.359934 0.000000 0.932978 1.016256 1.016256 1.016256
1989.977051 0.000000 2272.618408 0.000000 0.608609 0.000000 -0.793470 1.340029 1.340029 1.340029
1983.826538 0.000000 2275.482910 0.000000 0.820445 0.000000 0.571725 1.107012 1.107012 1.107012
1985.734375 0.000000 2275.851562 0.000000 0.897774 0.000000 -0.440456 1.269688 1.269688 1.269688
1987.539429 0.000000 2276.469971 0.000000 0.978037 0.000000 -0.208431 1.232081 1.232081 1.232081
1985.404419 0.000000 2272.944824 0.000000 0.310143 0.000000 0.950690 1.008181 1.008181 1.008181
1991.297119 0.000000 2271.873291 0.000000 0.931309 0.000000 0.364229 1.143040 1.143040 1.143040
1986.588745 0.000000 2271.467285 0.000000 0.877437 0.000000 -0.479692 1.276441 1.276441 1.276441
1988.078857 0.000000 2272.242676 0.000000 0.566215 0.000000 -0.824258 1.348036 1.348036 1.348036
1984.783569 0.000000 2274.120605 0.000000 0.754256 0.000000 0.656581 1.090561 1.090561 1.090561
1986.381592 0.000000 2273.001953 0.000000 0.999676 0.000000 0.025444 1.196112 1.196112 1.196112
1988.088745 0.000000 2273.387451 0.000000 0.354142 0.000000 -0.935192 1.384691 1.384691 1.384691
1986.047119 0.000000 2274.640381 0.000000 0.028494 0.000000 -0.999594 1.435646 1.435646 1.435646
1986.030396 0.000000 2277.646240 0.000000 0.445737 0.000000 -0.895164 1.369412 1.369412 1.369412
1987.178711 0.000000 2274.674805 0.000000 0.183639 0.000000 -0.982994 1.411782 1.411782 1.411782
1984.802490 0.000000 2272.381592 0.000000 0.092990 0.000000 0.995667 0.974228 0.974228 0.974228
1983.956177 0.000000 2276.351562 0.000000 0.448650 0.000000 -0.893708 1.368915 1.368915 1.368915
1993.128296 0.000000 2271.644775 0.000000 0.709273 0.000000 -0.704934 1.319531 1.319531 1.319531
1983.799072 0.000000 2272.797852 0.000000 0.291929 0.000000 -0.956440 1.394737 1.394737 1.394737
1987.118286 0.000000 2277.707520 0.000000 0.998377 0.000000 -0.056958 1.208707 1.208707 1.208707
1594.401855 0.000000 2333.541504 0.000000 0.197372 0.000000 0.980329 0.660237 0.660237 0.660237
1592.987427 0.000000 2330.824951 0.000000 0.027008 0.000000 0.999635 0.642751 0.642751 0.642751
1595.832764 0.000000 2334.907471 0.000000 0.064934 0.000000 0.997890 0.646619 0.646619 0.646619
1594.466309 0.000000 2331.622803 0.000000 0.971276 0.000000 -0.237958 0.824473 0.824473 0.824473
1593.512695 0.000000 2334.948486 0.000000 0.257325 0.000000 -0.966325 0.933491 0.933491 0.933491
1595.715088 0.000000 2330.528564 0.000000 0.093755 0.000000 0.995595 0.649564 0.649564 0.649564
1578.291748 0.000000 2364.952881 0.000000 0.746239 0.000000 0.665678 0.725806 0.725806 0.725806
1583.291748 0.000000 2346.882324 0.000000 0.678489 0.000000 0.734611 0.715957 0.715957 0.715957
1574.274048 0.000000 2362.208740 0.000000 0.726420 0.000000 -0.687251 0.877178 0.877178 0.877178
1589.656860 0.000000 2339.739258 0.000000 0.005377 0.000000 -0.999986 0.959452 0.959452 0.959452
1593.894775 0.000000 2335.479736 0.000000 0.097904 0.000000 0.995196 0.649988 0.649988 0.649988
1586.584595 0.000000 2337.311279 0.000000 0.649596 0.000000 -0.760279 0.887980 0.887980 0.887980
1586.378662 0.000000 2348.192139 0.000000 0.920529 0.000000 0.390674 0.759117 0.759117 0.759117
1598.567627 0.000000 2354.603271 0.000000 0.117364 0.000000 -0.993089 0.948018 0.948018 0.948018
1591.769165 0.000000 2337.800293 0.000000 0.698471 0.000000 0.715638 0.718764 0.718764 0.718764
1580.649170 0.000000 2345.270752 0.000000 0.437152 0.000000 -0.899388 0.913916 0.913916 0.913916
1586.235229 0.000000 2351.664795 0.000000 0.837118 0.000000 0.547022 0.741044 0.741044 0.741044
1597.758545 0.000000 2342.146729 0.000000 0.999803 0.000000 -0.019870 1.203036 1.203036 1.203036
1576.932129 0.000000 2367.078369 0.000000 0.974858 0.000000 0.222827 0.777111 0.777111 0.777111
1572.731445 0.000000 2366.498047 0.000000 0.512014 0.000000 -0.858977 0.905248 0.905248 0.905248
1584.265869 0.000000 2348.875977 0.000000 0.721238 0.000000 -0.692688 0.877944 0.877944 0.877944
1587.506470 0.000000 2339.318604 0.000000 0.350551 0.000000 0.936544 0.676482 0.676482 0.676482
1598.444824 0.000000 2352.065918 0.000000 0.991281 0.000000 -0.131765 0.813461 0.813461 0.813461
1579.649536 0.000000 2366.573975 0.000000 0.457690 0.000000 -0.889112 0.911577 0.911577 0.911577
1582.595337 0.000000 2344.953857 0.000000 0.761210 0.000000 0.648505 0.728126 0.728126 0.728126
1592.014160 0.000000 2335.742920 0.000000 0.902553 0.000000 0.430579 0.754659 0.754659 0.754659
1595.699585 0.000000 2335.654785 0.000000 0.903626 0.000000 -0.428323 0.845087 0.845087 0.845087
1593.532593 0.000000 2337.264404 0.000000 0.995514 0.000000 -0.094618 0.809652 0.809652 0.809652
1586.829346 0.000000 2349.961182 0.000000 0.713995 0.000000 -0.700151 0.879003 0.879003 0.879003
1579.906738 0.000000 2364.228027 0.000000 0.529871 0.000000 -0.848078 0.903117 0.903117 0.903117
1581.443848 0.000000 2346.770264 0.000000 0.983320 0.000000 0.181882 0.781370 0.781370 0.781370
1575.146851 0.000000 2363.729004 0.000000 0.583806 0.000000 0.811893 0.703500 0.703500 0.703500
1575.878296 0.000000 2361.593018 0.000000 0.981916 0.000000 0.189317 0.780599 0.780599 0.780599
1596.024536 0.000000 2342.225830 0.000000 0.611508 0.000000 0.791238 1.060530 1.060530 1.060530
1590.547119 0.000000 2336.878662 0.000000 0.322938 0.000000 -0.946420 0.926506 0.926506 0.926506
1586.017700 0.000000 2339.304688 0.000000 0.878297 0.000000 0.478116 0.749222 0.749222 0.749222
1578.229248 0.000000 2366.442627 0.000000 0.983524 0.000000 0.180779 0.781484 0.781484 0.781484
1574.091064 0.000000 2360.491699 0.000000 0.983708 0.000000 0.179773 0.781588 0.781588 0.781588
1596.818726 0.000000 2343.296631 0.000000 0.190550 0.000000 0.981677 0.989293 0.989293 0.989293
1579.452148 0.000000 2365.389893 0.000000 0.318296 0.000000 0.947991 0.672995 0.672995 0.672995
1592.497559 0.000000 2336.815918 0.000000 0.470240 0.000000 -0.882539 0.910134 0.910134 0.910134
1586.765625 0.000000 2338.495850 0.000000 0.683908 0.000000 0.729568 0.716711 0.716711 0.716711
1574.886597 0.000000 2361.294678 0.000000 0.955573 0.000000 -0.294754 0.830476 0.830476 0.830476
1596.898193 0.000000 2342.217041 0.000000 0.283612 0.000000 0.958939 1.003936 1.003936 1.003936
1599.901855 0.000000 2353.762207 0.000000 0.126777 0.000000 0.991931 0.652948 0.652948 0.652948
1602.990967 0.000000 2361.604736 0.000000 0.246002 0.000000 -0.969269 0.934683 0.934683 0.934683
1602.379517 0.000000 2359.152100 0.000000 0.496108 0.000000 -0.868261 0.907124 0.907124 0.907124
1601.391846 0.000000 2352.440430 0.000000 0.677769 0.000000 -0.735275 0.884143 0.884143 0.884143
1600.956543 0.000000 2361.830566 0.000000 0.795767 0.000000 -0.605603 0.866262 0.866262 0.866262
1600.744995 0.000000 2358.644287 0.000000 0.590021 0.000000 0.807388 0.704282 0.704282 0.704282
1600.634766 0.000000 2355.404297 0.000000 0.830896 0.000000 -0.556428 0.860105 0.860105 0.860105
1603.729370 0.000000 2358.308838 0.000000 0.708518 0.000000 -0.705693 0.879797 0.879797 0.879797
1584.415283 0.000000 2386.884521 0.000000 0.817396 0.000000 0.576076 0.780847 0.780847 0.780847
1579.411499 0.000000 2371.598145 0.000000 0.530882 0.000000 -0.847446 0.902996 0.902996 0.902996
1599.645020 0.000000 2375.992188 0.000000 0.644073 0.000000 -0.764964 0.888718 0.888718 0.888718
1575.171997 0.000000 2371.834229 0.000000 0.896585 0.000000 -0.442872 0.846733 0.846733 0.846733
1598.423828 0.000000 2371.557129 0.000000 0.637178 0.000000 0.770716 0.710368 0.710368 0.710368
1579.396606 0.000000 2367.609131 0.000000 0.161463 0.000000 -0.986879 0.943481 0.943481 0.943481
1587.832397 0.000000 2385.925781 0.000000 0.192257 0.000000 0.981345 0.659706 0.659706 0.659706
1588.493286 0.000000 2390.749756 0.000000 0.894129 0.000000 -0.447809 0.847295 0.847295 0.847295
1576.908936 0.000000 2369.368896 0.000000 0.834124 0.000000 -0.551577 1.289267 1.289267 1.289267
1582.180054 0.000000 2388.964355 0.000000 0.895875 0.000000 -0.444306 0.846896 0.846896 0.846896
1581.822388 0.000000 2385.445557 0.000000 0.391192 0.000000 0.920309 0.680940 0.680940 0.680940
1571.606812 0.000000 2367.427002 0.000000 0.983045 0.000000 -0.183362 0.818783 0.818783 0.818783
1597.758545 0.000000 2374.138916 0.000000 0.654315 0.000000 0.756222 0.712654 0.712654 0.712654
1578.189819 0.000000 2385.496094 0.000000 0.498303 0.000000 0.867003 0.693134 0.693134 0.693134
1574.179443 0.000000 2369.847900 0.000000 0.982446 0.000000 0.186549 0.780886 0.780886 0.780886
1597.230591 0.000000 2381.180420 0.000000 0.158603 0.000000 -0.987342 1.332391 1.332391 1.332391
1577.366211 0.000000 2372.118896 0.000000 0.280680 0.000000 -0.959801 0.931021 0.931021 0.931021
1599.801147 0.000000 2373.810791 0.000000 0.941327 0.000000 -0.337496 0.835066 0.835066 0.835066
1584.636963 0.000000 2384.865479 0.000000 0.285397 0.000000 0.958409 0.669480 0.669480 0.669480
1584.317261 0.000000 2388.850586 0.000000 0.822582 0.000000 -0.568647 0.861611 0.861611 0.861611
1578.760986 0.000000 2369.757568 0.000000 0.909432 0.000000 0.415852 0.756315 0.756315 0.756315
1579.988525 0.000000 2385.122070 0.000000 0.977119 0.000000 0.212694 0.778168 0.778168 0.778168
1582.559448 0.000000 2387.183350 0.000000 0.989706 0.000000 -0.143119 0.814628 0.814628 0.814628
1579.091309 0.000000 2373.364746 0.000000 0.931061 0.000000 -0.364863 0.838043 0.838043 0.838043
1572.985718 0.000000 2368.543457 0.000000 0.726721 0.000000 -0.686933 0.877134 0.877134 0.877134
1586.178589 0.000000 2386.602295 0.000000 0.664225 0.000000 -0.747533 0.886004 0.886004 0.886004
1589.501221 0.000000 2389.333252 0.000000 0.342670 0.000000 0.939456 0.675626 0.675626 0.675626
1577.867310 0.000000 2368.138916 0.000000 0.419325 0.000000 0.907836 1.026112 1.026112 1.026112
1598.083496 0.000000 2375.670166 0.000000 0.775085 0.000000 0.631857 0.730334 0.730334 0.730334
1596.024536 0.000000 2374.218018 0.000000 0.992065 0.000000 0.125728 0.787159 0.787159 0.787159
1586.475586 0.000000 2385.127441 0.000000 0.294290 0.000000 -0.955716 0.929573 0.929573 0.929573
1575.413086 0.000000 2368.781738 0.000000 0.923974 0.000000 0.382455 0.760025 0.760025 0.760025
1585.505615 0.000000 2387.936035 0.000000 0.024867 0.000000 0.999691 0.680330 0.680330 0.680330
1599.753784 0.000000 2372.236572 0.000000 0.796521 0.000000 0.604610 0.733865 0.733865 0.733865
1577.566650 0.000000 2370.655273 0.000000 0.678530 0.000000 0.734572 0.715963 0.715963 0.715963
1588.099121 0.000000 2389.179199 0.000000 0.524182 0.000000 0.851607 0.696201 0.696201 0.696201
1576.738281 0.000000 2373.310303 0.000000 0.246343 0.000000 0.969183 0.665353 0.665353 0.665353
1598.648193 0.000000 2373.159180 0.000000 0.507446 0.000000 0.861684 0.694211 0.694211 0.694211
1596.818726 0.000000 2375.288818 0.000000 0.272766 0.000000 -0.962080 0.931860 0.931860 0.931860
1599.032959 0.000000 2374.827637 0.000000 0.999644 0.000000 0.026688 0.797281 0.797281 0.797281
1576.447144 0.000000 2371.283447 0.000000 0.894423 0.000000 -0.447221 0.847228 0.847228 0.847228
1578.310425 0.000000 2384.285645 0.000000 0.285696 0.000000 0.958320 0.669512 0.669512 0.669512
1599.229980 0.000000 2370.685303 0.000000 0.998859 0.000000 -0.047755 0.804866 0.804866 0.804866
1577.949585 0.000000 2373.136230 0.000000 0.992617 0.000000 0.121289 0.787615 0.787615 0.787615
1589.807495 0.000000 2390.510742 0.000000 0.106860 0.000000 0.994274 0.650905 0.650905 0.650905
1573.215576 0.000000 2367.431396 0.000000 0.268595 0.000000 -0.963253 0.932301 0.932301 0.932301
1596.552612 0.000000 2380.259521 0.000000 0.405550 0.000000 0.914073 0.963578 0.963578 0.963578
1580.996826 0.000000 2384.807617 0.000000 0.907519 0.000000 -0.420011 0.844152 0.844152 0.844152
1577.882446 0.000000 2369.107910 0.000000 0.981112 0.000000 0.193441 1.170257 1.170257 1.170257
1576.915283 0.000000 2368.409180 0.000000 0.902340 0.000000 -0.431025 1.268087 1.268087 1.268087
1576.001587 0.000000 2369.491943 0.000000 0.934879 0.000000 0.354965 1.144557 1.144557 1.144557
1585.354736 0.000000 2387.029541 0.000000 0.925968 0.000000 0.377602 0.805299 0.805299 0.805299
1605.220093 0.000000 2382.044189 0.000000 0.392825 0.000000 0.919613 0.681121 0.681121 0.681121
1604.014893 0.000000 2374.653809 0.000000 0.941421 0.000000 0.337234 0.764963 0.764963 0.764963
1603.167725 0.000000 2388.763184 0.000000 0.909118 0.000000 -0.416538 0.843762 0.843762 0.843762
1607.670532 0.000000 2385.382324 0.000000 0.792957 0.000000 -0.609277 0.866733 0.866733 0.866733
1605.808350 0.000000 2378.660400 0.000000 0.498018 0.000000 -0.867167 0.906900 0.906900 0.906900
1604.981934 0.000000 2391.267822 0.000000 0.982495 0.000000 -0.186291 0.819087 0.819087 0.819087
1602.379517 0.000000 2391.144287 0.000000 0.963240 0.000000 0.268644 0.772296 0.772296 0.772296
1603.504517 0.000000 2380.230469 0.000000 0.985506 0.000000 0.169640 0.782637 0.782637 0.782637
1607.401123 0.000000 2383.069824 0.000000 0.930939 0.000000 0.365175 0.776863 0.776863 0.776863
1602.732178 0.000000 2372.903809 0.000000 0.809032 0.000000 0.587764 0.736003 0.736003 0.736003
1599.891968 0.000000 2370.355713 0.000000 0.005837 0.000000 0.999983 0.640595 0.640595 0.640595
1605.720337 0.000000 2374.156738 0.000000 0.666621 0.000000 0.745397 0.714323 0.714323 0.714323
1602.650757 0.000000 2375.729492 0.000000 0.992953 0.000000 0.118511 0.787900 0.787900 0.787900
1603.729370 0.000000 2390.301025 0.000000 0.167509 0.000000 0.985871 0.657143 0.657143 0.657143
1606.163818 0.000000 2385.963135 0.000000 0.979763 0.000000 -0.200161 0.820527 0.820527 0.820527
1605.016113 0.000000 2380.183350 0.000000 0.973250 0.000000 -0.229749 0.823613 0.823613 0.823613
1603.719971 0.000000 2381.711182 0.000000 0.478231 0.000000 0.878234 0.690791 0.690791 0.690791
1602.662231 0.000000 2374.318604 0.000000 0.644117 0.000000 -0.764927 0.888712 0.888712 0.888712
1605.136597 0.000000 2375.425049 0.000000 0.999832 0.000000 -0.018305 0.801865 0.801865 0.801865
1606.143555 0.000000 2382.980957 0.000000 0.578534 0.000000 0.815659 0.716621 0.716621 0.716621
1604.586182 0.000000 2381.146729 0.000000 0.980890 0.000000 -0.194563 0.819945 0.819945 0.819945
1919.605957 0.000000 2312.007812 0.000000 0.999989 0.000000 -0.004666 0.800475 0.800475 0.800475
1918.384766 0.000000 2307.572754 0.000000 0.346721 0.000000 -0.937968 0.923934 0.923934 0.923934
1918.498047 0.000000 2314.999268 0.000000 0.885636 0.000000 -0.464381 0.849191 0.849191 0.849191
1919.762085 0.000000 2309.826416 0.000000 0.554509 0.000000 -0.832178 0.900130 0.900130 0.900130
1918.838867 0.000000 2305.563477 0.000000 0.033817 0.000000 -0.999428 0.956555 0.956555 0.956555
1918.044434 0.000000 2311.685791 0.000000 0.769142 0.000000 0.639078 0.729381 0.729381 0.729381
1918.977783 0.000000 2313.468506 0.000000 0.985046 0.000000 0.172292 0.782362 0.782362 0.782362
1919.714722 0.000000 2308.252197 0.000000 0.498284 0.000000 -0.867014 0.906868 0.906868 0.906868
1918.609131 0.000000 2309.174805 0.000000 0.292507 0.000000 0.956263 0.670237 0.670237 0.670237
1918.993896 0.000000 2310.843262 0.000000 0.035555 0.000000 -0.999368 0.956378 0.956378 0.956378
1919.190918 0.000000 2306.700928 0.000000 0.119373 0.000000 0.992849 0.652188 0.652188 0.652188
1920.066162 0.000000 2303.995850 0.000000 0.213182 0.000000 0.977012 0.661883 0.661883 0.661883
1931.368530 0.000000 2307.613770 0.000000 0.947840 0.000000 -0.318747 1.249566 1.249566 1.249566
1941.906616 0.000000 2303.531250 0.000000 0.732861 0.000000 0.680378 0.723781 0.723781 0.723781
1923.975830 0.000000 2310.669434 0.000000 0.417140 0.000000 0.908842 1.025744 1.025744 1.025744
1937.763428 0.000000 2308.839111 0.000000 0.243745 0.000000 -0.969839 0.934920 0.934920 0.934920
1926.401855 0.000000 2303.590332 0.000000 0.332611 0.000000 -0.943064 0.925463 0.925463 0.925463
1921.278320 0.000000 2314.975830 0.000000 0.960597 0.000000 0.277945 0.771311 0.771311 0.771311
1934.820190 0.000000 2304.613281 0.000000 0.698933 0.000000 0.715187 1.078244 1.078244 1.078244
1920.766113 0.000000 2308.015137 0.000000 0.320916 0.000000 -0.947108 1.390084 1.390084 1.390084
1941.613892 0.000000 2307.747070 0.000000 0.986196 0.000000 0.165580 0.783056 0.783056 0.783056
1931.353638 0.000000 2303.624756 0.000000 0.996509 0.000000 0.083483 1.187230 1.187230 1.187230
1923.935791 0.000000 2306.246826 0.000000 0.969977 0.000000 0.243196 0.774978 0.774978 0.774978
1938.541626 0.000000 2305.319092 0.000000 0.573984 0.000000 0.818867 0.702273 0.702273 0.702273
1920.815308 0.000000 2311.620850 0.000000 0.998242 0.000000 -0.059272 1.209062 1.209062 1.209062
1928.865967 0.000000 2305.384521 0.000000 0.901075 0.000000 0.433663 0.754311 0.754311 0.754311
1934.862305 0.000000 2307.683838 0.000000 0.981222 0.000000 0.192880 0.780230 0.780230 0.780230
1923.563843 0.000000 2303.442627 0.000000 0.038776 0.000000 0.999248 0.643951 0.643951 0.643951
1923.376831 0.000000 2313.399658 0.000000 0.025245 0.000000 0.999681 0.642572 0.642572 0.642572
1932.651001 0.000000 2305.617432 0.000000 0.259996 0.000000 -0.965610 1.399814 1.399814 1.399814
1921.649292 0.000000 2305.853760 0.000000 0.168256 0.000000 -0.985743 1.414170 1.414170 1.414170
1936.947510 0.000000 2303.682861 0.000000 0.686855 0.000000 -0.726795 1.324316 1.324316 1.324316
1940.973267 0.000000 2305.581299 0.000000 0.283318 0.000000 -0.959026 0.930741 0.930741 0.930741
1936.693726 0.000000 2306.462891 0.000000 0.655471 0.000000 0.755220 0.712810 0.712810 0.712810
1939.463501 0.000000 2307.326416 0.000000 0.989119 0.000000 -0.147119 0.815040 0.815040 0.815040
1922.693115 0.000000 2308.919434 0.000000 0.997990 0.000000 -0.063377 1.170158 1.170158 1.170158
1935.939209 0.000000 2309.941406 0.000000 0.575830 0.000000 0.817570 0.702503 0.702503 0.702503
1939.370117 0.000000 2303.440430 0.000000 0.650548 0.000000 0.759465 0.712148 0.712148 0.712148
1919.896118 0.000000 2313.447266 0.000000 0.266525 0.000000 0.963828 0.667480 0.667480 0.667480
1930.718018 0.000000 2305.773193 0.000000 0.719056 0.000000 -0.694952 1.317396 1.317396 1.317396
1919.852905 0.000000 2306.371338 0.000000 0.973547 0.000000 0.228485 0.776519 0.776519 0.776519
1933.289795 0.000000 2303.559326 0.000000 0.181467 0.000000 0.983397 0.987881 0.987881 0.987881
1921.165894 0.000000 2309.850586 0.000000 0.411254 0.000000 0.911521 1.024756 1.024756 1.024756
1924.942749 0.000000 2304.559082 0.000000 0.010060 0.000000 0.999949 0.641025 0.641025 0.641025
1928.320557 0.000000 2303.655273 0.000000 0.128041 0.000000 -0.991769 1.420383 1.420383 1.420383
1922.611694 0.000000 2311.745117 0.000000 0.455311 0.000000 -0.890333 1.367774 1.367774 1.367774
1921.975708 0.000000 2304.193359 0.000000 0.335433 0.000000 0.942064 1.012264 1.012264 1.012264
1921.573120 0.000000 2313.276123 0.000000 0.725675 0.000000 0.688038 1.076982 1.076982 1.076982
1933.341919 0.000000 2307.101562 0.000000 0.875649 0.000000 -0.482947 0.984882 0.984882 0.984882
1922.634033 0.000000 2307.306396 0.000000 0.697738 0.000000 0.716353 0.718659 0.718659 0.718659
1936.421509 0.000000 2307.979736 0.000000 0.594385 0.000000 -0.804180 0.895167 0.895167 0.895167
1929.824341 0.000000 2304.154541 0.000000 0.247380 0.000000 0.968919 0.665462 0.665462 0.665462
1934.451050 0.000000 2306.112549 0.000000 0.313131 0.000000 0.949710 0.672441 0.672441 0.672441
1937.974731 0.000000 2307.312500 0.000000 0.469238 0.000000 -0.883072 0.910249 0.910249 0.910249
1923.349365 0.000000 2304.898682 0.000000 0.745695 0.000000 -0.666287 1.311416 1.311416 1.311416
1936.303955 0.000000 2305.047119 0.000000 0.543032 0.000000 -0.839712 1.352293 1.352293 1.352293
1940.606079 0.000000 2304.188721 0.000000 0.898196 0.000000 -0.439596 0.846361 0.846361 0.846361
1922.623169 0.000000 2310.334229 0.000000 0.907351 0.000000 0.420373 1.133712 1.133712 1.133712
1923.880615 0.000000 2312.028564 0.000000 0.375107 0.000000 -0.926981 0.920834 0.920834 0.920834
1923.921875 0.000000 2307.564697 0.000000 0.276473 0.000000 -0.961022 0.931467 0.931467 0.931467
1939.704102 0.000000 2305.904785 0.000000 0.261565 0.000000 -0.965186 0.933044 0.933044 0.933044
1923.907715 0.000000 2309.382812 0.000000 0.828385 0.000000 0.560159 1.072909 1.072909 1.072909
1935.666260 0.000000 2303.521240 0.000000 0.873954 0.000000 0.486008 1.122457 1.122457 1.122457
1938.208252 0.000000 2304.075684 0.000000 0.377734 0.000000 0.925914 0.679455 0.679455 0.679455
1920.506958 0.000000 2305.225342 0.000000 0.108613 0.000000 -0.994084 1.423372 1.423372 1.423372
1932.322388 0.000000 2304.418945 0.000000 0.495107 0.000000 -0.868832 1.360862 1.360862 1.360862
1920.142700 0.000000 2309.161621 0.000000 0.010216 0.000000 0.999948 0.961561 0.961561 0.961561
1933.632446 0.000000 2304.728516 0.000000 0.283618 0.000000 -0.958937 1.396063 1.396063 1.396063
1931.806030 0.000000 2306.464844 0.000000 0.986619 0.000000 0.163045 1.174977 1.174977 1.174977
1935.518799 0.000000 2306.667969 0.000000 0.687289 0.000000 -0.726384 0.882816 0.882816 0.882816
1921.175415 0.000000 2306.924561 0.000000 0.363696 0.000000 -0.931518 1.383127 1.383127 1.383127
1920.159180 0.000000 2310.625488 0.000000 0.123137 0.000000 0.992390 0.978862 0.978862 0.978862
1939.600952 0.000000 2304.745117 0.000000 0.490382 0.000000 -0.871508 0.907794 0.907794 0.907794
1937.372192 0.000000 2305.514160 0.000000 0.784404 0.000000 -0.620250 1.302225 1.302225 1.302225
1921.578369 0.000000 2308.803711 0.000000 0.997550 0.000000 -0.069959 1.210698 1.210698 1.210698
1922.769653 0.000000 2305.902100 0.000000 0.797618 0.000000 0.603163 1.101075 1.101075 1.101075
1925.172607 0.000000 2303.447021 0.000000 0.176108 0.000000 0.984371 0.987048 0.987048 0.987048
1921.724365 0.000000 2310.982910 0.000000 0.612423 0.000000 0.790530 1.060706 1.060706 1.060706
1938.722656 0.000000 2306.503662 0.000000 0.003398 0.000000 0.999994 0.640346 0.640346 0.640346
1931.306152 0.000000 2304.820312 0.000000 0.628478 0.000000 -0.777828 1.336166 1.336166 1.336166
1930.266968 0.000000 2307.524170 0.000000 0.491579 0.000000 -0.870833 1.361481 1.361481 1.361481
1920.668213 0.000000 2312.734131 0.000000 0.803359 0.000000 -0.595495 1.288981 1.288981 1.288981
1934.498291 0.000000 2303.596436 0.000000 0.144493 0.000000 -0.989506 1.417845 1.417845 1.417845
1932.396362 0.000000 2307.557129 0.000000 0.106749 0.000000 -0.994286 1.097986 1.097986 1.097986
1921.673340 0.000000 2312.224609 0.000000 0.965824 0.000000 -0.259199 1.231956 1.231956 1.231956
1935.372681 0.000000 2305.462158 0.000000 0.998729 0.000000 -0.050410 1.207705 1.207705 1.207705
1921.742188 0.000000 2307.843750 0.000000 0.973493 0.000000 0.228719 1.164742 1.164742 1.164742
1923.547241 0.000000 2308.462158 0.000000 0.763357 0.000000 -0.645977 1.264582 1.264582 1.264582
1930.897461 0.000000 2306.785156 0.000000 0.998525 0.000000 0.054302 1.191699 1.191699 1.191699
1921.412231 0.000000 2304.937012 0.000000 0.154085 0.000000 0.988058 0.983637 0.983637 0.983637
1933.595703 0.000000 2305.723633 0.000000 0.641311 0.000000 -0.767281 1.333628 1.333628 1.333628
1937.150269 0.000000 2304.604004 0.000000 0.884576 0.000000 -0.466396 1.274135 1.274135 1.274135
1920.791382 0.000000 2306.112793 0.000000 0.919265 0.000000 -0.393639 1.261817 1.261817 1.261817
1922.389404 0.000000 2304.994141 0.000000 0.611126 0.000000 -0.791534 1.339544 1.339544 1.339544
1922.038208 0.000000 2309.638428 0.000000 0.278157 0.000000 0.960536 0.970288 0.970288 0.970288
1923.153320 0.000000 2311.016846 0.000000 0.380188 0.000000 0.924909 1.019588 1.019588 1.019588
1930.689819 0.000000 2304.215088 0.000000 0.995079 0.000000 -0.099082 1.215163 1.215163 1.215163
1936.196167 0.000000 2304.186035 0.000000 0.845021 0.000000 -0.534733 1.286202 1.286202 1.286202
1920.810303 0.000000 2304.373779 0.000000 0.770381 0.000000 0.637583 1.094368 1.094368 1.094368
1931.768677 0.000000 2305.567627 0.000000 0.842300 0.000000 0.539010 1.113023 1.113023 1.113023
1929.136108 0.000000 2303.636963 0.000000 0.431865 0.000000 -0.901938 1.371771 1.371771 1.371771
1936.114624 0.000000 2305.836182 0.000000 0.354224 0.000000 0.935161 1.015322 1.015322 1.015322
1934.361328 0.000000 2305.308105 0.000000 0.369599 0.000000 -0.929192 1.382158 1.382158 1.382158
"}
